Order_ID,Actual_Ship_Mode,Predicted_Ship_Mode
CA-2011-169257,Standard Class,Standard Class
IN-2012-18434,Second Class,First Class
IN-2012-63262,Second Class,First Class
IN-2013-52804,Standard Class,Standard Class
CA-2012-110863,Standard Class,Standard Class
CA-2014-150987,Standard Class,Standard Class
CA-2013-129714,First Class,First Class
CA-2014-132234,First Class,Standard Class
ES-2011-5356008,Second Class,Standard Class
ID-2013-33967,First Class,Standard Class
ES-2011-3106999,Standard Class,Standard Class
IN-2012-10146,Standard Class,Standard Class
CA-2012-132465,Second Class,Standard Class
ES-2014-3305787,Standard Class,Standard Class
ES-2014-1173448,Standard Class,Standard Class
ES-2013-4817383,Standard Class,Standard Class
IR-2012-5730,Standard Class,Standard Class
ES-2013-3584378,Standard Class,Standard Class
IN-2014-26470,Standard Class,Standard Class
ES-2014-1178688,Standard Class,Standard Class
ID-2011-29389,Standard Class,Standard Class
CA-2012-158554,Same Day,Standard Class
CA-2014-147228,Standard Class,Standard Class
CA-2014-138464,Standard Class,Standard Class
CG-2012-8980,Standard Class,Standard Class
IN-2012-27562,Standard Class,Standard Class
ES-2014-1429134,Standard Class,Standard Class
CA-2012-148180,Standard Class,Standard Class
IN-2011-41254,Standard Class,Standard Class
CA-2013-156503,Standard Class,Standard Class
IN-2014-41345,Standard Class,Standard Class
IT-2011-1887131,Standard Class,Standard Class
IN-2011-68827,Standard Class,Standard Class
CA-2014-100230,Standard Class,Standard Class
IN-2011-45048,Standard Class,Standard Class
ID-2014-38433,Standard Class,Standard Class
IN-2014-41016,Standard Class,Standard Class
EG-2013-5000,Standard Class,Standard Class
IN-2012-26883,Standard Class,Standard Class
ES-2012-5642589,Standard Class,Standard Class
CA-2012-154284,Second Class,Standard Class
CA-2014-121300,Same Day,Standard Class
IN-2013-32945,Standard Class,Standard Class
ID-2013-83079,Standard Class,Standard Class
CA-2013-128923,Standard Class,Standard Class
ES-2014-1035204,Standard Class,Standard Class
CA-2014-143126,Second Class,Standard Class
CA-2012-118843,Standard Class,Standard Class
CA-2011-4370,Standard Class,Standard Class
CA-2014-159884,Standard Class,Standard Class
CA-2014-135860,Standard Class,Standard Class
ES-2014-4638849,Standard Class,Standard Class
ID-2014-75533,Standard Class,Standard Class
ES-2012-5669824,Standard Class,Standard Class
CA-2012-123141,Standard Class,Standard Class
IN-2014-49549,Standard Class,Standard Class
ES-2012-2942603,Standard Class,Standard Class
CA-2012-150770,First Class,First Class
IN-2014-51628,Second Class,Standard Class
ES-2012-3610099,Standard Class,Standard Class
ES-2012-1233460,Standard Class,Standard Class
ES-2011-5507767,Standard Class,Standard Class
CA-2012-111164,Standard Class,Standard Class
IR-2013-230,Standard Class,Standard Class
IT-2012-5715811,Standard Class,Standard Class
ID-2014-83828,Standard Class,Standard Class
ES-2013-1692384,Standard Class,Standard Class
ID-2011-77619,First Class,First Class
CA-2014-134565,Second Class,Standard Class
ES-2013-1608190,Standard Class,Standard Class
CG-2013-8500,Standard Class,Standard Class
CA-2013-168536,Standard Class,Standard Class
IN-2013-30229,Standard Class,Standard Class
ID-2012-12519,First Class,Standard Class
CA-2013-131205,Standard Class,Standard Class
CA-2011-103429,First Class,First Class
CM-2013-3040,Standard Class,Standard Class
IT-2012-1125357,Standard Class,Standard Class
ID-2014-34303,Standard Class,Standard Class
IN-2012-53518,Standard Class,Standard Class
IN-2013-71333,Same Day,First Class
ID-2011-75022,Standard Class,Standard Class
IN-2013-60007,Second Class,Standard Class
CA-2013-127761,Standard Class,Standard Class
CG-2011-1930,Standard Class,Standard Class
ES-2011-3870093,Second Class,Standard Class
IN-2012-72964,First Class,Second Class
ES-2013-1337770,Second Class,Standard Class
ID-2013-64711,Standard Class,Standard Class
CA-2011-122336,Second Class,Standard Class
CA-2011-106229,Second Class,Standard Class
ES-2014-3182169,Standard Class,Standard Class
ID-2014-68085,First Class,Standard Class
CG-2011-9150,Standard Class,Standard Class
IN-2014-72565,Second Class,Standard Class
CA-2014-161410,Standard Class,Standard Class
CA-2013-107202,Standard Class,Standard Class
IN-2013-59580,Standard Class,Standard Class
IT-2012-5647122,Standard Class,Standard Class
ES-2012-4457462,First Class,Standard Class
IN-2014-11763,First Class,Second Class
ID-2013-40708,Standard Class,Standard Class
ES-2013-5612922,Standard Class,Standard Class
ES-2012-3038461,Standard Class,Standard Class
CA-2012-113040,Standard Class,Standard Class
EG-2013-7420,Standard Class,Standard Class
CA-2011-9510,First Class,First Class
CA-2014-168109,Same Day,Standard Class
CA-2011-129364,Standard Class,Standard Class
ES-2014-4660203,Second Class,Standard Class
ID-2013-64011,Standard Class,Standard Class
ES-2011-1138719,Standard Class,Standard Class
IN-2014-62863,Standard Class,Standard Class
ID-2011-24160,Second Class,First Class
ID-2014-28822,Second Class,Standard Class
IN-2013-34471,Standard Class,Standard Class
IN-2014-48870,Standard Class,Standard Class
ID-2011-50802,Same Day,Standard Class
ES-2012-5954282,Standard Class,Standard Class
IN-2011-77892,Standard Class,Standard Class
IR-2011-5440,Standard Class,Standard Class
ID-2014-73678,Standard Class,Standard Class
ID-2011-65117,Standard Class,Standard Class
ES-2014-5297792,Standard Class,Standard Class
CA-2014-101210,Second Class,Standard Class
ID-2013-86915,Standard Class,Standard Class
ID-2012-38503,Same Day,Standard Class
CA-2012-119102,Standard Class,Standard Class
CA-2012-1220,Standard Class,Standard Class
GH-2014-9520,Standard Class,Standard Class
ES-2014-1572368,Same Day,Standard Class
CA-2011-163867,First Class,Standard Class
ID-2012-83898,Standard Class,Standard Class
CA-2014-128965,Standard Class,Standard Class
ES-2014-1779830,Standard Class,Standard Class
ES-2014-5329048,Standard Class,Standard Class
ES-2013-3339619,Standard Class,Standard Class
AJ-2012-7720,First Class,Standard Class
IN-2012-58754,Same Day,Standard Class
CA-2011-166191,Second Class,Standard Class
CA-2014-102099,First Class,Standard Class
IN-2014-58957,First Class,First Class
ID-2013-65432,Standard Class,Standard Class
CA-2014-125913,Same Day,Standard Class
ES-2014-1173448,Standard Class,Standard Class
EG-2013-8450,Standard Class,Standard Class
CA-2013-147536,Standard Class,Standard Class
CA-2013-157000,Standard Class,Standard Class
BO-2014-170,Standard Class,Standard Class
IN-2011-55268,First Class,Standard Class
IN-2011-50725,Standard Class,Standard Class
IR-2014-440,Second Class,Standard Class
CA-2014-122700,Standard Class,Standard Class
ID-2014-83219,Standard Class,Standard Class
CA-2012-270,Standard Class,Standard Class
ID-2012-83898,Standard Class,Standard Class
ES-2014-2228032,Second Class,Standard Class
ES-2012-3075381,Second Class,Standard Class
BU-2011-5830,Standard Class,Standard Class
CA-2011-164469,Second Class,Standard Class
IN-2013-29578,First Class,Standard Class
AL-2014-8450,Second Class,Standard Class
ES-2014-2769035,Standard Class,Standard Class
EG-2012-5130,Standard Class,Standard Class
ES-2014-3856656,Standard Class,Standard Class
ES-2012-1059749,First Class,Standard Class
CA-2014-167941,Second Class,Standard Class
IT-2011-3643140,Standard Class,Standard Class
IN-2013-81602,Standard Class,Standard Class
CA-2013-150343,Standard Class,Standard Class
IN-2014-32651,Second Class,Standard Class
CA-2011-169852,Standard Class,Standard Class
ES-2014-2275791,Standard Class,Standard Class
AU-2014-800,First Class,Standard Class
ES-2011-3028321,Standard Class,Standard Class
CA-2012-105347,Standard Class,Standard Class
CA-2012-102876,Standard Class,Standard Class
ID-2013-48856,Standard Class,Standard Class
IN-2014-46777,Standard Class,Standard Class
IN-2012-12589,Same Day,Standard Class
ES-2011-4919091,Second Class,Standard Class
BO-2012-5160,First Class,Standard Class
IN-2012-49731,Standard Class,Standard Class
ID-2013-11091,Standard Class,Standard Class
ID-2013-36312,Standard Class,Standard Class
ID-2011-65117,Standard Class,Standard Class
ID-2013-30201,Standard Class,Standard Class
ID-2014-13135,Standard Class,Standard Class
IN-2014-42941,First Class,Standard Class
IN-2012-53175,Standard Class,Standard Class
ES-2012-4556851,First Class,Standard Class
CA-2012-154970,Standard Class,Standard Class
CA-2011-127012,Standard Class,Standard Class
IN-2011-45538,Standard Class,Standard Class
IN-2012-82841,Same Day,Standard Class
CA-2012-105613,Standard Class,Standard Class
IR-2011-7730,Standard Class,Standard Class
IN-2011-74441,Standard Class,Standard Class
ES-2012-2314672,Same Day,Standard Class
IN-2013-84997,Second Class,Standard Class
IN-2014-17930,Standard Class,Standard Class
ES-2014-2992535,Standard Class,Standard Class
CG-2013-4980,Standard Class,Standard Class
CA-2014-126718,Standard Class,Standard Class
CA-2012-141327,First Class,First Class
CA-2014-160017,Standard Class,Standard Class
ID-2013-11630,Standard Class,Standard Class
IT-2012-4367428,Second Class,Standard Class
IN-2012-71459,First Class,Second Class
IN-2014-77059,Second Class,Standard Class
CA-2013-152800,First Class,Standard Class
IN-2014-24419,First Class,Standard Class
IN-2013-19645,Standard Class,Standard Class
IR-2013-8570,Standard Class,Standard Class
CA-2013-119186,Same Day,First Class
CA-2013-124506,Standard Class,Standard Class
IN-2012-63290,Second Class,Second Class
IN-2013-72950,Standard Class,Standard Class
ID-2014-51642,Standard Class,Standard Class
IN-2011-11105,Standard Class,Standard Class
IN-2014-34632,First Class,Standard Class
CA-2014-8740,Standard Class,Standard Class
IN-2013-70178,Second Class,Standard Class
ES-2013-5905999,Standard Class,Standard Class
CA-2014-133333,Standard Class,Standard Class
IR-2012-1650,Second Class,Standard Class
IT-2012-5640548,Standard Class,Standard Class
ES-2012-5845607,Second Class,Standard Class
IN-2013-54554,Same Day,Standard Class
ES-2013-5917617,Standard Class,Standard Class
IN-2013-51075,Second Class,Standard Class
ES-2011-2886437,First Class,Standard Class
ES-2014-3626252,Standard Class,Standard Class
CA-2011-166051,Standard Class,Standard Class
ID-2013-16593,Standard Class,Standard Class
IN-2014-77276,Second Class,First Class
IN-2012-16873,Standard Class,Standard Class
CA-2011-167927,Standard Class,Standard Class
CA-2013-132017,First Class,Standard Class
IN-2014-78151,Standard Class,Standard Class
IN-2011-51390,Standard Class,Standard Class
ID-2014-41737,Standard Class,Standard Class
ID-2011-65117,Standard Class,Standard Class
IN-2011-14528,Standard Class,Standard Class
ES-2012-5796869,Standard Class,Standard Class
ID-2014-83450,Standard Class,Standard Class
IN-2014-50718,First Class,Standard Class
ES-2012-1830333,First Class,Standard Class
CA-2014-101049,Second Class,Standard Class
CA-2012-132626,Standard Class,Standard Class
ES-2014-2623757,First Class,Standard Class
IN-2012-74686,Standard Class,Standard Class
CA-2011-168368,Second Class,Standard Class
IN-2014-13751,Standard Class,Standard Class
ES-2012-3667418,Standard Class,Standard Class
ES-2014-4478437,Same Day,Standard Class
ID-2013-78298,Standard Class,Standard Class
ID-2012-81196,First Class,Standard Class
CA-2014-156272,Standard Class,Standard Class
IN-2012-26652,First Class,Standard Class
ES-2014-4251554,Standard Class,Standard Class
IN-2013-61288,Standard Class,Standard Class
IR-2012-4640,Standard Class,Standard Class
IN-2013-50130,Standard Class,Standard Class
IT-2012-2008620,First Class,First Class
CA-2013-152730,Standard Class,Standard Class
EG-2014-5820,Same Day,Second Class
IN-2012-38951,Standard Class,Standard Class
AO-2012-1000,Standard Class,Standard Class
IN-2012-17398,Standard Class,Standard Class
IN-2013-60868,Standard Class,Standard Class
CA-2013-129868,Standard Class,Standard Class
IT-2012-2794787,Second Class,Standard Class
CA-2012-148712,Standard Class,Standard Class
CA-2013-155516,Same Day,Standard Class
ES-2012-1369374,Standard Class,Standard Class
ID-2012-12519,First Class,Standard Class
ID-2013-78298,Standard Class,Standard Class
IN-2014-13051,Standard Class,Standard Class
IT-2012-2539640,Standard Class,Standard Class
IN-2011-60322,Second Class,Standard Class
IN-2013-79600,First Class,Standard Class
ID-2014-72110,Standard Class,Standard Class
ES-2012-1706068,Standard Class,Standard Class
ES-2012-1159109,Standard Class,Standard Class
CA-2014-164098,First Class,Standard Class
ES-2012-1835271,Same Day,Standard Class
IN-2014-76688,Standard Class,Standard Class
ES-2014-4435694,Standard Class,Standard Class
ES-2013-2593505,Standard Class,Standard Class
ID-2014-44117,Standard Class,Standard Class
ES-2014-5218647,Standard Class,Standard Class
IT-2011-2421873,Standard Class,Standard Class
ES-2014-2769035,Standard Class,Standard Class
GH-2012-3030,Standard Class,Standard Class
CA-2012-149972,First Class,Standard Class
IN-2013-69128,Standard Class,Standard Class
CA-2012-146486,Second Class,Standard Class
CA-2014-118003,Standard Class,Standard Class
IN-2013-63913,First Class,Standard Class
IN-2013-47960,Standard Class,Standard Class
IN-2011-35654,Standard Class,Standard Class
IT-2011-2725191,Standard Class,Standard Class
IN-2011-49185,Same Day,Standard Class
IN-2011-59328,Standard Class,Standard Class
CA-2011-148950,Standard Class,Standard Class
IT-2012-5223020,Standard Class,Standard Class
ES-2011-3893444,Standard Class,Standard Class
CA-2014-7620,Same Day,First Class
ES-2012-5113958,Second Class,Standard Class
CA-2011-131527,Standard Class,Standard Class
CA-2011-117345,Standard Class,Standard Class
CA-2012-168809,Same Day,Standard Class
ES-2011-3978514,Standard Class,Standard Class
IN-2014-42276,Second Class,Standard Class
CA-2014-169264,Second Class,Standard Class
CA-2013-123176,Second Class,First Class
ES-2013-4779701,First Class,Standard Class
CA-2013-110044,Second Class,Standard Class
ES-2012-1059749,First Class,Standard Class
ES-2012-2814022,Standard Class,Standard Class
IN-2013-54673,Standard Class,Standard Class
ES-2014-5247585,Second Class,Standard Class
ID-2014-38433,Standard Class,Standard Class
ES-2013-4649089,Second Class,Standard Class
IN-2014-76226,Standard Class,Standard Class
IN-2013-64956,Standard Class,Standard Class
IN-2013-50410,Second Class,Standard Class
GB-2014-7150,Standard Class,Standard Class
CA-2014-100097,Second Class,Standard Class
CA-2014-138289,Second Class,Standard Class
CA-2014-166926,Standard Class,Standard Class
HU-2012-4000,Second Class,Standard Class
CA-2014-152912,Second Class,First Class
IS-2013-5600,Standard Class,Standard Class
IN-2013-34135,Standard Class,Standard Class
IN-2014-48121,First Class,Standard Class
IN-2012-84955,Second Class,Standard Class
IT-2011-2668777,Standard Class,Standard Class
CA-2011-133424,Standard Class,Standard Class
EG-2012-30,Standard Class,Standard Class
ES-2011-3717351,Standard Class,Standard Class
ID-2014-53588,Second Class,Standard Class
CA-2012-160059,Standard Class,Standard Class
CA-2013-7950,Second Class,Standard Class
ES-2013-2428576,Second Class,First Class
ES-2013-4345105,Standard Class,Standard Class
IN-2011-77913,Same Day,Second Class
ES-2014-3307571,Standard Class,Standard Class
IN-2014-75267,Second Class,Standard Class
ES-2012-5913584,Standard Class,Standard Class
ES-2013-1375070,Second Class,Standard Class
IS-2013-6570,First Class,First Class
CA-2014-131233,Standard Class,Standard Class
IN-2014-17951,Standard Class,Standard Class
CA-2014-131492,Second Class,Standard Class
CA-2011-129574,First Class,Standard Class
CA-2014-100622,Standard Class,Standard Class
CA-2011-118976,Standard Class,Standard Class
ES-2014-4111468,Standard Class,Standard Class
CA-2013-132997,First Class,Standard Class
ES-2012-3054287,Standard Class,Standard Class
ID-2013-86971,Standard Class,Standard Class
IN-2013-58915,First Class,Standard Class
CG-2012-2700,Second Class,Standard Class
CA-2014-123491,Standard Class,Standard Class
IR-2014-6100,Second Class,Standard Class
ES-2011-4106405,Standard Class,Standard Class
IT-2011-3745230,Second Class,Standard Class
CA-2014-120376,First Class,Standard Class
ES-2012-5635375,Standard Class,Standard Class
CA-2013-136231,Second Class,First Class
ES-2013-4786711,Standard Class,Standard Class
IR-2013-5890,Second Class,Standard Class
ES-2014-3319612,Standard Class,Standard Class
IN-2013-22648,Standard Class,Standard Class
IN-2011-28017,Standard Class,Standard Class
ES-2011-3353574,Standard Class,Standard Class
ID-2011-46231,Standard Class,Standard Class
CA-2013-108350,Second Class,Standard Class
ES-2011-2132896,Second Class,Standard Class
IN-2013-35787,Same Day,Standard Class
ID-2014-55338,Standard Class,Standard Class
IN-2011-59328,Standard Class,Standard Class
ES-2011-2287259,Standard Class,Standard Class
CA-2011-130673,Second Class,Standard Class
CA-2013-153577,Standard Class,Standard Class
ES-2012-3876991,Standard Class,Standard Class
ES-2011-3864297,Standard Class,Standard Class
IN-2011-76625,Standard Class,Standard Class
IN-2014-65131,Standard Class,Standard Class
IN-2012-48240,Second Class,Second Class
IN-2014-21619,Standard Class,Standard Class
ES-2011-1480594,First Class,Standard Class
IN-2012-66790,Second Class,Standard Class
ID-2013-80279,First Class,Standard Class
ES-2012-1001305,First Class,First Class
ES-2012-2756176,Standard Class,Standard Class
CA-2014-162173,Standard Class,Standard Class
ES-2011-3832823,First Class,Standard Class
IN-2014-62863,Standard Class,Standard Class
IN-2014-35157,Second Class,Standard Class
CA-2011-138681,First Class,Standard Class
IT-2011-1327965,Standard Class,Standard Class
ES-2014-4000341,First Class,First Class
ES-2012-3778678,First Class,Standard Class
IN-2014-34877,Standard Class,Standard Class
CA-2012-113404,Same Day,First Class
ES-2012-5016521,Standard Class,Standard Class
IN-2012-53105,Standard Class,Standard Class
AJ-2012-7720,First Class,Standard Class
IN-2013-45692,Second Class,Standard Class
CA-2013-162901,First Class,Standard Class
CA-2012-157322,Standard Class,Standard Class
IN-2011-31769,Standard Class,Standard Class
IN-2013-37103,Same Day,Standard Class
EG-2012-70,Standard Class,Standard Class
ES-2013-5755406,Standard Class,Standard Class
CA-2013-160500,First Class,Standard Class
ES-2013-4762189,Second Class,Standard Class
CA-2012-117898,Standard Class,Standard Class
ID-2012-29424,Standard Class,Standard Class
ES-2014-5693371,First Class,Standard Class
ES-2012-3820035,Standard Class,Standard Class
CG-2014-6750,Second Class,Standard Class
BO-2013-1280,Standard Class,Standard Class
ES-2012-1484906,Second Class,Standard Class
CA-2014-144589,Standard Class,Standard Class
ID-2014-51467,Standard Class,Standard Class
ES-2012-2826975,Standard Class,Standard Class
ID-2011-43858,Standard Class,Standard Class
CA-2011-164182,Standard Class,Standard Class
IN-2014-72222,Second Class,Standard Class
ES-2011-2836248,Second Class,Standard Class
IR-2014-6760,Standard Class,Standard Class
CA-2012-126557,Second Class,Standard Class
IN-2012-35850,First Class,Standard Class
CA-2012-126725,Standard Class,Standard Class
EG-2014-8740,Second Class,Standard Class
IN-2011-68904,Standard Class,Standard Class
CA-2013-7340,Second Class,Standard Class
CA-2014-4270,First Class,Standard Class
CA-2012-100818,Second Class,Standard Class
IN-2013-52216,Same Day,Standard Class
ES-2013-5312636,Second Class,First Class
IN-2013-40477,Standard Class,Standard Class
ID-2012-64879,Second Class,Standard Class
ES-2013-1874662,Standard Class,Standard Class
CA-2012-137064,Standard Class,Standard Class
CA-2014-162691,Standard Class,Standard Class
IN-2014-45174,Standard Class,Standard Class
CA-2014-111178,Standard Class,Standard Class
IN-2014-49017,Standard Class,Standard Class
IN-2014-78368,Standard Class,Standard Class
IN-2014-63276,Standard Class,Standard Class
CM-2014-9300,Standard Class,Standard Class
ES-2014-3736084,Standard Class,Standard Class
CG-2011-9130,Standard Class,Standard Class
ES-2012-3539223,Standard Class,Standard Class
CA-2012-104941,Standard Class,Standard Class
IT-2012-2737300,Standard Class,Standard Class
ES-2014-4768713,Second Class,Standard Class
ID-2011-21402,Second Class,Standard Class
CA-2013-128531,Second Class,First Class
EG-2011-1800,Standard Class,Standard Class
ES-2014-5979556,Standard Class,Standard Class
CA-2014-119809,Standard Class,Standard Class
ID-2013-10846,Second Class,Standard Class
EG-2013-4270,Same Day,Standard Class
IN-2011-61778,Standard Class,Standard Class
IN-2014-23894,Second Class,First Class
EG-2011-6560,Second Class,Standard Class
CA-2013-168354,First Class,Standard Class
EG-2013-2110,Standard Class,Standard Class
IN-2014-15403,Standard Class,Standard Class
ES-2013-4434786,Second Class,First Class
IN-2014-32770,Standard Class,Standard Class
ES-2012-2183106,Standard Class,Standard Class
ES-2014-4714649,Standard Class,Standard Class
ID-2011-14360,First Class,Standard Class
IN-2011-33414,Standard Class,Standard Class
ES-2014-1386555,Standard Class,Standard Class
IN-2012-66447,Standard Class,Standard Class
ID-2012-48541,Standard Class,Standard Class
IN-2012-11749,First Class,Standard Class
ES-2011-1460199,Standard Class,Standard Class
CA-2014-141733,Standard Class,Standard Class
IN-2012-24097,Standard Class,Standard Class
ES-2011-3470557,Standard Class,Standard Class
IN-2012-48338,Standard Class,Standard Class
IN-2013-37852,Standard Class,Standard Class
ES-2013-2720927,Second Class,Standard Class
ID-2011-58824,Standard Class,Standard Class
CA-2012-136420,First Class,Standard Class
EG-2011-1800,Standard Class,Standard Class
ID-2013-16110,Second Class,First Class
ID-2013-61771,Standard Class,Standard Class
CA-2014-121300,Same Day,Standard Class
ES-2013-4511365,Second Class,Standard Class
ES-2013-5377319,Standard Class,Standard Class
AU-2014-6650,Standard Class,Standard Class
ES-2014-3909772,Second Class,Standard Class
HU-2013-8690,Same Day,Standard Class
BU-2013-7380,Standard Class,Standard Class
IN-2014-79488,Standard Class,Standard Class
ES-2014-5925548,Standard Class,Standard Class
CA-2011-120096,First Class,First Class
ID-2011-35045,First Class,First Class
IN-2013-34135,Standard Class,Standard Class
ID-2013-78557,First Class,Standard Class
CA-2013-105732,Standard Class,Standard Class
ES-2014-5848816,Standard Class,Standard Class
ES-2011-1222857,Standard Class,Standard Class
IT-2011-5781543,Second Class,Standard Class
CG-2012-8310,First Class,Standard Class
EG-2014-9880,Same Day,Second Class
CA-2012-119291,First Class,Standard Class
ID-2012-53259,First Class,First Class
CA-2014-124674,Standard Class,Standard Class
CA-2012-111325,First Class,First Class
IN-2012-67490,Standard Class,Standard Class
ES-2014-5931653,Standard Class,Standard Class
IN-2012-42220,Same Day,Standard Class
EG-2011-7590,Second Class,Second Class
CA-2013-164490,Second Class,Standard Class
ID-2014-83086,Standard Class,Standard Class
CA-2014-137099,First Class,Standard Class
ES-2011-5707696,Standard Class,Standard Class
CA-2013-143714,Standard Class,Standard Class
CA-2011-103317,First Class,Standard Class
IR-2012-9350,Standard Class,Standard Class
ES-2011-2945927,First Class,Standard Class
IN-2014-60553,Standard Class,Standard Class
CA-2014-115154,First Class,Standard Class
CA-2011-142769,Same Day,Standard Class
CA-2012-141327,First Class,First Class
IN-2012-52069,First Class,Standard Class
IR-2014-720,Standard Class,Standard Class
ES-2013-2934598,Standard Class,Standard Class
ES-2013-2144803,First Class,First Class
ID-2012-42724,Second Class,Standard Class
ES-2012-2737892,Standard Class,Standard Class
ES-2014-3316142,First Class,Standard Class
ID-2011-78193,Standard Class,Standard Class
CA-2014-132178,Second Class,Standard Class
CA-2014-164042,Standard Class,Standard Class
ES-2014-2899641,First Class,Standard Class
IN-2013-69121,Standard Class,Standard Class
CA-2011-103310,Standard Class,Standard Class
ES-2013-3969737,Standard Class,Standard Class
IN-2011-69835,Standard Class,Standard Class
IN-2011-23138,Second Class,Standard Class
ES-2014-3014144,First Class,Standard Class
ID-2013-16593,Standard Class,Standard Class
ID-2014-49696,Standard Class,Standard Class
CA-2014-142671,Second Class,Standard Class
IR-2014-4010,Second Class,Standard Class
ES-2011-2266607,Standard Class,Standard Class
ID-2013-83079,Standard Class,Standard Class
ID-2014-46756,Standard Class,Standard Class
ID-2013-21290,Standard Class,Standard Class
IN-2012-73440,Standard Class,Standard Class
CA-2013-124149,First Class,Standard Class
ES-2012-4549533,Second Class,Standard Class
CA-2014-143574,First Class,Standard Class
IN-2013-28150,Standard Class,Standard Class
CA-2012-119879,Standard Class,Standard Class
ID-2014-52475,Standard Class,Standard Class
ES-2012-2877241,Standard Class,Standard Class
CA-2013-159940,Second Class,Standard Class
ES-2012-3025991,Standard Class,Standard Class
CA-2012-149083,Standard Class,Standard Class
IT-2012-2157465,Standard Class,Standard Class
CA-2011-152443,Standard Class,Standard Class
CA-2013-3990,Same Day,Standard Class
CA-2013-108056,Standard Class,Standard Class
IN-2012-65726,Standard Class,Standard Class
IT-2011-1088680,Standard Class,Standard Class
CA-2014-145772,Standard Class,Standard Class
IN-2014-29263,Standard Class,Standard Class
IN-2014-28234,Second Class,First Class
EG-2013-2060,Standard Class,Standard Class
CA-2012-132374,Second Class,Standard Class
EG-2014-7490,Standard Class,Standard Class
ES-2014-5590364,Standard Class,Standard Class
CA-2013-124352,Standard Class,Standard Class
ES-2011-5389664,Standard Class,Standard Class
IN-2014-75911,Standard Class,Standard Class
ID-2014-56549,Standard Class,Standard Class
CA-2012-8480,Second Class,Standard Class
CA-2013-131744,Second Class,Standard Class
ES-2014-3091695,Standard Class,Standard Class
ID-2014-29032,Standard Class,Standard Class
CA-2011-130624,First Class,Standard Class
CA-2014-140844,Standard Class,Standard Class
ES-2012-5103176,Second Class,Standard Class
EG-2014-1110,First Class,Standard Class
IN-2013-80363,Standard Class,Standard Class
IN-2014-32168,Same Day,Standard Class
ES-2013-4895029,Second Class,First Class
ES-2011-1647523,First Class,First Class
ES-2013-5131191,Second Class,Standard Class
ES-2014-4252380,Standard Class,Standard Class
ES-2012-5557687,Standard Class,Standard Class
ES-2014-4308323,First Class,First Class
ES-2014-4262012,Second Class,Standard Class
IN-2014-44789,First Class,First Class
CA-2014-107132,Standard Class,Standard Class
ES-2011-5666533,Standard Class,Standard Class
ES-2014-5545008,Same Day,Standard Class
CA-2011-158372,Standard Class,Standard Class
CG-2011-7550,Standard Class,Standard Class
ES-2013-3575875,Standard Class,Standard Class
CA-2012-119942,First Class,Standard Class
CA-2014-169411,Standard Class,Standard Class
CA-2014-157448,Standard Class,Standard Class
ES-2013-4636080,First Class,Standard Class
IT-2011-2075149,Standard Class,Standard Class
CA-2011-140732,Second Class,Standard Class
CA-2014-121125,Standard Class,Standard Class
ES-2012-2058076,Second Class,Standard Class
GG-2014-4090,Standard Class,Standard Class
IN-2013-40806,First Class,First Class
IN-2013-26148,Same Day,Standard Class
IN-2014-49017,Standard Class,Standard Class
CA-2013-124485,First Class,Standard Class
ES-2013-5690968,Standard Class,Standard Class
IN-2014-82652,Standard Class,Standard Class
IN-2014-36627,Standard Class,Standard Class
ID-2014-39616,First Class,Standard Class
CA-2013-124506,Standard Class,Standard Class
ES-2014-1876230,Standard Class,Standard Class
IN-2014-24853,Standard Class,Standard Class
IN-2011-51586,Standard Class,Standard Class
CA-2011-109855,Standard Class,Standard Class
CA-2011-141607,Standard Class,Standard Class
ES-2014-4506815,Standard Class,Standard Class
ES-2014-5591557,First Class,Standard Class
ES-2011-4852530,Standard Class,Standard Class
CG-2013-3470,Standard Class,Standard Class
CA-2011-132787,Standard Class,Standard Class
IN-2012-31741,First Class,Standard Class
IN-2013-51502,Standard Class,Standard Class
CG-2014-4630,Second Class,Second Class
IN-2012-13933,Standard Class,Standard Class
EG-2014-6160,Second Class,Standard Class
IN-2011-40498,First Class,First Class
ES-2014-2879883,Same Day,Standard Class
IN-2013-77731,Standard Class,Standard Class
CA-2014-146031,Second Class,Standard Class
CA-2013-168921,First Class,Standard Class
ES-2013-3467296,Same Day,First Class
ES-2012-2522806,Standard Class,Standard Class
CA-2013-139269,Standard Class,Standard Class
ID-2011-39721,Standard Class,Standard Class
IN-2013-20744,Same Day,First Class
CA-2013-145898,Same Day,Standard Class
ES-2012-4797383,Second Class,Standard Class
CA-2013-148698,Standard Class,Standard Class
IN-2011-86782,First Class,Standard Class
ES-2012-4018910,Standard Class,Standard Class
IN-2013-78606,Standard Class,Standard Class
ID-2013-16306,Second Class,Standard Class
ID-2011-55667,Second Class,Standard Class
CA-2012-140410,Standard Class,Standard Class
ES-2014-5794981,First Class,First Class
ES-2014-3388526,Same Day,Standard Class
IN-2014-46420,Standard Class,Standard Class
ID-2011-55975,Standard Class,Standard Class
IN-2011-30292,Standard Class,Standard Class
CA-2012-131072,Same Day,First Class
CA-2012-103835,Standard Class,Standard Class
IN-2014-62233,Second Class,Standard Class
IN-2013-36837,Second Class,Standard Class
CG-2012-1060,First Class,Standard Class
ES-2014-2439745,Standard Class,Standard Class
IN-2014-62961,Standard Class,Standard Class
CA-2014-137463,Second Class,Standard Class
CA-2014-119284,Standard Class,Standard Class
BU-2014-9200,Standard Class,Standard Class
CA-2012-104493,Standard Class,Standard Class
ID-2011-43739,First Class,Standard Class
ES-2011-1222857,Standard Class,Standard Class
ES-2012-4904223,Same Day,Standard Class
CA-2012-140144,Second Class,Standard Class
IN-2012-72040,First Class,Standard Class
IN-2014-68638,Second Class,First Class
CA-2011-123925,Second Class,First Class
CA-2012-153717,Standard Class,Standard Class
ES-2012-1484906,Second Class,Standard Class
EG-2014-4700,Second Class,Standard Class
CA-2012-147501,Standard Class,Standard Class
IN-2014-78116,Standard Class,Standard Class
ID-2012-67336,Standard Class,Standard Class
IN-2012-10902,Standard Class,Standard Class
ES-2014-3444885,Same Day,Standard Class
ES-2012-3840924,Standard Class,Standard Class
CA-2012-106257,Second Class,Standard Class
ID-2014-49388,Standard Class,Standard Class
IN-2014-68057,Standard Class,Standard Class
ID-2012-10230,First Class,Standard Class
ES-2012-4279457,Second Class,Standard Class
ES-2014-4124074,Standard Class,Standard Class
CA-2014-101483,Second Class,Standard Class
ES-2014-1931437,Standard Class,Standard Class
IN-2012-10986,Standard Class,Standard Class
AG-2014-6470,First Class,First Class
ES-2013-4858481,Standard Class,Standard Class
ID-2014-58264,Standard Class,Standard Class
IN-2013-53504,Standard Class,Standard Class
ID-2011-22172,First Class,Standard Class
GH-2012-9310,Standard Class,Standard Class
IN-2012-84157,Second Class,Standard Class
CA-2011-166744,Standard Class,Standard Class
ID-2014-34737,Standard Class,Standard Class
CA-2012-108259,Standard Class,Standard Class
IT-2012-2967452,Standard Class,Standard Class
IN-2014-26078,First Class,Standard Class
CA-2013-149314,Second Class,Standard Class
IN-2012-64116,Same Day,Standard Class
EG-2012-3660,Standard Class,Standard Class
ES-2014-5835827,Standard Class,Standard Class
ES-2011-3186072,Standard Class,Standard Class
ES-2012-4147201,Standard Class,Standard Class
CA-2014-158386,Standard Class,Standard Class
ES-2011-3481511,Standard Class,Standard Class
ES-2013-5072900,Second Class,Standard Class
ES-2013-2222698,Same Day,Standard Class
IN-2011-68302,Second Class,Standard Class
CA-2013-120369,Same Day,Standard Class
IN-2012-15830,Second Class,Standard Class
ID-2014-31125,Standard Class,Standard Class
ID-2014-11910,First Class,Standard Class
ES-2011-4864498,Second Class,Standard Class
CA-2014-141446,Second Class,First Class
ID-2014-43333,Standard Class,Standard Class
CA-2011-117317,Same Day,First Class
ES-2011-5177366,Standard Class,Standard Class
ES-2012-4160852,Second Class,Standard Class
IN-2014-43410,Second Class,Standard Class
CA-2011-103849,Standard Class,Standard Class
CA-2012-137302,Standard Class,Standard Class
ID-2012-42962,Standard Class,Standard Class
CA-2013-165995,Standard Class,Standard Class
CA-2014-124716,Standard Class,Standard Class
ES-2012-2424030,Second Class,Standard Class
IN-2014-59706,Standard Class,Standard Class
ES-2014-3898681,Standard Class,Standard Class
CA-2014-123967,Second Class,Standard Class
ID-2011-39721,Standard Class,Standard Class
CA-2012-119634,Standard Class,Standard Class
CA-2011-138940,Second Class,Standard Class
IN-2012-29137,Standard Class,Standard Class
ID-2014-48961,Standard Class,Standard Class
IN-2011-36753,Standard Class,Standard Class
ES-2013-4827951,Standard Class,Standard Class
IN-2014-51432,Standard Class,Standard Class
IN-2011-33414,Standard Class,Standard Class
EG-2012-9610,Standard Class,Standard Class
IN-2013-37803,Standard Class,Standard Class
CA-2014-152583,Same Day,First Class
IN-2011-47701,Same Day,Standard Class
CA-2014-146367,Standard Class,Standard Class
CA-2012-121650,Standard Class,Standard Class
IN-2014-19274,First Class,Standard Class
IN-2013-57914,Second Class,Standard Class
IN-2014-69576,Standard Class,Standard Class
IN-2011-56990,First Class,Standard Class
IN-2014-17104,Second Class,Standard Class
IN-2014-70276,Standard Class,Standard Class
CM-2013-4800,Standard Class,Standard Class
CA-2013-166653,Second Class,Standard Class
IN-2012-60385,Standard Class,Standard Class
AG-2011-8180,Same Day,Second Class
CA-2014-160423,Standard Class,Standard Class
IN-2013-19582,Same Day,Standard Class
ES-2011-3134727,Standard Class,Standard Class
ID-2013-20471,First Class,Standard Class
IN-2012-14724,First Class,Standard Class
ES-2014-1679056,Standard Class,Standard Class
CA-2012-140410,Standard Class,Standard Class
ES-2011-2542245,Same Day,First Class
IN-2011-44901,First Class,Standard Class
CA-2012-122287,Standard Class,Standard Class
CA-2012-149342,Standard Class,Standard Class
CA-2013-149454,First Class,Standard Class
IT-2012-2898980,Same Day,First Class
BO-2014-2670,Standard Class,Standard Class
IN-2012-31608,Standard Class,Standard Class
CA-2013-163174,Standard Class,Standard Class
CA-2012-137113,Second Class,Standard Class
ES-2013-2212527,First Class,First Class
ES-2014-3703813,First Class,Standard Class
CA-2013-126102,Second Class,Standard Class
IN-2013-37796,Standard Class,Standard Class
IN-2011-28920,First Class,First Class
ID-2014-62744,Second Class,Standard Class
ES-2014-1703772,Standard Class,Standard Class
CA-2013-161473,Standard Class,Standard Class
ES-2014-1749985,Standard Class,Standard Class
CA-2011-146591,First Class,Standard Class
CA-2013-145919,Standard Class,Standard Class
EG-2014-1610,First Class,Standard Class
CA-2014-135076,Standard Class,Standard Class
CA-2011-125542,First Class,Standard Class
CA-2013-109407,Second Class,First Class
IN-2013-42087,Standard Class,Standard Class
CA-2012-117611,Second Class,First Class
ES-2012-3246286,Standard Class,Standard Class
CA-2012-139962,Standard Class,Standard Class
CA-2013-146010,First Class,Standard Class
IN-2014-66965,Standard Class,Standard Class
IN-2014-71382,Standard Class,Standard Class
IN-2014-82652,Standard Class,Standard Class
ID-2014-22851,Second Class,Standard Class
IN-2013-39147,First Class,Standard Class
ES-2013-5150619,First Class,Standard Class
IN-2012-73930,Standard Class,Standard Class
AU-2014-6170,Second Class,Standard Class
EG-2012-8030,Standard Class,Standard Class
ES-2014-1082027,Standard Class,Standard Class
ID-2012-32350,First Class,Standard Class
ES-2012-3613797,Second Class,Standard Class
IT-2011-3270900,First Class,First Class
CA-2012-131534,Standard Class,Standard Class
ES-2013-3880977,Standard Class,Standard Class
ES-2011-2231102,Second Class,Standard Class
ES-2014-1162801,Standard Class,Standard Class
ID-2012-83331,Standard Class,Standard Class
CA-2012-121132,Standard Class,Standard Class
IN-2011-10286,First Class,First Class
IN-2014-61932,Same Day,First Class
CA-2014-136539,Standard Class,Standard Class
ES-2011-5273102,Standard Class,Standard Class
CA-2014-135307,First Class,Standard Class
CA-2013-148208,Standard Class,Standard Class
ID-2011-75981,Second Class,Standard Class
CA-2014-148642,Standard Class,Standard Class
IN-2013-52454,Standard Class,Standard Class
CA-2011-124688,First Class,First Class
CA-2014-167227,First Class,First Class
ES-2012-4934238,Standard Class,Standard Class
CA-2012-155306,Standard Class,Standard Class
CA-2013-151148,Same Day,Standard Class
AO-2014-190,Standard Class,Standard Class
ID-2011-57396,Standard Class,Standard Class
ID-2014-65551,First Class,Standard Class
CA-2014-122077,Standard Class,Standard Class
CA-2014-145226,Second Class,Standard Class
CA-2014-1670,Standard Class,Standard Class
ES-2012-2368795,Standard Class,Standard Class
ES-2012-4741193,Standard Class,Standard Class
CA-2012-8790,First Class,Second Class
CA-2011-116785,Standard Class,Standard Class
EZ-2013-8720,Same Day,Standard Class
IN-2012-46042,Standard Class,Standard Class
CA-2012-100454,Standard Class,Standard Class
ES-2012-4527901,Second Class,Standard Class
IN-2014-34723,Standard Class,Standard Class
IN-2013-66776,Standard Class,Standard Class
CA-2011-141152,First Class,Standard Class
CA-2013-141551,Standard Class,Standard Class
IN-2011-12764,Standard Class,Standard Class
CA-2014-134810,First Class,First Class
CA-2014-147942,Standard Class,Standard Class
CA-2012-144267,First Class,Standard Class
ES-2011-2257437,Standard Class,Standard Class
ES-2011-2734651,First Class,Standard Class
EG-2011-1630,Standard Class,Standard Class
IN-2014-30516,Standard Class,Standard Class
CA-2012-110324,Standard Class,Standard Class
IN-2012-86327,Same Day,Standard Class
ID-2014-73678,Standard Class,Standard Class
ES-2014-1311038,Standard Class,Standard Class
ES-2014-2018713,Standard Class,Standard Class
IN-2014-47799,Standard Class,Standard Class
ID-2014-80643,Standard Class,Standard Class
CA-2012-161214,Second Class,Standard Class
CA-2011-146885,Standard Class,Standard Class
ES-2013-5482499,Second Class,Standard Class
IN-2011-75323,Standard Class,Standard Class
IN-2013-12715,First Class,First Class
IN-2011-49241,Standard Class,Standard Class
IN-2011-40155,Standard Class,Standard Class
IN-2012-47757,Second Class,Standard Class
ID-2013-41128,Second Class,Standard Class
CA-2012-153626,Standard Class,Standard Class
ES-2014-1161715,Standard Class,Standard Class
CA-2014-107552,Same Day,Standard Class
ES-2012-3725853,Standard Class,Standard Class
CA-2012-126725,Standard Class,Standard Class
CA-2014-140186,First Class,Standard Class
IN-2014-34639,Standard Class,Standard Class
ES-2013-5671907,Standard Class,Standard Class
IN-2012-78039,Standard Class,Standard Class
IN-2014-72481,Standard Class,Standard Class
IN-2014-67308,Second Class,Standard Class
ES-2011-2230157,Standard Class,Standard Class
IN-2013-18497,First Class,Standard Class
IT-2012-1125357,Standard Class,Standard Class
ID-2013-79579,Standard Class,Standard Class
ES-2014-1204900,Standard Class,Standard Class
CA-2011-127166,Second Class,First Class
ES-2014-1331794,Second Class,Standard Class
CA-2014-134845,Standard Class,Standard Class
ID-2011-74721,First Class,Standard Class
CA-2014-166695,Standard Class,Standard Class
CA-2012-168746,Second Class,Standard Class
IN-2011-44670,Second Class,Standard Class
IN-2013-77731,Standard Class,Standard Class
ES-2012-5252305,Second Class,Standard Class
ES-2013-3467296,Same Day,First Class
ID-2011-36172,Standard Class,Standard Class
IN-2014-32112,Second Class,Standard Class
CA-2014-160927,Second Class,Standard Class
CM-2011-6790,Standard Class,Standard Class
IN-2014-63766,Standard Class,Standard Class
CA-2011-155264,Second Class,Standard Class
CA-2014-119011,Standard Class,Standard Class
ID-2013-23845,Standard Class,Standard Class
EN-2011-70,Same Day,Standard Class
CA-2013-131065,Second Class,First Class
IN-2012-44096,Standard Class,Standard Class
ID-2013-82932,Standard Class,Standard Class
CA-2014-104647,Standard Class,Standard Class
CA-2014-167668,First Class,Standard Class
ES-2013-2229801,Second Class,Standard Class
ES-2011-2835499,Second Class,First Class
ID-2013-27016,Standard Class,Standard Class
IN-2012-63878,Standard Class,Standard Class
CA-2012-165162,Standard Class,Standard Class
IN-2014-23894,Second Class,First Class
ES-2013-4435948,Standard Class,Standard Class
IN-2013-86754,Standard Class,Standard Class
ES-2011-3814488,Standard Class,Standard Class
CA-2014-162012,Standard Class,Standard Class
CA-2011-153087,Standard Class,Standard Class
CA-2012-130736,First Class,First Class
IN-2013-85795,Standard Class,Standard Class
IT-2011-3643140,Standard Class,Standard Class
CA-2014-152912,Second Class,First Class
ES-2013-1068972,Standard Class,Standard Class
CA-2012-150714,Standard Class,Standard Class
GH-2013-5600,First Class,Standard Class
ES-2013-2417633,Standard Class,Standard Class
ES-2013-2849768,Second Class,Standard Class
ES-2013-5377036,Standard Class,Standard Class
BO-2011-9310,Standard Class,Standard Class
CA-2013-131065,Second Class,First Class
CA-2014-144638,Standard Class,Standard Class
IN-2014-82176,Standard Class,Standard Class
ES-2011-1951083,Standard Class,Standard Class
IN-2012-80783,Second Class,Standard Class
ID-2014-22151,First Class,Standard Class
ES-2013-2493030,Standard Class,Standard Class
AE-2014-2840,First Class,First Class
IN-2012-16859,Same Day,Standard Class
AG-2013-4150,Second Class,Standard Class
IN-2012-16845,Standard Class,Standard Class
ES-2012-1074279,First Class,Standard Class
ES-2013-5310113,Standard Class,Standard Class
IN-2011-62506,Second Class,Standard Class
CA-2012-144274,Second Class,Standard Class
CA-2011-162684,Standard Class,Standard Class
ES-2014-3421274,Second Class,Standard Class
IN-2014-33869,Standard Class,Standard Class
CA-2012-148873,Standard Class,Standard Class
IN-2014-73048,Second Class,Standard Class
IN-2011-64326,Second Class,Standard Class
ID-2012-75309,Standard Class,Standard Class
IN-2011-85284,Standard Class,Standard Class
IN-2012-56556,Standard Class,Standard Class
ES-2011-5941122,Standard Class,Standard Class
CG-2013-3660,Standard Class,Standard Class
ID-2014-48583,Second Class,Standard Class
ES-2013-5344669,Standard Class,Standard Class
IN-2014-62730,Standard Class,Standard Class
IN-2014-60630,Second Class,First Class
ES-2014-5762425,First Class,Standard Class
CA-2014-146346,First Class,Standard Class
EG-2013-1060,Second Class,Standard Class
CA-2012-136196,Standard Class,Standard Class
IN-2014-20870,Standard Class,Standard Class
IN-2011-22662,Second Class,Standard Class
CA-2014-144491,Standard Class,Standard Class
ES-2012-1211994,Second Class,Standard Class
ES-2013-1579342,First Class,Standard Class
ID-2014-58600,Standard Class,Standard Class
IN-2011-76625,Standard Class,Standard Class
ES-2012-5053715,Second Class,Standard Class
ID-2013-22459,Standard Class,Standard Class
ES-2014-5017334,Standard Class,Standard Class
IN-2012-71508,Standard Class,Standard Class
ES-2013-5537153,Second Class,Standard Class
IN-2011-16229,Standard Class,Standard Class
CA-2011-140858,Standard Class,Standard Class
IN-2013-41051,Standard Class,Standard Class
CA-2013-102561,Standard Class,Standard Class
ES-2014-2504278,Standard Class,Standard Class
IN-2013-29305,Standard Class,Standard Class
ES-2011-3911616,Second Class,Standard Class
ES-2012-3083992,First Class,Standard Class
CA-2013-105732,Standard Class,Standard Class
CA-2012-117961,Standard Class,Standard Class
ES-2011-2242689,Standard Class,Standard Class
IN-2013-81504,Standard Class,Standard Class
BN-2011-4470,Standard Class,Standard Class
CA-2013-164735,Second Class,Standard Class
CG-2013-8200,Second Class,Standard Class
ES-2014-1181938,Standard Class,Standard Class
ID-2012-49843,Same Day,Standard Class
CA-2013-149916,Second Class,Standard Class
ID-2012-73391,Standard Class,Standard Class
ES-2011-3058868,Standard Class,Standard Class
CA-2014-151358,Standard Class,Standard Class
IN-2011-40155,Standard Class,Standard Class
IN-2013-34702,Standard Class,Standard Class
IN-2013-75477,Standard Class,Standard Class
IT-2012-5123429,First Class,Standard Class
CA-2014-155957,Standard Class,Standard Class
CA-2013-100993,Standard Class,Standard Class
IN-2012-39343,Second Class,Standard Class
ES-2014-4442179,Second Class,First Class
ID-2011-20989,First Class,Standard Class
CA-2014-130841,Standard Class,Standard Class
ID-2011-22116,Standard Class,Standard Class
IN-2014-13044,Second Class,Standard Class
ID-2014-67847,Standard Class,Standard Class
CA-2014-122175,Second Class,Standard Class
ES-2012-2270219,Second Class,Standard Class
ID-2014-40358,Standard Class,Standard Class
ID-2011-14220,Standard Class,Standard Class
CA-2011-450,Standard Class,Standard Class
IN-2012-27583,Standard Class,Standard Class
IN-2014-66020,Standard Class,Standard Class
IN-2011-22970,Standard Class,Standard Class
ES-2012-4604882,Standard Class,Standard Class
IN-2011-34191,First Class,Standard Class
ES-2014-4957212,First Class,Standard Class
IN-2014-50158,Standard Class,Standard Class
ES-2013-5114360,Second Class,Standard Class
CA-2013-139409,First Class,Standard Class
IN-2013-74567,First Class,First Class
ES-2014-3607035,First Class,Standard Class
IR-2013-420,Standard Class,Standard Class
ES-2011-2045003,First Class,Standard Class
ES-2014-2504689,Second Class,Standard Class
CA-2014-158120,Standard Class,Standard Class
ID-2012-13450,Standard Class,Standard Class
CA-2013-7340,Second Class,Standard Class
ID-2014-48849,Standard Class,Standard Class
ES-2014-5216176,Standard Class,Standard Class
IN-2013-63745,Second Class,Standard Class
CA-2012-121783,Standard Class,Standard Class
CA-2011-108273,Standard Class,Standard Class
CA-2013-116526,Standard Class,Standard Class
ES-2013-3394564,Second Class,Standard Class
CA-2013-143910,Standard Class,Standard Class
CA-2011-125829,Standard Class,Standard Class
IN-2012-76926,Standard Class,Standard Class
CA-2013-154018,Standard Class,Standard Class
IR-2013-2430,Standard Class,Standard Class
CA-2014-104913,Standard Class,Standard Class
ES-2013-1251401,Same Day,Standard Class
CA-2014-8740,Standard Class,Standard Class
IN-2013-11546,Standard Class,Standard Class
ES-2014-2228032,Second Class,Standard Class
AO-2014-2160,Standard Class,Standard Class
ES-2011-2367994,Standard Class,Standard Class
IT-2011-4480159,Standard Class,Standard Class
IN-2012-67735,Second Class,Standard Class
ES-2013-2700779,Standard Class,Standard Class
ES-2014-3812608,Second Class,Standard Class
IN-2014-35213,First Class,Second Class
EG-2012-3730,Second Class,First Class
ES-2012-2495938,Standard Class,Standard Class
EG-2014-9390,First Class,Second Class
ES-2014-2226967,Standard Class,Standard Class
CA-2011-169775,Second Class,Standard Class
ES-2014-5617990,First Class,Standard Class
ES-2012-5011384,Second Class,Standard Class
CA-2013-107104,Standard Class,Standard Class
IN-2011-65159,Second Class,Standard Class
IN-2014-50109,First Class,Standard Class
IN-2013-55051,Standard Class,Standard Class
IN-2014-61575,Standard Class,Standard Class
ES-2011-1458159,Standard Class,Standard Class
IT-2011-3586982,Standard Class,Standard Class
IN-2012-61953,Standard Class,Standard Class
BU-2011-1220,Second Class,First Class
IN-2013-47960,Standard Class,Standard Class
CA-2014-117667,Standard Class,Standard Class
ID-2013-35080,Standard Class,Standard Class
ID-2011-41863,Second Class,Standard Class
ID-2012-79789,Standard Class,Standard Class
ES-2014-4089082,Standard Class,Standard Class
ES-2014-2200615,Standard Class,Standard Class
IN-2011-24832,Standard Class,Standard Class
IN-2014-43039,Standard Class,Standard Class
ES-2011-4559599,Standard Class,Standard Class
CA-2012-109113,Standard Class,Standard Class
CA-2012-2420,Standard Class,Standard Class
ID-2014-11826,Second Class,Standard Class
IN-2013-12771,Standard Class,Standard Class
ID-2013-45650,Standard Class,Standard Class
IN-2012-44509,Second Class,Standard Class
ES-2014-3388526,Same Day,Standard Class
IN-2013-36963,First Class,First Class
ID-2013-19666,Standard Class,Standard Class
CG-2013-4190,Second Class,Standard Class
CA-2012-115938,Standard Class,Standard Class
IN-2014-85620,Standard Class,Standard Class
CA-2014-130764,First Class,Standard Class
IN-2013-33995,First Class,First Class
IT-2011-4626649,Standard Class,Standard Class
CA-2011-131310,Standard Class,Standard Class
ES-2012-3613797,Second Class,Standard Class
ID-2014-51873,Standard Class,Standard Class
AU-2012-940,Standard Class,Standard Class
CA-2013-120250,First Class,Standard Class
CA-2013-115756,Second Class,Standard Class
CA-2011-166954,Standard Class,Standard Class
CA-2014-155712,Standard Class,Standard Class
EG-2011-6190,Standard Class,Standard Class
CA-2014-3540,Standard Class,Standard Class
ES-2014-3745756,Second Class,Standard Class
IS-2011-1180,Standard Class,Standard Class
CA-2014-122987,Same Day,Standard Class
CA-2014-110198,First Class,Standard Class
CA-2014-100524,Second Class,Standard Class
IT-2011-3264984,Standard Class,Standard Class
ES-2014-4789132,Standard Class,Standard Class
ES-2014-1194421,First Class,First Class
IN-2013-27226,Second Class,Standard Class
ID-2014-20324,Standard Class,Standard Class
ES-2012-4352460,First Class,Standard Class
IN-2011-52300,First Class,Standard Class
IN-2012-37411,Second Class,Standard Class
ID-2013-55961,First Class,Standard Class
CA-2014-145884,Same Day,Standard Class
AG-2013-2840,First Class,Standard Class
ES-2012-5824366,Standard Class,Standard Class
ES-2012-2224678,Standard Class,Standard Class
GH-2014-4170,First Class,Standard Class
ES-2012-1787346,Standard Class,Standard Class
IN-2013-25112,First Class,Standard Class
IN-2012-75169,Second Class,Standard Class
ES-2014-5566428,Standard Class,Standard Class
CA-2012-112319,Standard Class,Standard Class
ES-2011-4942506,Second Class,Standard Class
CA-2011-132451,First Class,First Class
IN-2013-17699,Standard Class,Standard Class
IN-2014-47337,Standard Class,Standard Class
IN-2014-26792,First Class,Standard Class
CA-2013-157707,First Class,Standard Class
ES-2013-1012206,First Class,Standard Class
IN-2011-26057,Standard Class,Standard Class
IN-2012-35668,Standard Class,Standard Class
CA-2014-6550,Second Class,Second Class
CA-2014-110310,Standard Class,Standard Class
IN-2014-48086,First Class,Standard Class
CA-2014-113705,Second Class,Standard Class
CA-2014-102925,Second Class,Standard Class
IN-2014-58607,Standard Class,Standard Class
ID-2012-46210,Standard Class,Standard Class
ID-2014-67581,First Class,Standard Class
IT-2012-2292455,Standard Class,Standard Class
ES-2011-5338028,Second Class,Standard Class
IN-2013-19337,Standard Class,Standard Class
CA-2014-121615,Standard Class,Standard Class
IR-2012-6740,First Class,Standard Class
IN-2014-31503,Second Class,Standard Class
ES-2014-3317292,Standard Class,Standard Class
ID-2012-14262,Second Class,Standard Class
IN-2013-13149,Second Class,Standard Class
AO-2014-4190,Standard Class,Standard Class
CA-2014-144883,Standard Class,Standard Class
CA-2012-156482,Standard Class,Standard Class
ES-2011-4688304,Second Class,Standard Class
EG-2014-9910,First Class,First Class
IN-2011-59209,Standard Class,Standard Class
ES-2013-4706438,Standard Class,Standard Class
ES-2014-5163200,Same Day,Standard Class
IN-2014-37719,Standard Class,Standard Class
IN-2011-38307,Standard Class,Standard Class
CA-2011-103366,First Class,First Class
ES-2011-5504927,First Class,First Class
CA-2012-124933,Second Class,Standard Class
IN-2014-54967,Standard Class,Standard Class
IN-2012-78067,Second Class,Standard Class
ES-2013-4959032,Standard Class,Standard Class
CA-2014-155047,First Class,Standard Class
IN-2014-67238,Standard Class,Standard Class
IN-2013-85200,Standard Class,Standard Class
ES-2014-2505511,Second Class,Standard Class
IT-2012-2361211,Standard Class,Standard Class
IN-2013-60812,First Class,Standard Class
ID-2012-67231,Second Class,Standard Class
CA-2013-131380,Second Class,First Class
ES-2014-3241942,Second Class,Standard Class
HU-2011-1380,Same Day,First Class
CA-2011-116932,Standard Class,Standard Class
CA-2014-117212,Second Class,Standard Class
EG-2012-6980,First Class,Standard Class
IN-2014-41709,Standard Class,Standard Class
IR-2014-6230,Second Class,Standard Class
ID-2013-16306,Second Class,Standard Class
ID-2012-27450,First Class,Standard Class
ES-2014-2665002,Standard Class,Standard Class
CA-2013-111010,Standard Class,Standard Class
ES-2011-5610862,First Class,First Class
CA-2011-115812,Standard Class,Standard Class
ES-2012-3274675,Second Class,Standard Class
ID-2013-23299,Standard Class,Standard Class
ID-2014-84815,Standard Class,Standard Class
ES-2013-3711605,First Class,Standard Class
IN-2011-67392,Standard Class,Standard Class
ID-2013-69534,Second Class,Standard Class
CA-2013-111115,Second Class,Standard Class
ID-2013-83226,Standard Class,Standard Class
ID-2012-14262,Second Class,Standard Class
IN-2013-11721,Standard Class,Standard Class
IN-2013-45517,Standard Class,Standard Class
ES-2012-2522806,Standard Class,Standard Class
IN-2013-62828,Second Class,Standard Class
CA-2013-164399,First Class,Standard Class
IN-2014-71788,First Class,Standard Class
ES-2011-2613634,Standard Class,Standard Class
ID-2014-32476,Second Class,Standard Class
CA-2012-5460,First Class,First Class
IN-2011-38202,Standard Class,Standard Class
ES-2013-1946968,Standard Class,Standard Class
ES-2011-3366039,First Class,Standard Class
IN-2014-31559,Standard Class,Standard Class
IN-2011-60406,First Class,Standard Class
CA-2012-142930,Standard Class,Standard Class
IN-2013-78004,Standard Class,Standard Class
CA-2011-118962,Standard Class,Standard Class
CA-2013-114538,First Class,Standard Class
IN-2013-57186,Standard Class,Standard Class
ES-2014-4920624,Standard Class,Standard Class
BU-2013-7380,Standard Class,Standard Class
CA-2012-119291,First Class,Standard Class
ID-2012-52979,Standard Class,Standard Class
IN-2013-59888,First Class,Standard Class
IN-2014-45174,Standard Class,Standard Class
ES-2012-2654005,Same Day,Standard Class
IT-2011-5340302,Standard Class,Standard Class
ES-2011-1043483,Standard Class,Standard Class
CA-2014-169474,Standard Class,Standard Class
CA-2011-134551,Standard Class,Standard Class
CA-2013-114489,Standard Class,Standard Class
ID-2014-70290,Second Class,Standard Class
IN-2014-15382,Standard Class,Standard Class
IT-2011-2624729,Second Class,Standard Class
IN-2012-28528,Standard Class,Standard Class
BK-2013-5970,Standard Class,Standard Class
IN-2011-76163,Second Class,Standard Class
EG-2012-2610,Standard Class,Standard Class
ID-2014-69233,Second Class,Standard Class
IN-2014-48737,Second Class,Standard Class
IN-2013-75988,Standard Class,Standard Class
CA-2012-168564,Same Day,Standard Class
ID-2014-63864,Standard Class,Standard Class
ES-2012-4192199,Same Day,First Class
ES-2012-3327222,Standard Class,Standard Class
CA-2014-138464,Standard Class,Standard Class
ES-2011-4514717,Standard Class,Standard Class
IN-2011-70269,Standard Class,Standard Class
ES-2012-4198217,Standard Class,Standard Class
ES-2012-5188979,First Class,First Class
ES-2012-5769431,Standard Class,Standard Class
ES-2012-4604882,Standard Class,Standard Class
IN-2012-11028,Standard Class,Standard Class
IN-2014-75785,Standard Class,Standard Class
CA-2014-169894,Second Class,Standard Class
ES-2013-3584378,Standard Class,Standard Class
CA-2013-162236,Second Class,First Class
ID-2014-41737,Standard Class,Standard Class
CA-2012-129112,First Class,First Class
AO-2011-8260,Standard Class,Standard Class
IN-2012-55527,Standard Class,Standard Class
ES-2014-3875755,Standard Class,Standard Class
CA-2012-134117,Second Class,First Class
CA-2012-149587,Second Class,Standard Class
ES-2013-2183682,Standard Class,Standard Class
ES-2012-4272278,Standard Class,Standard Class
ID-2013-16180,Standard Class,Standard Class
CA-2014-107853,Standard Class,Standard Class
ES-2012-1361094,Standard Class,Standard Class
CA-2012-147529,Standard Class,Standard Class
ES-2012-4147201,Standard Class,Standard Class
ID-2012-12953,Standard Class,Standard Class
ID-2014-66818,Second Class,Standard Class
ES-2014-2965756,Second Class,Standard Class
CA-2014-157966,Same Day,First Class
CA-2011-131002,Second Class,Standard Class
ID-2012-82610,Same Day,Second Class
CA-2013-109827,Standard Class,Standard Class
CA-2012-136469,First Class,Standard Class
ES-2013-1081150,Standard Class,Standard Class
CA-2014-126865,Second Class,First Class
ES-2011-3353574,Standard Class,Standard Class
IN-2014-13478,Second Class,Standard Class
ES-2014-1734818,Standard Class,Standard Class
CA-2013-161746,Standard Class,Standard Class
ID-2013-23495,Standard Class,Standard Class
CA-2014-161340,Standard Class,Standard Class
ES-2011-1749151,Second Class,Standard Class
CA-2011-166863,Standard Class,Standard Class
CA-2011-147298,Standard Class,Standard Class
ID-2012-41982,Standard Class,Standard Class
CA-2011-168368,Second Class,Standard Class
IN-2013-35087,Second Class,Standard Class
ID-2014-26701,First Class,Standard Class
IN-2014-40764,Standard Class,Standard Class
CA-2011-107153,Standard Class,Standard Class
ES-2014-2739856,Standard Class,Standard Class
ES-2014-2192694,Second Class,Standard Class
CA-2014-168389,Standard Class,Standard Class
ES-2012-4997791,Standard Class,Standard Class
ES-2014-3088059,Standard Class,Standard Class
ES-2011-4614329,Standard Class,Standard Class
IN-2012-11623,Same Day,Second Class
CA-2012-131884,Same Day,Standard Class
CA-2012-157434,Second Class,Standard Class
ES-2011-1426891,Second Class,Second Class
ES-2013-2339975,Standard Class,Standard Class
ID-2012-77080,Standard Class,Standard Class
ID-2014-42262,Standard Class,Standard Class
IN-2014-75204,First Class,Standard Class
ES-2012-2700213,Standard Class,Standard Class
ID-2011-80230,Standard Class,Standard Class
CA-2014-121083,Standard Class,Standard Class
ES-2012-3549220,Standard Class,Standard Class
CA-2013-137330,Standard Class,Standard Class
ES-2011-1698059,Standard Class,Standard Class
IN-2012-41821,Standard Class,Standard Class
ID-2014-53875,Standard Class,Standard Class
CA-2012-112130,Standard Class,Standard Class
CA-2014-105214,First Class,Standard Class
AO-2014-2110,Second Class,Standard Class
ES-2014-1969776,Second Class,Standard Class
ES-2013-3764055,Standard Class,Standard Class
CA-2011-111962,Standard Class,Standard Class
CA-2011-156993,Standard Class,Standard Class
CA-2012-131352,Standard Class,Standard Class
CA-2013-121377,Standard Class,Standard Class
IN-2014-12512,Standard Class,Standard Class
IN-2013-81602,Standard Class,Standard Class
ES-2014-2826329,Second Class,Standard Class
ES-2012-1874747,Standard Class,Standard Class
IN-2012-38132,First Class,Standard Class
IN-2012-77185,Second Class,Standard Class
CA-2012-137925,Standard Class,Standard Class
IN-2014-44334,Standard Class,Standard Class
CA-2013-111493,First Class,Standard Class
IN-2014-33729,Standard Class,Standard Class
CA-2014-148922,Second Class,Standard Class
ES-2014-2653092,Standard Class,Standard Class
IN-2012-78333,Standard Class,Standard Class
CG-2011-7550,Standard Class,Standard Class
IN-2011-70171,First Class,Standard Class
CA-2013-141957,Same Day,First Class
ID-2014-59811,First Class,Standard Class
CA-2014-138310,Standard Class,Standard Class
CA-2012-107083,Standard Class,Standard Class
CA-2011-166590,Standard Class,Standard Class
IN-2012-50592,Standard Class,Standard Class
ES-2011-1579115,Standard Class,Standard Class
CA-2012-155635,Standard Class,Standard Class
CA-2012-8910,Same Day,Standard Class
ES-2012-2223096,Standard Class,Standard Class
CA-2012-140144,Second Class,Standard Class
CA-2011-163223,Standard Class,Standard Class
ES-2014-1078928,Standard Class,Standard Class
IN-2014-79488,Standard Class,Standard Class
IT-2011-5521557,Second Class,Standard Class
ID-2012-60490,Same Day,Standard Class
CA-2014-122175,Second Class,Standard Class
IN-2013-33302,Same Day,Standard Class
IN-2014-62800,Standard Class,Standard Class
ID-2012-75316,Standard Class,Standard Class
CA-2013-113733,Standard Class,Standard Class
IR-2014-4120,Standard Class,Standard Class
CA-2011-100762,Standard Class,Standard Class
ES-2012-3290251,First Class,Standard Class
CA-2012-161718,Standard Class,Standard Class
ES-2013-5600967,Second Class,Standard Class
IT-2012-5750622,Standard Class,Standard Class
ES-2012-1923654,Standard Class,Standard Class
ES-2014-4478437,Same Day,Standard Class
ES-2013-5690968,Standard Class,Standard Class
CA-2014-126550,Second Class,Standard Class
ES-2011-1881074,Standard Class,Standard Class
ES-2014-5500680,Standard Class,Standard Class
IN-2014-12225,Same Day,Standard Class
CA-2012-121965,Standard Class,Standard Class
CA-2014-126221,Standard Class,Standard Class
CA-2013-105207,Standard Class,Standard Class
IR-2012-3550,Standard Class,Standard Class
IN-2014-30817,Standard Class,Standard Class
ES-2012-1663353,Second Class,Standard Class
ES-2012-3699074,Same Day,Standard Class
ES-2013-2215507,Standard Class,Standard Class
CA-2014-121258,Standard Class,Standard Class
CA-2013-109806,Standard Class,Standard Class
CA-2013-114860,Standard Class,Standard Class
ES-2013-1668222,Standard Class,Standard Class
CA-2011-153479,Standard Class,Standard Class
CA-2012-120845,Standard Class,Standard Class
ID-2012-72544,First Class,First Class
IN-2013-46896,Standard Class,Standard Class
IN-2011-20800,Standard Class,Standard Class
CA-2013-137393,Standard Class,Standard Class
ES-2013-1603822,Second Class,Standard Class
EG-2012-6420,Standard Class,Standard Class
IN-2011-71242,Standard Class,Standard Class
ES-2014-4112364,Standard Class,Standard Class
ID-2014-81938,First Class,Standard Class
CA-2012-109512,Same Day,First Class
CA-2014-154935,Standard Class,Standard Class
ID-2014-86873,First Class,Second Class
ES-2012-4765389,Second Class,Second Class
IN-2012-86635,Second Class,Second Class
ES-2014-3941562,Standard Class,Standard Class
ES-2014-3488377,Standard Class,Standard Class
CA-2012-149517,Standard Class,Standard Class
AO-2011-9910,Standard Class,Standard Class
CA-2014-124205,Standard Class,Standard Class
ID-2012-69954,First Class,Standard Class
ES-2011-5244045,Second Class,Standard Class
IN-2011-35920,First Class,Standard Class
CA-2014-108574,Standard Class,Standard Class
ID-2014-14066,Standard Class,Standard Class
ID-2014-61533,Standard Class,Standard Class
ES-2014-2387068,Second Class,Standard Class
ID-2014-85655,Standard Class,Standard Class
IT-2011-4370630,First Class,Standard Class
CA-2013-150483,Standard Class,Standard Class
ES-2011-5739780,Standard Class,Standard Class
ES-2012-1526824,Standard Class,Standard Class
CG-2011-8550,First Class,Standard Class
ES-2011-4665208,First Class,First Class
CA-2013-141586,First Class,Second Class
CA-2011-107524,Standard Class,Standard Class
CA-2014-135909,Standard Class,Standard Class
ID-2011-22011,Second Class,Standard Class
ES-2013-3927096,Standard Class,Standard Class
IN-2012-83254,Standard Class,Standard Class
IN-2012-79649,Standard Class,Standard Class
IN-2012-70157,Standard Class,Standard Class
ES-2011-1831867,First Class,First Class
ES-2011-4257071,Standard Class,Standard Class
ES-2014-4331796,First Class,Standard Class
ES-2012-2212320,Standard Class,Standard Class
ES-2011-4620955,Second Class,Standard Class
IN-2011-65264,Standard Class,Standard Class
IN-2012-83254,Standard Class,Standard Class
IN-2014-34128,Standard Class,Standard Class
ID-2011-50802,Same Day,Standard Class
ES-2013-2559061,First Class,Standard Class
ES-2013-1032140,Standard Class,Standard Class
ID-2013-10636,Standard Class,Standard Class
CG-2013-2860,Second Class,Standard Class
CA-2014-159597,Standard Class,Standard Class
ES-2012-2404634,Same Day,Standard Class
CA-2014-128944,Second Class,Standard Class
ES-2014-3993955,Standard Class,Standard Class
AG-2014-8620,Standard Class,Standard Class
ID-2012-84591,First Class,Standard Class
IN-2014-86796,Standard Class,Standard Class
IN-2013-37803,Standard Class,Standard Class
IN-2013-36193,Second Class,Standard Class
CA-2014-126144,Standard Class,Standard Class
AO-2013-2230,Standard Class,Standard Class
ES-2014-1274177,Standard Class,Standard Class
IN-2012-31944,Standard Class,Standard Class
AO-2013-1640,Second Class,Standard Class
IN-2013-10496,Standard Class,Standard Class
IN-2014-86810,Standard Class,Standard Class
IN-2012-23628,Standard Class,Standard Class
CA-2011-135755,Standard Class,Standard Class
CA-2012-141810,Standard Class,Standard Class
CA-2013-143476,First Class,Standard Class
IN-2012-63150,Second Class,Standard Class
ES-2014-2697033,Standard Class,Standard Class
CA-2014-119578,Second Class,Standard Class
CA-2011-158225,Standard Class,Standard Class
IT-2012-3676319,Standard Class,Standard Class
BN-2013-6580,First Class,Standard Class
ES-2012-5639743,Second Class,Standard Class
IN-2014-24951,Standard Class,Standard Class
IN-2014-75204,First Class,Standard Class
CA-2013-158435,First Class,Standard Class
ID-2013-69534,Second Class,Standard Class
IN-2014-44719,Same Day,Standard Class
CA-2014-129462,Second Class,Standard Class
ID-2013-60483,Standard Class,Standard Class
IR-2013-4110,Same Day,Standard Class
CA-2011-103989,First Class,Standard Class
CA-2011-165764,Standard Class,Standard Class
IR-2013-6110,Second Class,Standard Class
CA-2014-131632,Standard Class,Standard Class
ID-2014-58572,Standard Class,Standard Class
IN-2014-77157,Standard Class,Standard Class
IN-2011-78823,Standard Class,Standard Class
ES-2012-1724662,Standard Class,Standard Class
IN-2014-71480,Standard Class,Standard Class
ES-2013-5391833,Standard Class,Standard Class
CA-2014-156958,First Class,Standard Class
CA-2012-158421,Standard Class,Standard Class
IN-2014-66062,Standard Class,Standard Class
IR-2012-1430,Standard Class,Standard Class
CA-2011-163468,First Class,Standard Class
ES-2014-2578018,Standard Class,Standard Class
IN-2012-49220,Second Class,Second Class
ES-2012-2058076,Second Class,Standard Class
IN-2013-17699,Standard Class,Standard Class
ES-2014-2688044,Same Day,Standard Class
IN-2012-14871,Standard Class,Standard Class
IN-2011-54680,Same Day,Second Class
CA-2014-126662,Standard Class,Standard Class
ES-2012-4589770,Second Class,First Class
CA-2011-113166,First Class,Standard Class
IN-2014-39735,Second Class,Standard Class
ES-2013-5414306,Standard Class,Standard Class
IT-2012-2701284,Second Class,Standard Class
CA-2014-141439,Standard Class,Standard Class
CA-2011-100916,Standard Class,Standard Class
IR-2011-3500,Same Day,First Class
IN-2012-21703,First Class,Standard Class
EG-2013-9300,Second Class,Standard Class
ES-2013-5298706,Standard Class,Standard Class
ID-2011-83737,Standard Class,Standard Class
CM-2012-1680,Standard Class,Standard Class
IN-2014-35731,Same Day,First Class
IN-2013-63829,Standard Class,Standard Class
IN-2013-69730,First Class,Standard Class
ES-2013-3690526,Standard Class,Standard Class
ES-2014-1419291,Second Class,Standard Class
IN-2011-76842,Standard Class,Standard Class
IN-2012-71977,Second Class,Second Class
CA-2013-113621,Standard Class,Standard Class
IN-2014-52062,Standard Class,Standard Class
CM-2013-7050,Standard Class,Standard Class
CA-2014-150266,Standard Class,Standard Class
ES-2014-2525492,Standard Class,Standard Class
CA-2011-128237,Standard Class,Standard Class
CA-2014-115602,Standard Class,Standard Class
HU-2012-6070,Standard Class,Standard Class
ES-2014-4285009,Second Class,Standard Class
IN-2013-38405,Standard Class,Standard Class
CA-2014-144526,Standard Class,Standard Class
ID-2013-67539,Standard Class,Standard Class
ES-2013-2664096,First Class,Standard Class
IN-2013-36963,First Class,First Class
ID-2013-33421,First Class,First Class
ES-2011-2230157,Standard Class,Standard Class
ID-2013-25742,First Class,Standard Class
IN-2014-79278,Same Day,First Class
AG-2013-4150,Second Class,Standard Class
ID-2014-54841,Standard Class,Standard Class
ES-2014-1338508,Second Class,Standard Class
CA-2014-161774,First Class,Standard Class
CA-2014-130148,Second Class,Standard Class
IN-2012-56514,Standard Class,Standard Class
CA-2013-165218,Standard Class,Standard Class
CA-2012-126697,First Class,Standard Class
CA-2011-130575,First Class,Standard Class
ES-2014-1723161,Standard Class,Standard Class
IN-2011-54680,Same Day,Second Class
IT-2011-1097469,Standard Class,Standard Class
ES-2014-2938679,Standard Class,Standard Class
ES-2012-5499117,Second Class,Standard Class
IN-2013-52419,Standard Class,Standard Class
IN-2011-22928,First Class,Standard Class
ID-2013-63570,Standard Class,Standard Class
IN-2014-60840,First Class,Standard Class
ES-2014-4165651,Second Class,Standard Class
CA-2011-124730,Same Day,Standard Class
IN-2011-27212,Standard Class,Standard Class
CA-2012-164084,Standard Class,Standard Class
IN-2013-63542,Second Class,First Class
CA-2012-125563,Standard Class,Standard Class
CA-2014-118640,Standard Class,Standard Class
CA-2012-124541,Standard Class,Standard Class
IN-2012-70829,Standard Class,Standard Class
IN-2014-32812,Standard Class,Standard Class
IN-2013-44740,First Class,Standard Class
CA-2013-145583,Standard Class,Standard Class
ES-2012-3247635,Standard Class,Standard Class
ES-2012-5980468,Standard Class,Standard Class
ID-2012-45363,Standard Class,Standard Class
IN-2014-35311,Standard Class,Standard Class
IN-2013-57480,Second Class,Standard Class
CA-2013-165330,Same Day,First Class
CA-2012-168088,First Class,First Class
IT-2012-2737300,Standard Class,Standard Class
CA-2012-111164,Standard Class,Standard Class
CA-2014-161130,Standard Class,Standard Class
CA-2013-125094,Standard Class,Standard Class
ID-2012-86523,Second Class,Standard Class
CA-2013-106915,Standard Class,Standard Class
IT-2011-4648014,Standard Class,Standard Class
ID-2011-22172,First Class,Standard Class
ID-2014-78564,Standard Class,Standard Class
IN-2012-64116,Same Day,Standard Class
CA-2014-104885,Standard Class,Standard Class
CA-2013-165918,Standard Class,Standard Class
CA-2011-108189,First Class,Standard Class
HU-2011-1380,Same Day,First Class
ES-2013-5778561,First Class,Standard Class
IN-2014-58138,Standard Class,Standard Class
ID-2014-84269,First Class,Standard Class
IN-2013-26799,Standard Class,Standard Class
IN-2014-32084,Second Class,Standard Class
CA-2011-114433,Standard Class,Standard Class
IN-2013-66216,Standard Class,Standard Class
IN-2013-18805,Same Day,Standard Class
CA-2011-102295,Second Class,First Class
CA-2013-145261,First Class,Standard Class
ES-2014-3444885,Same Day,Standard Class
ES-2012-3465586,Standard Class,Standard Class
ES-2013-4122424,First Class,Standard Class
IN-2013-63773,First Class,First Class
ES-2013-4160663,Standard Class,Standard Class
CG-2014-3470,Second Class,Standard Class
ES-2013-3949502,Second Class,Standard Class
ID-2014-53784,Standard Class,Standard Class
ID-2011-56535,Standard Class,Standard Class
ES-2012-2340369,Second Class,Standard Class
CA-2013-129308,Standard Class,Standard Class
IN-2013-80111,Standard Class,Standard Class
IT-2012-4695448,Standard Class,Standard Class
EG-2014-7610,First Class,Standard Class
HR-2013-3120,Standard Class,Standard Class
ID-2013-45139,Standard Class,Standard Class
ES-2014-3754715,Standard Class,Standard Class
ID-2014-21542,Standard Class,Standard Class
ES-2011-5083754,Standard Class,Standard Class
IN-2014-62667,Standard Class,Standard Class
CA-2013-152170,Second Class,Standard Class
ES-2011-4665208,First Class,First Class
ES-2011-3749098,Standard Class,Standard Class
IN-2012-22900,Standard Class,Standard Class
IN-2011-81658,Second Class,Standard Class
ES-2013-2355379,First Class,Standard Class
IN-2013-55891,Standard Class,Standard Class
IN-2014-47134,Standard Class,Standard Class
IN-2011-55429,Standard Class,Standard Class
IN-2012-38958,Standard Class,Standard Class
IN-2014-21920,Standard Class,Standard Class
ES-2013-4020783,Second Class,Standard Class
IN-2013-84584,Second Class,Standard Class
ES-2014-1080192,Standard Class,Standard Class
IN-2011-34478,Same Day,Standard Class
CA-2011-107916,First Class,Standard Class
CA-2012-130974,Second Class,Standard Class
ES-2014-3881453,Standard Class,Standard Class
CG-2011-6740,First Class,Standard Class
IN-2014-51222,First Class,Standard Class
CA-2014-102407,Second Class,Standard Class
ES-2014-4957212,First Class,Standard Class
IT-2011-2889545,Standard Class,Standard Class
CA-2014-169285,Standard Class,Standard Class
ID-2014-77710,Second Class,Standard Class
CA-2014-155824,Standard Class,Standard Class
CA-2014-117667,Standard Class,Standard Class
CA-2013-162747,Second Class,Standard Class
CA-2014-161333,Standard Class,Standard Class
ES-2014-3430575,Second Class,Standard Class
IN-2012-84794,Standard Class,Standard Class
CA-2013-105585,First Class,Standard Class
CG-2013-3660,Standard Class,Standard Class
ES-2012-3263566,Standard Class,Standard Class
IN-2011-51859,First Class,Standard Class
CA-2014-126242,Standard Class,Standard Class
CA-2014-115651,First Class,First Class
IN-2012-76583,Standard Class,Standard Class
ES-2014-1012006,Second Class,First Class
CA-2013-112739,Second Class,Standard Class
CA-2013-137729,Standard Class,Standard Class
ES-2013-4834847,Standard Class,Standard Class
CA-2014-157469,Standard Class,Standard Class
CA-2012-105347,Standard Class,Standard Class
CA-2014-240,Standard Class,Standard Class
CA-2012-149083,Standard Class,Standard Class
IN-2014-14780,Standard Class,Standard Class
IN-2014-66755,Standard Class,Standard Class
IN-2012-44194,First Class,Standard Class
IN-2011-72215,Standard Class,Standard Class
IN-2011-31020,Second Class,Standard Class
ES-2014-3655961,Standard Class,Standard Class
IN-2013-27828,Standard Class,Standard Class
IT-2011-4565126,Second Class,Standard Class
ID-2014-83044,Standard Class,Standard Class
IN-2012-28171,First Class,Standard Class
IN-2012-64221,First Class,Standard Class
CA-2011-110786,Standard Class,Standard Class
CA-2014-109211,Standard Class,Standard Class
CA-2014-116288,Standard Class,Standard Class
CA-2013-140130,Standard Class,Standard Class
CA-2014-166835,Second Class,Standard Class
IN-2014-48758,Standard Class,Standard Class
IN-2012-53434,First Class,Standard Class
ID-2011-68834,Standard Class,Standard Class
ES-2014-3179581,First Class,Standard Class
CG-2014-5280,First Class,Standard Class
ES-2012-4072999,First Class,Standard Class
ID-2014-15774,Standard Class,Standard Class
ES-2014-5949760,Standard Class,Standard Class
CA-2012-127453,First Class,Standard Class
CA-2014-7480,Standard Class,Standard Class
IT-2011-2226067,Second Class,First Class
CA-2013-138688,Second Class,Standard Class
CA-2013-104689,Standard Class,Standard Class
ES-2011-4845310,Standard Class,Standard Class
ID-2013-53833,Standard Class,Standard Class
ES-2011-3746760,Standard Class,Standard Class
ID-2013-68841,Standard Class,Standard Class
EG-2013-4660,Standard Class,Standard Class
IR-2013-230,Standard Class,Standard Class
IN-2014-19967,Standard Class,Standard Class
CA-2011-129364,Standard Class,Standard Class
ES-2011-5921152,Standard Class,Standard Class
IT-2012-4155444,Standard Class,Standard Class
CA-2014-7680,Second Class,Standard Class
IN-2012-39889,Same Day,Standard Class
ES-2014-1779830,Standard Class,Standard Class
CA-2013-149503,First Class,Standard Class
CA-2012-141565,Standard Class,Standard Class
ES-2013-3877962,Standard Class,Standard Class
IN-2013-17734,Second Class,Standard Class
IR-2014-7720,Standard Class,Standard Class
ID-2013-53224,First Class,Standard Class
IN-2011-19351,First Class,Standard Class
CA-2014-111262,Second Class,Standard Class
ES-2013-4954697,Standard Class,Standard Class
CA-2012-113215,Standard Class,Standard Class
ES-2014-2769035,Standard Class,Standard Class
ES-2014-4329629,Second Class,Standard Class
ES-2013-1032140,Standard Class,Standard Class
CA-2012-125178,Standard Class,Standard Class
ID-2013-35647,Standard Class,Standard Class
IN-2014-43018,Second Class,Standard Class
CA-2014-113873,Standard Class,Standard Class
CA-2013-107475,Standard Class,Standard Class
CA-2013-168046,Second Class,Standard Class
ES-2012-1684145,Standard Class,Standard Class
IN-2012-35990,Standard Class,Standard Class
ES-2012-4662036,Standard Class,Standard Class
ES-2013-3635603,Standard Class,Standard Class
ID-2014-68099,First Class,Standard Class
CA-2013-121748,Second Class,Standard Class
ES-2013-2313397,Standard Class,Standard Class
CA-2014-166919,Standard Class,Standard Class
CA-2013-152765,First Class,Standard Class
ES-2014-2982781,Standard Class,Standard Class
IT-2012-5301604,Standard Class,Standard Class
ES-2012-4527901,Second Class,Standard Class
IN-2011-82547,Standard Class,Standard Class
CA-2014-144526,Standard Class,Standard Class
IN-2014-66755,Standard Class,Standard Class
IT-2012-4844477,Standard Class,Standard Class
CG-2014-9470,Standard Class,Standard Class
ID-2012-25518,First Class,Standard Class
IR-2012-9440,First Class,Standard Class
CA-2014-100622,Standard Class,Standard Class
CA-2013-135265,Second Class,First Class
IN-2014-13751,Standard Class,Standard Class
CA-2014-100825,Standard Class,Standard Class
CG-2013-8390,Standard Class,Standard Class
CA-2011-110184,Standard Class,Standard Class
ES-2012-3109926,Standard Class,Standard Class
BN-2014-9200,Standard Class,Standard Class
ID-2014-56220,Standard Class,Standard Class
IN-2012-86635,Second Class,Second Class
ES-2014-4625663,Standard Class,Standard Class
CA-2011-128846,Standard Class,Standard Class
ID-2014-78774,Standard Class,Standard Class
CA-2013-153353,Standard Class,Standard Class
ID-2011-22011,Second Class,Standard Class
CA-2014-103352,Second Class,Standard Class
CA-2011-142510,Standard Class,Standard Class
ID-2011-46483,Standard Class,Standard Class
CA-2012-133242,Standard Class,Standard Class
CA-2013-124254,Standard Class,Standard Class
ES-2014-2388184,Second Class,Standard Class
ES-2014-5885922,Standard Class,Standard Class
ES-2011-3259196,Same Day,First Class
IN-2013-34506,Standard Class,Standard Class
IN-2013-14773,Standard Class,Standard Class
ID-2012-10139,Standard Class,Standard Class
ES-2014-4435694,Standard Class,Standard Class
ES-2014-5345830,First Class,Standard Class
IN-2011-52748,Second Class,Standard Class
IN-2013-52454,Standard Class,Standard Class
CG-2013-1420,Second Class,Standard Class
ES-2013-2483088,Second Class,First Class
IN-2011-46490,Standard Class,Standard Class
ES-2013-2155035,Second Class,Standard Class
IS-2013-390,Second Class,First Class
ES-2012-4319979,First Class,Standard Class
IN-2013-35822,Standard Class,Standard Class
IN-2014-65194,Second Class,Standard Class
ES-2012-1422192,Standard Class,Standard Class
ES-2013-2633661,Second Class,First Class
CA-2011-117709,Standard Class,Standard Class
IT-2011-5951216,Standard Class,Standard Class
ES-2011-4316248,Standard Class,Standard Class
IN-2014-38223,Standard Class,Standard Class
CA-2014-167703,Standard Class,Standard Class
CA-2012-158421,Standard Class,Standard Class
IN-2011-19953,Standard Class,Standard Class
IT-2012-2549772,Standard Class,Standard Class
ES-2014-1027656,Second Class,First Class
ES-2014-1113356,First Class,Standard Class
ES-2012-2309141,First Class,Standard Class
ID-2014-85970,Standard Class,Standard Class
CA-2014-110478,Standard Class,Standard Class
IN-2013-36970,Standard Class,Standard Class
CA-2011-131947,Standard Class,Standard Class
CA-2011-143637,Second Class,Standard Class
CA-2012-105613,Standard Class,Standard Class
IN-2014-58957,First Class,Second Class
IN-2012-68918,Standard Class,Standard Class
IN-2013-53882,First Class,Standard Class
CA-2013-148201,Second Class,Standard Class
CA-2011-155796,Second Class,Standard Class
IN-2012-49346,Standard Class,Standard Class
ES-2014-2194172,Standard Class,Standard Class
ID-2011-26904,Standard Class,Standard Class
CA-2011-168368,Second Class,Standard Class
IN-2011-78263,Standard Class,Standard Class
IN-2013-73412,Standard Class,Standard Class
CA-2011-118192,Standard Class,Standard Class
CA-2014-118199,First Class,Standard Class
CA-2012-112130,Standard Class,Standard Class
IN-2013-67364,Standard Class,Standard Class
ID-2014-36263,First Class,Standard Class
ES-2012-1191762,Standard Class,Standard Class
CA-2012-120880,Standard Class,Standard Class
ES-2014-4385660,Second Class,Standard Class
CA-2012-104514,Second Class,First Class
CA-2014-147032,Standard Class,Standard Class
IN-2013-19484,Standard Class,Standard Class
CA-2011-104563,Standard Class,Standard Class
CA-2012-154340,First Class,Standard Class
IN-2014-24447,First Class,Standard Class
IN-2013-21381,Standard Class,Standard Class
ES-2012-1103132,Standard Class,Standard Class
CA-2011-148915,Standard Class,Standard Class
IN-2013-66272,First Class,Standard Class
ID-2014-37453,Standard Class,Standard Class
CA-2014-100111,Standard Class,Standard Class
ES-2014-5263546,Standard Class,Standard Class
IN-2011-69429,Standard Class,Standard Class
CA-2011-138198,Standard Class,Standard Class
CA-2013-165330,Same Day,First Class
IN-2013-62898,Second Class,Standard Class
ES-2014-3078855,Second Class,Standard Class
CA-2013-129126,Standard Class,Standard Class
IN-2014-37320,Standard Class,Standard Class
IN-2012-37411,Second Class,Standard Class
IN-2012-76093,Standard Class,Standard Class
CA-2012-166219,Standard Class,Standard Class
IN-2014-41345,Standard Class,Standard Class
ID-2011-66048,Standard Class,Standard Class
ES-2014-4995013,Standard Class,Standard Class
IN-2013-77878,Second Class,First Class
ES-2012-4002217,Standard Class,Standard Class
ID-2014-59279,First Class,First Class
CA-2013-110772,Second Class,Standard Class
CA-2013-102932,Second Class,Standard Class
IN-2014-35528,Standard Class,Standard Class
CA-2013-150945,Second Class,First Class
CA-2014-135279,First Class,Standard Class
IN-2012-54897,Standard Class,Standard Class
CA-2012-166975,Standard Class,Standard Class
IN-2011-52209,Standard Class,Standard Class
IT-2012-2429268,Second Class,Standard Class
IN-2013-42311,First Class,Standard Class
CA-2013-155992,First Class,First Class
CG-2014-7860,Standard Class,Standard Class
CA-2014-143021,Same Day,Standard Class
ID-2014-64242,Standard Class,Standard Class
IT-2011-1027688,Standard Class,Standard Class
IN-2014-22767,Standard Class,Standard Class
CA-2012-132388,First Class,First Class
CA-2012-100216,First Class,Standard Class
CA-2012-104346,Standard Class,Standard Class
ES-2014-4017894,Standard Class,Standard Class
ES-2011-5178055,Standard Class,Standard Class
ES-2012-4711076,Standard Class,Standard Class
CA-2012-490,Standard Class,Standard Class
ID-2014-11098,Standard Class,Standard Class
ES-2014-2271414,Standard Class,Standard Class
ES-2013-2235456,Second Class,Standard Class
CA-2013-126529,Second Class,Standard Class
CA-2013-130638,Second Class,Standard Class
IN-2014-24531,Standard Class,Standard Class
IN-2014-82470,Standard Class,Standard Class
IR-2014-5040,First Class,Standard Class
CA-2014-127026,Standard Class,Standard Class
CA-2014-100111,Standard Class,Standard Class
IN-2014-24405,Standard Class,Standard Class
IN-2011-39091,Standard Class,Standard Class
CA-2014-147767,Same Day,Standard Class
AG-2012-170,Second Class,First Class
ES-2014-2624465,Standard Class,Standard Class
ID-2013-26491,Standard Class,Standard Class
ES-2013-4349332,Standard Class,Standard Class
EG-2014-3640,Second Class,Standard Class
IR-2014-5450,First Class,Standard Class
IT-2011-3461936,Standard Class,Standard Class
GH-2014-4170,First Class,Standard Class
CA-2012-144253,Second Class,Standard Class
IN-2014-42941,First Class,Standard Class
ES-2012-3438393,Standard Class,Standard Class
ES-2014-5802920,First Class,Standard Class
EG-2014-460,Standard Class,Standard Class
IT-2012-2732419,Standard Class,Standard Class
ES-2011-1708709,Standard Class,Standard Class
IN-2014-13184,Standard Class,Standard Class
IN-2012-47750,First Class,First Class
IN-2013-59580,Standard Class,Standard Class
ES-2014-5922411,First Class,Standard Class
IT-2012-2549772,Standard Class,Standard Class
AL-2012-8670,Standard Class,Standard Class
IT-2011-1900372,Standard Class,Standard Class
IN-2013-40218,Standard Class,Standard Class
ES-2014-5838092,Standard Class,Standard Class
ES-2011-5911716,Standard Class,Standard Class
IN-2012-35752,Standard Class,Standard Class
CA-2013-105781,Standard Class,Standard Class
CA-2012-121272,Standard Class,Standard Class
IN-2013-42521,Second Class,First Class
CA-2012-163181,Standard Class,Standard Class
IN-2013-35745,Standard Class,Standard Class
CA-2011-140732,Second Class,Standard Class
ID-2011-74574,Standard Class,Standard Class
IN-2013-42080,Standard Class,Standard Class
ES-2014-5605089,Standard Class,Standard Class
ES-2013-5434707,Standard Class,Standard Class
ID-2014-85949,Second Class,Standard Class
IN-2013-37537,Standard Class,Standard Class
ES-2014-1913133,Second Class,Standard Class
EG-2013-8450,Standard Class,Standard Class
ES-2012-3298245,Standard Class,Standard Class
CA-2014-123778,Standard Class,Standard Class
CA-2013-152072,Standard Class,Standard Class
CA-2012-149587,Second Class,Standard Class
IN-2013-16712,Second Class,Standard Class
CA-2012-124058,Standard Class,Standard Class
CA-2011-153969,Standard Class,Standard Class
CA-2013-140081,Standard Class,Standard Class
CA-2014-137470,Same Day,Standard Class
IN-2013-57865,Standard Class,Standard Class
ID-2011-49710,Standard Class,Standard Class
IT-2011-4688263,Standard Class,Standard Class
IT-2012-1755975,First Class,Standard Class
IN-2014-23929,First Class,Standard Class
IN-2011-46728,Second Class,Standard Class
ES-2011-3341008,First Class,Standard Class
IN-2014-76058,First Class,Standard Class
EG-2013-2060,Standard Class,Standard Class
CA-2011-125612,Standard Class,Standard Class
ES-2014-2331802,Second Class,Standard Class
CA-2013-103128,Standard Class,Standard Class
CA-2014-128370,Same Day,First Class
IN-2014-18889,Second Class,Standard Class
CA-2012-155145,Second Class,Standard Class
IN-2011-62310,Standard Class,Standard Class
CA-2013-152471,Same Day,Standard Class
IN-2011-27534,First Class,Standard Class
ES-2012-4400520,Standard Class,Standard Class
CA-2013-128818,Standard Class,Standard Class
ES-2013-2368528,Standard Class,Standard Class
IN-2012-26624,Standard Class,Standard Class
CA-2014-126928,Standard Class,Standard Class
HU-2014-8110,Standard Class,Standard Class
CA-2014-127705,Standard Class,Standard Class
ES-2011-5276461,Standard Class,Standard Class
ID-2012-53959,Standard Class,Standard Class
ID-2014-32469,Standard Class,Standard Class
ES-2014-4635360,Standard Class,Standard Class
ES-2012-4782111,Same Day,Standard Class
ES-2011-4237527,First Class,Standard Class
CA-2013-162222,Same Day,Second Class
ES-2011-5265774,Same Day,First Class
CA-2013-104150,Second Class,First Class
EG-2011-4940,Standard Class,Standard Class
ID-2013-56927,Second Class,Standard Class
IN-2013-61134,Standard Class,Standard Class
IN-2012-80517,Second Class,Standard Class
IN-2012-74854,Second Class,First Class
CA-2013-133935,Standard Class,Standard Class
CA-2013-131639,Standard Class,Standard Class
AG-2012-2430,Standard Class,Standard Class
ID-2013-63640,First Class,First Class
HR-2014-1830,First Class,Standard Class
CA-2012-135510,Standard Class,Standard Class
IN-2013-49367,Standard Class,Standard Class
IN-2013-54673,Standard Class,Standard Class
IN-2012-60287,Second Class,Standard Class
ID-2012-86957,Standard Class,Standard Class
IN-2014-33834,First Class,First Class
ES-2013-4708384,Standard Class,Standard Class
GH-2011-8290,Standard Class,Standard Class
ID-2014-33582,Standard Class,Standard Class
CA-2014-106859,Second Class,Standard Class
EG-2012-8440,Standard Class,Standard Class
CA-2011-138359,Standard Class,Standard Class
IN-2011-74126,Second Class,Standard Class
CA-2013-148852,Standard Class,Standard Class
AJ-2011-4420,Same Day,First Class
ES-2012-2599182,Standard Class,Standard Class
IN-2012-67735,Second Class,Standard Class
IN-2013-31167,Standard Class,Standard Class
ID-2013-48149,Standard Class,Standard Class
CA-2011-163468,First Class,Standard Class
CA-2013-101525,Second Class,First Class
ES-2011-5940123,Second Class,Standard Class
ES-2013-5150619,First Class,Standard Class
CA-2013-3530,Standard Class,Standard Class
ES-2011-1426891,Second Class,First Class
IN-2012-27072,Standard Class,Standard Class
ES-2013-5662945,Standard Class,Standard Class
IN-2013-15732,First Class,Standard Class
ID-2011-50655,Standard Class,Standard Class
ES-2013-4599518,Standard Class,Standard Class
BO-2012-2360,Standard Class,Standard Class
IN-2012-45279,Standard Class,Standard Class
ES-2014-5605089,Standard Class,Standard Class
ES-2012-4245043,Second Class,Standard Class
ES-2014-4337039,Standard Class,Standard Class
IN-2014-68204,Standard Class,Standard Class
ES-2014-5625908,Same Day,First Class
EG-2012-6410,Second Class,Standard Class
IN-2014-37117,Standard Class,Standard Class
ES-2014-4859567,Second Class,First Class
ID-2011-69772,Standard Class,Standard Class
CA-2014-156776,Standard Class,Standard Class
IS-2011-7780,Standard Class,Standard Class
ID-2014-33659,Standard Class,Standard Class
EG-2013-2940,First Class,Second Class
CA-2014-123036,Standard Class,Standard Class
IN-2014-24041,Second Class,Standard Class
IN-2013-28892,Standard Class,Standard Class
CA-2014-8990,Standard Class,Standard Class
IN-2011-40155,Standard Class,Standard Class
CA-2013-122322,Standard Class,Standard Class
ID-2013-75610,First Class,Standard Class
IN-2013-21479,Standard Class,Standard Class
CA-2013-164672,Second Class,Standard Class
CA-2013-132661,Standard Class,Standard Class
IT-2012-2637730,Standard Class,Standard Class
ID-2012-85263,Same Day,Standard Class
CA-2012-167696,Standard Class,Standard Class
IT-2011-2600640,Standard Class,Standard Class
IR-2013-9980,Standard Class,Standard Class
CA-2013-146157,Standard Class,Standard Class
CA-2012-130204,Standard Class,Standard Class
IN-2011-34478,Same Day,Standard Class
IN-2013-34268,Standard Class,Standard Class
CA-2012-129217,Same Day,Standard Class
ES-2012-2483866,First Class,Standard Class
CA-2014-162572,Second Class,Standard Class
ES-2011-4845310,Standard Class,Standard Class
IN-2014-15872,Second Class,Standard Class
ES-2012-5455334,Second Class,Standard Class
CA-2011-143917,Second Class,Standard Class
ES-2013-3479105,Standard Class,Standard Class
CA-2014-153843,First Class,Standard Class
ES-2013-1185240,Standard Class,Standard Class
ES-2011-5380791,Standard Class,Standard Class
CG-2014-9290,Standard Class,Standard Class
ID-2014-86887,Standard Class,Standard Class
ID-2013-72243,Standard Class,Standard Class
ES-2013-3126391,Second Class,Standard Class
EG-2013-3080,First Class,Standard Class
ES-2012-2340369,Second Class,Standard Class
IT-2011-1373680,Standard Class,Standard Class
IN-2013-59888,First Class,Standard Class
IT-2012-3146139,Standard Class,Standard Class
ES-2014-1026046,Standard Class,Standard Class
EG-2011-4370,Standard Class,Standard Class
ID-2014-21374,Standard Class,Standard Class
CG-2011-7550,Standard Class,Standard Class
CA-2014-111332,Second Class,Standard Class
IN-2013-27772,Standard Class,Standard Class
IN-2014-69688,First Class,First Class
ES-2012-3797337,First Class,Standard Class
CA-2014-128734,Standard Class,Standard Class
IR-2012-3990,Second Class,Standard Class
IN-2014-22088,Standard Class,Standard Class
CA-2012-121650,Standard Class,Standard Class
CA-2013-7580,Second Class,Standard Class
ID-2012-85053,Second Class,Standard Class
ID-2014-52902,First Class,Standard Class
CA-2014-118136,First Class,Standard Class
ES-2013-1568724,Standard Class,Standard Class
IN-2012-71508,Standard Class,Standard Class
CA-2012-154886,Standard Class,Standard Class
CA-2012-116876,Standard Class,Standard Class
CA-2012-124800,Standard Class,Standard Class
CA-2014-105333,Standard Class,Standard Class
ES-2012-1139004,Second Class,Standard Class
ES-2012-5897153,Same Day,First Class
ID-2011-14220,Standard Class,Standard Class
IN-2013-79796,Standard Class,Standard Class
ES-2012-3376474,Standard Class,Standard Class
CA-2014-166415,Standard Class,Standard Class
ES-2014-1311351,Standard Class,Standard Class
ES-2014-1274177,Standard Class,Standard Class
ES-2012-1491373,Standard Class,Standard Class
ID-2011-65152,Standard Class,Standard Class
ES-2014-3078027,First Class,Standard Class
IN-2014-60616,Second Class,Standard Class
CA-2014-155292,First Class,First Class
CA-2012-137946,Second Class,First Class
ES-2013-3467296,Same Day,Second Class
ES-2014-2882418,Standard Class,Standard Class
ES-2013-5869536,Standard Class,Standard Class
IN-2014-27352,First Class,Standard Class
IN-2014-53070,Same Day,Standard Class
IN-2011-18203,Standard Class,Standard Class
CA-2012-129546,Standard Class,Standard Class
IN-2013-68456,Same Day,Standard Class
IR-2012-2200,Same Day,Standard Class
CA-2014-168396,Second Class,Standard Class
CA-2012-158491,Second Class,Standard Class
ES-2014-5295631,Same Day,First Class
CA-2013-165330,Same Day,First Class
ID-2012-73062,Second Class,First Class
CA-2011-159310,Standard Class,Standard Class
CA-2012-106362,Standard Class,Standard Class
IN-2012-80391,First Class,Standard Class
ES-2013-4608377,Standard Class,Standard Class
EZ-2014-2460,Standard Class,Standard Class
IT-2011-3586982,Standard Class,Standard Class
IN-2012-82918,Standard Class,Standard Class
CA-2011-154893,Standard Class,Standard Class
IN-2012-48548,Second Class,Standard Class
IN-2011-36179,Second Class,Standard Class
CA-2013-128531,Second Class,First Class
CA-2012-119690,First Class,Standard Class
CA-2011-141796,Same Day,First Class
ID-2012-64844,Standard Class,Standard Class
CA-2013-105732,Standard Class,Standard Class
BO-2012-5160,First Class,Standard Class
CA-2011-158372,Standard Class,Standard Class
ID-2013-83065,Standard Class,Standard Class
IN-2012-52223,Standard Class,Standard Class
ES-2014-5040315,First Class,First Class
HU-2013-3090,Standard Class,Standard Class
ES-2011-5273102,Standard Class,Standard Class
CA-2013-4660,Standard Class,Standard Class
IN-2014-29767,Standard Class,Standard Class
IN-2013-15732,First Class,Standard Class
ES-2014-2243017,Standard Class,Standard Class
CA-2013-163398,Standard Class,Standard Class
IN-2011-64585,Second Class,Standard Class
ES-2011-2466466,Standard Class,Standard Class
ID-2013-28339,Standard Class,Standard Class
ID-2014-54687,First Class,Standard Class
IN-2014-32770,Standard Class,Standard Class
CA-2014-132199,Standard Class,Standard Class
ID-2014-86670,Standard Class,Standard Class
IR-2014-6860,First Class,First Class
ES-2013-3456026,Second Class,Standard Class
CA-2011-136742,Standard Class,Standard Class
IN-2012-59433,First Class,Standard Class
IN-2013-26911,Standard Class,Standard Class
IN-2013-61841,Second Class,Standard Class
ES-2014-4535588,First Class,Standard Class
IR-2012-6560,Standard Class,Standard Class
ES-2012-5923089,Standard Class,Standard Class
ES-2012-1927421,Standard Class,Standard Class
IN-2012-26652,First Class,Standard Class
CM-2011-4100,Second Class,Standard Class
ES-2013-5988314,Standard Class,Standard Class
CA-2014-105487,Standard Class,Standard Class
ES-2013-1586127,Standard Class,Standard Class
CA-2011-124856,Second Class,Standard Class
ES-2012-5232287,Standard Class,Standard Class
CA-2011-126193,Standard Class,Standard Class
IN-2013-72355,Same Day,Standard Class
ID-2011-83737,Standard Class,Standard Class
IN-2014-28416,First Class,Standard Class
CA-2011-154963,Standard Class,Standard Class
ID-2014-21346,Standard Class,Standard Class
ES-2013-4135987,Second Class,First Class
CA-2012-127173,Standard Class,Standard Class
CA-2012-146290,Standard Class,Standard Class
CA-2011-154669,Second Class,Standard Class
ES-2012-2374376,First Class,Standard Class
IN-2011-85270,Second Class,Standard Class
CA-2013-9160,First Class,Standard Class
CG-2012-4330,Standard Class,Standard Class
CA-2011-115336,Standard Class,Standard Class
IN-2011-12764,Standard Class,Standard Class
HU-2013-3090,Standard Class,Standard Class
ES-2011-5793145,Standard Class,Standard Class
IN-2014-64396,Standard Class,Standard Class
IN-2012-40638,Second Class,Standard Class
IT-2012-4297670,Second Class,Standard Class
CA-2013-1880,Standard Class,Standard Class
CA-2011-144974,Standard Class,Standard Class
ES-2011-5867926,Standard Class,Standard Class
IT-2011-4913699,First Class,First Class
CA-2014-157112,First Class,First Class
ES-2012-3791638,Second Class,Standard Class
IN-2012-33470,Standard Class,Standard Class
IN-2013-67966,First Class,Standard Class
ES-2011-3192576,Second Class,Standard Class
IN-2011-85284,Standard Class,Standard Class
EZ-2013-1960,Standard Class,Standard Class
IN-2013-47911,Second Class,Standard Class
CA-2014-100055,Standard Class,Standard Class
ES-2013-5645871,Standard Class,Standard Class
ES-2012-5466966,Standard Class,Standard Class
CM-2012-710,Standard Class,Standard Class
ID-2014-27163,Second Class,Standard Class
IN-2014-64410,Standard Class,Standard Class
IN-2012-40547,First Class,Standard Class
ES-2014-2603261,Standard Class,Standard Class
ES-2013-2364306,Standard Class,Standard Class
IN-2011-50361,Standard Class,Standard Class
IT-2012-5367645,Standard Class,Standard Class
CA-2014-105914,Standard Class,Standard Class
CA-2012-113145,Standard Class,Standard Class
ES-2014-4359397,First Class,Standard Class
CA-2014-122539,Standard Class,Standard Class
CA-2011-113257,Second Class,Second Class
IN-2014-13051,Standard Class,Standard Class
ID-2012-50354,Standard Class,Standard Class
CA-2014-154116,Standard Class,Standard Class
AO-2013-7170,Standard Class,Standard Class
ES-2013-5540061,Same Day,Standard Class
ID-2011-13660,Second Class,Standard Class
IN-2013-82771,Same Day,Standard Class
IN-2011-72614,Second Class,Standard Class
IN-2012-74714,Same Day,Standard Class
CA-2014-154410,First Class,Standard Class
IN-2014-70822,First Class,Standard Class
IN-2012-30684,Standard Class,Standard Class
ES-2013-5676979,Standard Class,Standard Class
CA-2014-5120,Second Class,Standard Class
ES-2011-2776937,Standard Class,Standard Class
CA-2013-103037,Standard Class,Standard Class
IN-2012-50942,Second Class,Standard Class
ID-2013-53161,Standard Class,Standard Class
IN-2012-33288,Second Class,Standard Class
AO-2011-8260,Standard Class,Standard Class
ES-2011-1276768,Standard Class,Standard Class
ES-2012-2930401,Standard Class,Standard Class
CA-2013-142545,Standard Class,Standard Class
IN-2013-60868,Standard Class,Standard Class
IR-2013-7350,Standard Class,Standard Class
ES-2011-2846240,Second Class,Standard Class
GB-2012-3910,Second Class,Second Class
IN-2012-26099,Standard Class,Standard Class
CA-2013-140501,Standard Class,Standard Class
ID-2012-73125,Standard Class,Standard Class
IN-2011-25070,Standard Class,Standard Class
ES-2012-3800712,Same Day,Standard Class
ES-2014-5766954,Standard Class,Standard Class
ID-2014-54239,Standard Class,Standard Class
ID-2014-35521,Second Class,Standard Class
CA-2013-124590,Standard Class,Standard Class
CA-2011-129147,Standard Class,Standard Class
ES-2012-3884977,Second Class,Standard Class
ES-2014-1872792,First Class,Standard Class
ES-2011-5430994,First Class,Standard Class
EZ-2012-7090,Standard Class,Standard Class
IN-2011-47701,Same Day,Standard Class
ID-2014-86593,Standard Class,Standard Class
CA-2013-159940,Second Class,Standard Class
CA-2014-165904,Standard Class,Standard Class
CA-2011-100391,Standard Class,Standard Class
CA-2014-150910,Standard Class,Standard Class
IR-2013-6040,Standard Class,Standard Class
CA-2014-109960,Second Class,Standard Class
IN-2013-29578,First Class,Standard Class
CA-2011-130729,Standard Class,Standard Class
ID-2012-17006,Standard Class,Standard Class
CA-2014-160962,Standard Class,Standard Class
CA-2013-161928,Second Class,Standard Class
IT-2012-5084286,First Class,Standard Class
CA-2011-111157,Standard Class,Standard Class
CA-2014-124205,Standard Class,Standard Class
CA-2012-158456,Standard Class,Standard Class
CG-2011-6250,Standard Class,Standard Class
ES-2011-4852530,Standard Class,Standard Class
ID-2013-59062,Standard Class,Standard Class
ID-2014-43795,Same Day,Standard Class
IT-2012-2052939,Standard Class,Standard Class
IN-2014-22277,Standard Class,Standard Class
ID-2011-52377,Second Class,Standard Class
CA-2013-131835,Standard Class,Standard Class
ES-2012-1749192,Standard Class,Standard Class
ID-2014-77703,Standard Class,Standard Class
CA-2012-144190,Standard Class,Standard Class
CA-2014-151484,First Class,Standard Class
ES-2013-1535265,Standard Class,Standard Class
IN-2011-70570,Second Class,Standard Class
CA-2011-109932,First Class,Standard Class
CA-2014-133263,Second Class,Standard Class
CA-2012-109470,Second Class,Standard Class
IN-2013-26029,Same Day,Standard Class
CA-2014-111332,Second Class,Standard Class
ES-2011-5707696,Standard Class,Standard Class
CA-2014-163188,Same Day,Standard Class
IN-2011-46805,First Class,Standard Class
ES-2012-1382586,Standard Class,Standard Class
IN-2011-69177,Standard Class,Standard Class
EG-2012-240,Standard Class,Standard Class
ID-2013-12295,Same Day,Standard Class
CA-2012-124891,Same Day,First Class
IR-2012-3550,Standard Class,Standard Class
CA-2014-141117,Standard Class,Standard Class
HR-2014-2520,Standard Class,Standard Class
ES-2014-5099955,First Class,Standard Class
IN-2012-36396,Second Class,Standard Class
IN-2012-17783,Standard Class,Standard Class
ES-2014-3014144,First Class,Standard Class
ES-2014-5084020,Second Class,Standard Class
IN-2014-83177,Standard Class,Standard Class
CA-2014-109701,Same Day,Standard Class
ES-2014-4777800,First Class,First Class
CA-2013-111913,Second Class,Standard Class
ES-2014-2385129,Standard Class,Standard Class
CA-2014-107797,Second Class,Standard Class
AO-2013-6050,Standard Class,Standard Class
IN-2013-66923,Standard Class,Standard Class
ID-2014-13618,Second Class,Standard Class
ES-2012-2105894,First Class,Standard Class
IN-2014-72516,First Class,Standard Class
ID-2014-51509,Second Class,Second Class
ES-2013-4122424,First Class,Standard Class
IN-2012-44677,Standard Class,Standard Class
ES-2014-1359331,Second Class,Standard Class
CA-2011-168592,Standard Class,Standard Class
IS-2014-5010,Standard Class,Standard Class
IN-2012-72040,First Class,Standard Class
ID-2014-44131,Second Class,First Class
ES-2011-3805636,First Class,First Class
CA-2013-101336,Standard Class,Standard Class
CA-2013-115917,Standard Class,Standard Class
ES-2012-4804562,Standard Class,Standard Class
IN-2012-66090,First Class,Standard Class
IN-2011-67840,Standard Class,Standard Class
CA-2011-121727,Standard Class,Standard Class
CA-2013-116603,Standard Class,Standard Class
IT-2012-2666705,Standard Class,Standard Class
IN-2011-16215,Standard Class,Standard Class
ES-2012-5677397,Same Day,Standard Class
CA-2013-142902,Second Class,Standard Class
ES-2012-1382586,Standard Class,Standard Class
CG-2011-6740,First Class,Standard Class
IN-2013-31601,Standard Class,Standard Class
CA-2014-132262,First Class,Standard Class
IN-2014-48611,Standard Class,Standard Class
ES-2014-4937476,Second Class,Standard Class
ES-2013-5259588,Standard Class,Standard Class
CA-2012-142937,First Class,Standard Class
IN-2014-32770,Standard Class,Standard Class
IN-2014-76282,Second Class,Standard Class
IN-2012-82918,Standard Class,Standard Class
CA-2013-139549,Standard Class,Standard Class
ID-2014-37894,Same Day,Standard Class
ES-2012-4227357,Standard Class,Standard Class
IN-2011-19295,Standard Class,Standard Class
ES-2012-4346320,Standard Class,Standard Class
ES-2012-4424003,Standard Class,Standard Class
EG-2013-8790,Standard Class,Standard Class
IN-2012-11210,Second Class,Standard Class
ES-2011-4253699,Standard Class,Standard Class
ID-2011-15746,Same Day,First Class
ES-2011-1846006,First Class,Standard Class
IN-2011-73160,Standard Class,Standard Class
CA-2012-136805,Second Class,Standard Class
IN-2011-33183,Second Class,Standard Class
IN-2012-25973,Standard Class,Standard Class
EG-2012-730,First Class,Standard Class
CA-2013-800,Same Day,First Class
CA-2013-126270,Standard Class,Standard Class
CA-2013-145177,Standard Class,Standard Class
IN-2012-32343,Standard Class,Standard Class
CA-2014-144848,First Class,Standard Class
EZ-2014-2140,Standard Class,Standard Class
ES-2014-3399721,Standard Class,Standard Class
CA-2013-144344,Same Day,Standard Class
IT-2011-1765076,Same Day,Standard Class
IN-2014-86964,Standard Class,Standard Class
IN-2011-76338,Second Class,Standard Class
EG-2012-3730,Second Class,Second Class
IN-2014-20499,Second Class,Standard Class
IN-2012-81784,Same Day,Second Class
CA-2011-140816,Same Day,First Class
IN-2011-62261,Standard Class,Standard Class
IT-2011-5015979,Standard Class,Standard Class
IN-2012-76471,Standard Class,Standard Class
IN-2012-55653,Standard Class,Standard Class
IN-2014-54547,Standard Class,Standard Class
IN-2011-77885,Standard Class,Standard Class
CA-2014-109085,First Class,Standard Class
ES-2014-5666305,Standard Class,Standard Class
ES-2012-4907139,Standard Class,Standard Class
CA-2014-161851,First Class,Standard Class
CA-2013-116911,Standard Class,Standard Class
IN-2013-86740,Standard Class,Standard Class
ES-2011-3421954,Standard Class,Standard Class
CA-2014-141705,First Class,Standard Class
ES-2012-5238758,Standard Class,Standard Class
IN-2011-25588,Standard Class,Standard Class
IN-2014-64137,Standard Class,Standard Class
CA-2013-155978,Same Day,Standard Class
ES-2013-4477075,First Class,Standard Class
CA-2014-121216,Second Class,Second Class
AO-2012-2480,Standard Class,Standard Class
CA-2012-142202,Second Class,Standard Class
IN-2014-60840,First Class,Standard Class
CA-2014-132178,Second Class,Standard Class
ES-2013-5523206,Standard Class,Standard Class
IN-2014-12225,Same Day,Standard Class
IN-2012-60644,Standard Class,Standard Class
AG-2013-8490,Second Class,Standard Class
ES-2012-2468694,Standard Class,Standard Class
CA-2012-112130,Standard Class,Standard Class
CA-2011-109232,Second Class,Standard Class
CA-2011-124618,Second Class,First Class
ES-2013-5080538,Second Class,Standard Class
IN-2014-63059,Standard Class,Standard Class
ID-2014-25497,Second Class,Standard Class
ID-2011-36172,Standard Class,Standard Class
ID-2012-73153,Standard Class,Standard Class
CA-2014-168403,Standard Class,Standard Class
CA-2014-126774,First Class,First Class
IR-2011-9930,Standard Class,Standard Class
CA-2013-142895,Standard Class,Standard Class
ES-2014-1648769,Second Class,Standard Class
IN-2011-38202,Standard Class,Standard Class
ES-2014-2139416,First Class,Standard Class
HU-2013-4630,Standard Class,Standard Class
IR-2011-360,Standard Class,Standard Class
CA-2014-4080,Standard Class,Standard Class
CA-2011-102274,Standard Class,Standard Class
ES-2012-1484906,Second Class,Standard Class
ES-2012-5870268,Standard Class,Standard Class
CA-2013-146941,First Class,Standard Class
ES-2013-3228066,Standard Class,Standard Class
CA-2014-121804,Standard Class,Standard Class
ID-2012-81196,First Class,Standard Class
IN-2013-31055,Standard Class,Standard Class
IN-2014-41786,Standard Class,Standard Class
IN-2011-79761,Standard Class,Standard Class
ES-2013-1667528,Same Day,First Class
CA-2013-108196,Standard Class,Standard Class
IN-2014-20408,Standard Class,Standard Class
ES-2012-3697227,Standard Class,Standard Class
IN-2014-22557,Standard Class,Standard Class
CA-2011-114790,Second Class,Standard Class
ES-2014-5160909,Standard Class,Standard Class
IR-2013-3510,Standard Class,Standard Class
IN-2014-66888,Standard Class,Standard Class
IN-2011-64361,Second Class,Standard Class
IN-2012-54722,Second Class,Standard Class
CA-2012-149566,Standard Class,Standard Class
CA-2014-116680,Second Class,Standard Class
IT-2011-2396037,Standard Class,Standard Class
ES-2012-1771958,Standard Class,Standard Class
EG-2012-9990,First Class,Standard Class
IN-2014-19022,Standard Class,Standard Class
ID-2014-42717,Standard Class,Standard Class
CA-2014-110443,Standard Class,Standard Class
ES-2013-4643172,Standard Class,Standard Class
IN-2013-28297,Standard Class,Standard Class
ES-2011-5701425,Standard Class,Standard Class
GH-2013-2810,Second Class,Standard Class
ES-2014-4592758,Standard Class,Standard Class
ES-2013-4380115,Standard Class,Standard Class
ES-2014-3936194,Standard Class,Standard Class
HU-2013-4270,Standard Class,Standard Class
CM-2014-8250,Same Day,Second Class
IN-2011-26967,Standard Class,Standard Class
CA-2014-128699,Second Class,Standard Class
IN-2014-29256,Second Class,Standard Class
EG-2012-9030,Standard Class,Standard Class
CA-2014-149944,Second Class,Standard Class
ES-2013-2435824,Standard Class,Standard Class
IT-2012-4338663,Standard Class,Standard Class
CA-2012-119690,First Class,Standard Class
CA-2014-127397,Standard Class,Standard Class
ES-2011-5118812,Standard Class,Standard Class
CA-2013-106530,Same Day,First Class
ID-2013-49248,First Class,Standard Class
ID-2013-19792,Second Class,Standard Class
CA-2012-140718,First Class,Standard Class
CA-2011-102673,Standard Class,Standard Class
CA-2014-110905,Second Class,Standard Class
CA-2013-162082,First Class,Standard Class
ES-2011-4699764,Second Class,First Class
IT-2012-3641925,Second Class,Standard Class
ES-2012-3208808,First Class,Standard Class
IN-2011-62450,Standard Class,Standard Class
CA-2013-134474,Second Class,Standard Class
IN-2011-22368,Standard Class,Standard Class
CA-2011-131051,Standard Class,Standard Class
CA-2014-167941,Second Class,Standard Class
AU-2013-2590,Same Day,Standard Class
ES-2013-5239444,Second Class,Standard Class
IN-2014-67238,Standard Class,Standard Class
ID-2012-79586,Standard Class,Standard Class
ES-2014-4971381,Second Class,Standard Class
IT-2011-4317663,Standard Class,Standard Class
CA-2014-103478,Second Class,First Class
CA-2012-137064,Standard Class,Standard Class
ES-2014-5582426,Standard Class,Standard Class
CA-2014-146724,Standard Class,Standard Class
ES-2012-3802742,Standard Class,Standard Class
IN-2012-80391,First Class,Standard Class
CM-2012-2220,Standard Class,Standard Class
IN-2012-48135,Second Class,Second Class
IN-2013-16026,Standard Class,Standard Class
ES-2012-2424799,Standard Class,Standard Class
ES-2014-2538935,Standard Class,Standard Class
CA-2013-116918,Second Class,Standard Class
IN-2014-74077,Standard Class,Standard Class
ES-2012-5770374,Same Day,Standard Class
IN-2011-32581,Standard Class,Standard Class
IR-2013-6870,Standard Class,Standard Class
CA-2012-153416,Standard Class,Standard Class
ES-2012-4574908,Same Day,Standard Class
CA-2014-161046,Same Day,Standard Class
ES-2014-5500680,Standard Class,Standard Class
ES-2014-4299662,Standard Class,Standard Class
ES-2014-2375662,Second Class,Standard Class
IN-2012-29046,Second Class,Standard Class
IN-2013-48324,Standard Class,Standard Class
ES-2013-2475819,Standard Class,Standard Class
IR-2013-8180,First Class,Standard Class
ES-2013-2105318,Standard Class,Standard Class
IT-2011-5910162,Standard Class,Standard Class
ES-2011-3937871,Second Class,Standard Class
CA-2013-120824,Second Class,Standard Class
IN-2012-24426,Standard Class,Standard Class
ES-2011-2251272,Second Class,Standard Class
IN-2013-37103,Same Day,Standard Class
IN-2013-79292,Standard Class,Standard Class
ES-2013-4701811,Standard Class,Standard Class
IR-2011-3940,First Class,Standard Class
ID-2012-76457,Standard Class,Standard Class
CA-2014-132199,Standard Class,Standard Class
CA-2014-6280,First Class,First Class
ID-2014-52797,Standard Class,Standard Class
ID-2011-21101,First Class,Standard Class
IN-2012-12981,Standard Class,Standard Class
IT-2011-4688263,Standard Class,Standard Class
IN-2013-71585,Second Class,Second Class
CA-2011-133592,Standard Class,Standard Class
IN-2012-50592,Standard Class,Standard Class
CA-2013-102596,First Class,Standard Class
IN-2012-63080,Standard Class,Standard Class
CA-2011-162992,First Class,Standard Class
IN-2013-80209,Second Class,Standard Class
IT-2011-2204228,Standard Class,Standard Class
CA-2014-157987,Standard Class,Standard Class
CA-2014-116946,Standard Class,Standard Class
IN-2013-19869,Standard Class,Standard Class
ES-2011-4801998,Second Class,Standard Class
ID-2012-22858,Standard Class,Standard Class
ES-2013-4643172,Standard Class,Standard Class
IT-2012-4635720,Standard Class,Standard Class
CA-2013-119165,Standard Class,Standard Class
IN-2011-23138,Second Class,Standard Class
AG-2014-8620,Standard Class,Standard Class
ES-2013-3927096,Standard Class,Standard Class
CA-2012-139164,Standard Class,Standard Class
CA-2013-157686,First Class,Standard Class
ES-2012-2859554,First Class,Standard Class
CA-2013-144344,Same Day,Standard Class
CA-2012-144386,Standard Class,Standard Class
ID-2014-78774,Standard Class,Standard Class
CA-2011-127166,Second Class,First Class
ES-2012-4014694,Second Class,Standard Class
CA-2014-133095,Same Day,First Class
CA-2014-107958,First Class,Standard Class
CA-2013-118500,First Class,Standard Class
ES-2012-4727188,Second Class,Standard Class
IN-2011-33463,Standard Class,Standard Class
EG-2014-5250,Second Class,Standard Class
ES-2011-3091823,Standard Class,Standard Class
ID-2011-86950,First Class,First Class
CA-2014-113481,First Class,Standard Class
CA-2012-164882,Same Day,First Class
CA-2011-154095,Standard Class,Standard Class
EG-2011-7790,Standard Class,Standard Class
CA-2012-9570,Standard Class,Standard Class
ES-2014-2271414,Standard Class,Standard Class
ES-2013-4900191,Standard Class,Standard Class
CA-2013-106950,Standard Class,Standard Class
ES-2013-2061669,First Class,Standard Class
CA-2012-113628,Standard Class,Standard Class
IN-2014-71095,Same Day,Standard Class
IR-2014-510,Standard Class,Standard Class
CA-2014-102974,Standard Class,Standard Class
EG-2011-7860,First Class,Standard Class
ES-2012-4424003,Standard Class,Standard Class
CA-2011-129924,Standard Class,Standard Class
ES-2014-3860822,First Class,First Class
IR-2011-9930,Standard Class,Standard Class
CA-2014-158169,First Class,Standard Class
IN-2011-54190,Standard Class,Standard Class
IN-2012-40253,Standard Class,Standard Class
ES-2013-4142253,Standard Class,Standard Class
AG-2014-2760,Standard Class,Standard Class
IN-2012-60287,Second Class,Standard Class
IT-2011-5084706,Standard Class,Standard Class
CA-2011-115791,Second Class,First Class
IN-2012-55618,Standard Class,Standard Class
ID-2014-65754,Standard Class,Standard Class
ES-2012-4727188,Second Class,Standard Class
CA-2014-169327,Second Class,Standard Class
CA-2011-133690,First Class,Standard Class
CA-2014-100111,Standard Class,Standard Class
ES-2011-5961845,Standard Class,Standard Class
EG-2014-5510,Standard Class,Standard Class
IN-2012-59538,Standard Class,Standard Class
IN-2013-65677,First Class,First Class
IN-2012-14871,Standard Class,Standard Class
ES-2013-4034655,Standard Class,Standard Class
ES-2014-4841141,Same Day,First Class
CA-2012-123939,Second Class,Standard Class
ID-2013-54344,Standard Class,Standard Class
ES-2014-4706940,Standard Class,Standard Class
ES-2013-5482499,Second Class,Standard Class
IN-2013-82603,Second Class,Standard Class
CA-2011-147914,Standard Class,Standard Class
IN-2012-44194,First Class,Standard Class
ID-2014-26960,Second Class,Standard Class
CA-2014-133648,Standard Class,Standard Class
ID-2014-55562,First Class,Standard Class
IN-2013-20107,Standard Class,Standard Class
CG-2011-7070,Same Day,Second Class
ES-2014-2959093,Standard Class,Standard Class
ID-2012-46210,Standard Class,Standard Class
ES-2014-4138832,Standard Class,Standard Class
GG-2012-6270,Standard Class,Standard Class
IR-2014-6580,Standard Class,Standard Class
IR-2013-6110,Second Class,Standard Class
IN-2011-12526,Standard Class,Standard Class
ID-2012-35843,Same Day,Standard Class
ID-2012-44173,Standard Class,Standard Class
ID-2011-37621,First Class,First Class
CA-2014-124716,Standard Class,Standard Class
CA-2013-154053,Standard Class,Standard Class
ES-2012-2212320,Standard Class,Standard Class
ID-2014-11056,Second Class,Standard Class
CA-2011-168312,Standard Class,Standard Class
IN-2013-31153,Second Class,Standard Class
IN-2013-60378,Standard Class,Standard Class
IN-2014-41093,Second Class,Standard Class
ES-2014-4875323,Standard Class,Standard Class
ES-2014-5400129,Standard Class,Standard Class
CA-2014-110842,Standard Class,Standard Class
ID-2013-33610,First Class,Standard Class
ID-2014-82568,Standard Class,Standard Class
IN-2014-67553,Standard Class,Standard Class
HU-2011-1380,Same Day,First Class
IN-2014-13807,Standard Class,Standard Class
CA-2013-123806,Second Class,First Class
IT-2011-2558119,Standard Class,Standard Class
CA-2014-147277,Standard Class,Standard Class
IN-2014-26260,Second Class,Standard Class
IN-2013-18105,First Class,First Class
IN-2013-31447,Standard Class,Standard Class
ES-2014-4783477,Second Class,Standard Class
IN-2011-61253,First Class,Standard Class
IT-2011-4429506,Standard Class,Standard Class
CA-2013-165330,Same Day,First Class
IN-2012-24132,Second Class,Standard Class
CA-2013-101966,Second Class,Standard Class
CA-2012-109862,Standard Class,Standard Class
IN-2011-53469,Standard Class,Standard Class
IN-2012-45972,Standard Class,Standard Class
IR-2012-4680,Standard Class,Standard Class
CA-2013-129280,First Class,Standard Class
IN-2014-18049,First Class,First Class
IN-2014-50795,Standard Class,Standard Class
ES-2013-5634442,First Class,First Class
CA-2014-154088,Standard Class,Standard Class
IN-2014-75470,Second Class,Standard Class
ID-2013-65432,Standard Class,Standard Class
CA-2012-153416,Standard Class,Standard Class
IN-2013-67196,Second Class,First Class
IN-2013-57046,Second Class,Standard Class
ES-2012-4424003,Standard Class,Standard Class
IN-2013-64732,Second Class,First Class
IN-2014-18917,Second Class,Standard Class
ES-2014-4673578,Second Class,Standard Class
ES-2014-4699532,Second Class,Standard Class
CA-2014-132521,Second Class,First Class
IN-2013-42521,Second Class,First Class
IN-2013-28325,Standard Class,Standard Class
ID-2014-56059,Second Class,Standard Class
ID-2013-71704,Standard Class,Standard Class
IN-2011-76898,Second Class,Standard Class
IN-2014-17426,Standard Class,Standard Class
IN-2013-76275,Standard Class,Standard Class
ES-2013-1172576,Standard Class,Standard Class
ID-2013-35402,Standard Class,Standard Class
CA-2014-164000,Standard Class,Standard Class
CA-2014-120138,Same Day,First Class
EG-2012-1850,Standard Class,Standard Class
ES-2014-2022735,Second Class,Standard Class
CA-2011-163447,Standard Class,Standard Class
CA-2014-157273,First Class,Standard Class
CA-2014-138779,First Class,Second Class
IN-2014-42563,Standard Class,Standard Class
IT-2012-2361211,Standard Class,Standard Class
ID-2012-59181,First Class,Standard Class
CA-2014-134635,Second Class,First Class
IN-2013-86439,Second Class,Standard Class
IN-2011-46413,Same Day,Second Class
CA-2012-169677,Second Class,Standard Class
ES-2011-4093113,First Class,Standard Class
ES-2012-2974297,Second Class,Standard Class
IN-2013-27639,Standard Class,Standard Class
CG-2013-4760,Standard Class,Standard Class
ES-2011-2339332,Standard Class,Standard Class
ES-2012-3761154,Standard Class,Standard Class
CA-2014-164028,Standard Class,Standard Class
CA-2014-104640,Standard Class,Standard Class
ES-2012-1590834,Second Class,Standard Class
CA-2014-112984,Second Class,Standard Class
GB-2012-6200,Standard Class,Standard Class
IN-2014-45174,Standard Class,Standard Class
AO-2011-4910,Standard Class,Standard Class
ES-2013-1787717,Second Class,Standard Class
IN-2011-67784,Standard Class,Standard Class
IN-2014-57410,Standard Class,Standard Class
ES-2014-1920688,Second Class,Standard Class
IN-2014-12330,Standard Class,Standard Class
CA-2014-105921,Standard Class,Standard Class
ES-2014-2400163,Standard Class,Standard Class
ES-2014-2189069,Same Day,Standard Class
IN-2012-31867,Standard Class,Standard Class
ID-2012-26463,Same Day,Standard Class
ID-2014-25077,Standard Class,Standard Class
CA-2014-113530,Second Class,Standard Class
GH-2014-8580,Second Class,Standard Class
CA-2014-139304,Standard Class,Standard Class
IN-2014-14458,Standard Class,Standard Class
IN-2012-24867,Second Class,Standard Class
CA-2014-124597,Standard Class,Standard Class
ES-2013-5791015,Standard Class,Standard Class
IR-2014-4150,Standard Class,Standard Class
ES-2013-2527425,Same Day,First Class
CA-2011-100363,Standard Class,Standard Class
CA-2014-134880,Standard Class,Standard Class
ES-2014-2981573,Second Class,Standard Class
CA-2013-105585,First Class,Standard Class
IR-2013-4330,Standard Class,Standard Class
CA-2013-136021,Standard Class,Standard Class
CA-2013-163573,First Class,Standard Class
ES-2014-1197792,First Class,Standard Class
CA-2014-134565,Second Class,Standard Class
CA-2013-100041,Standard Class,Standard Class
ES-2013-1007331,Standard Class,Standard Class
CA-2013-162313,First Class,Standard Class
CA-2013-133935,Standard Class,Standard Class
ES-2014-3937023,Standard Class,Standard Class
CA-2014-149160,Second Class,Standard Class
CA-2013-146836,Same Day,Standard Class
CA-2013-125087,Standard Class,Standard Class
CA-2011-131009,Standard Class,Standard Class
ES-2013-5254576,Same Day,First Class
ID-2013-70122,Standard Class,Standard Class
EG-2014-480,First Class,Standard Class
IN-2013-40533,Standard Class,Standard Class
ES-2014-2557751,Standard Class,Standard Class
IN-2013-36837,Second Class,Standard Class
IT-2012-2093927,First Class,Standard Class
CA-2012-118843,Standard Class,Standard Class
CA-2013-157511,First Class,Standard Class
ES-2013-1218192,Second Class,Standard Class
CA-2014-163335,First Class,Standard Class
ID-2013-67539,Standard Class,Standard Class
IN-2011-18959,Standard Class,Standard Class
IN-2013-59755,Second Class,Standard Class
ES-2013-2396417,Standard Class,Standard Class
IN-2013-76646,Standard Class,Standard Class
ES-2011-1527372,First Class,Standard Class
IN-2013-13583,Standard Class,Standard Class
CA-2012-153878,Standard Class,Standard Class
CG-2014-5570,Standard Class,Standard Class
IT-2011-4664416,Standard Class,Standard Class
IN-2014-69506,Standard Class,Standard Class
CA-2011-132864,Standard Class,Standard Class
ES-2012-4868521,First Class,Standard Class
ES-2014-1204770,Standard Class,Standard Class
ID-2014-83198,Standard Class,Standard Class
IN-2013-59888,First Class,Standard Class
ES-2013-5746149,Standard Class,Standard Class
IR-2013-420,Standard Class,Standard Class
CA-2011-127936,First Class,Standard Class
IN-2012-65880,Standard Class,Standard Class
CA-2013-115574,First Class,Standard Class
CA-2014-149489,First Class,First Class
IN-2014-25854,Second Class,Standard Class
CA-2014-153339,Second Class,Standard Class
CA-2013-120873,Second Class,Standard Class
ES-2011-5421072,Second Class,Standard Class
CA-2012-144806,Standard Class,Standard Class
CA-2014-157987,Standard Class,Standard Class
ES-2013-5007470,Standard Class,Standard Class
CA-2012-103135,Standard Class,Standard Class
ES-2012-5284545,Standard Class,Standard Class
CA-2013-146423,Same Day,Standard Class
CA-2012-124541,Standard Class,Standard Class
CA-2012-129917,First Class,Standard Class
ES-2013-4374499,Standard Class,Standard Class
CA-2012-167255,Second Class,Standard Class
IN-2013-73342,Second Class,Standard Class
CA-2011-105270,Standard Class,Standard Class
CA-2013-131744,Second Class,Standard Class
CG-2014-5280,First Class,Standard Class
IN-2012-63395,Standard Class,Standard Class
CA-2013-159212,Standard Class,Standard Class
ES-2013-4777583,Standard Class,Standard Class
AO-2014-6900,Standard Class,Standard Class
CA-2014-159667,Standard Class,Standard Class
IN-2014-41163,Standard Class,Standard Class
IN-2014-40932,Standard Class,Standard Class
ES-2013-4398455,Standard Class,Standard Class
ES-2014-3097580,First Class,Standard Class
ES-2014-1006059,Standard Class,Standard Class
AG-2013-9890,Standard Class,Standard Class
IN-2011-30824,First Class,Standard Class
CA-2011-108189,First Class,Standard Class
IN-2013-32910,First Class,Standard Class
ES-2012-2740636,Standard Class,Standard Class
ES-2014-1314291,Standard Class,Standard Class
ID-2014-84262,Second Class,Second Class
ID-2011-77619,First Class,First Class
BK-2014-7550,Standard Class,Standard Class
IN-2012-41177,Standard Class,Standard Class
ES-2014-4576851,Standard Class,Standard Class
ID-2013-34051,Second Class,Standard Class
CA-2014-156622,First Class,Standard Class
ES-2012-5158081,Standard Class,Standard Class
CA-2012-155124,Standard Class,Standard Class
ES-2014-1956763,Standard Class,Standard Class
CA-2012-100818,Second Class,Standard Class
IN-2014-45426,Standard Class,Standard Class
CA-2014-168900,Standard Class,Standard Class
ES-2011-1974768,Standard Class,Standard Class
ES-2012-5833893,Standard Class,Standard Class
ES-2013-5880767,First Class,Standard Class
ES-2014-5590313,First Class,Standard Class
CA-2012-152891,Standard Class,Standard Class
ES-2012-4907139,Standard Class,Standard Class
IN-2014-13863,Standard Class,Standard Class
CA-2013-157707,First Class,Standard Class
ES-2014-2022735,Second Class,Standard Class
ID-2014-64165,Second Class,Standard Class
IN-2011-44761,Standard Class,Standard Class
ES-2012-5630828,Standard Class,Standard Class
ES-2014-1871238,Standard Class,Standard Class
IN-2012-60714,Standard Class,Standard Class
ID-2013-36242,Second Class,Standard Class
CA-2014-107825,Same Day,Standard Class
ES-2014-2406018,Standard Class,Standard Class
CA-2014-117079,Standard Class,Standard Class
ID-2014-54365,First Class,Standard Class
IT-2012-4835449,Standard Class,Standard Class
ID-2013-78298,Standard Class,Standard Class
ID-2011-67301,Standard Class,Standard Class
IN-2012-68561,Standard Class,Standard Class
ES-2012-2680511,Second Class,Standard Class
CG-2014-1640,First Class,Second Class
CA-2014-147032,Standard Class,Standard Class
IN-2014-14780,Standard Class,Standard Class
IN-2013-66923,Standard Class,Standard Class
IN-2013-34618,Standard Class,Standard Class
BO-2014-1510,Standard Class,Standard Class
IN-2014-78396,Standard Class,Standard Class
ES-2012-3181108,Standard Class,Standard Class
IN-2014-45734,Standard Class,Standard Class
ES-2011-5287434,Standard Class,Standard Class
CA-2014-109757,Second Class,Standard Class
ES-2013-1669743,First Class,First Class
CA-2012-132626,Standard Class,Standard Class
CA-2014-140151,First Class,Standard Class
IN-2014-23929,First Class,Standard Class
CA-2013-136133,Second Class,Standard Class
ES-2014-2920154,First Class,First Class
GH-2014-4170,First Class,Standard Class
ES-2014-4107155,Second Class,Standard Class
ES-2013-4451091,Second Class,Second Class
CA-2014-102974,Standard Class,Standard Class
CA-2013-111976,Standard Class,Standard Class
IN-2012-46903,Second Class,Standard Class
IN-2014-62170,Standard Class,Standard Class
IN-2012-68918,Standard Class,Standard Class
ES-2014-2426460,Same Day,Standard Class
IN-2014-85823,First Class,Standard Class
CA-2014-145877,Second Class,Standard Class
IT-2011-2558119,Standard Class,Standard Class
CA-2012-163762,Standard Class,Standard Class
CA-2012-106978,Standard Class,Standard Class
ES-2014-2688044,Same Day,Standard Class
ID-2014-30418,Same Day,First Class
ES-2011-5608714,Standard Class,Standard Class
CA-2012-122406,Second Class,Standard Class
CA-2014-121293,Second Class,Standard Class
IN-2011-25084,First Class,First Class
ES-2011-1058269,Standard Class,Standard Class
CA-2012-121783,Standard Class,Standard Class
CA-2014-124744,Standard Class,Standard Class
EG-2014-9970,First Class,Standard Class
ID-2013-30495,Standard Class,Standard Class
ES-2014-4598380,Standard Class,Standard Class
EG-2014-6520,Standard Class,Standard Class
ES-2013-2538836,Standard Class,Standard Class
IN-2013-25861,Standard Class,Standard Class
IN-2011-49563,Second Class,Standard Class
CA-2013-140018,Standard Class,Standard Class
IR-2011-6850,Standard Class,Standard Class
IN-2011-48107,Standard Class,Standard Class
IN-2011-86572,Second Class,Standard Class
CA-2013-111213,Standard Class,Standard Class
IN-2013-83485,Standard Class,Standard Class
IT-2011-2556136,Standard Class,Standard Class
CA-2014-119564,Standard Class,Standard Class
CA-2012-165624,Standard Class,Standard Class
ES-2012-2922477,Standard Class,Standard Class
ES-2014-5468847,Standard Class,Standard Class
ID-2014-48849,Standard Class,Standard Class
CA-2014-122798,Standard Class,Standard Class
ES-2014-1474425,Standard Class,Standard Class
ES-2011-4880899,Standard Class,Standard Class
CA-2012-110093,Standard Class,Standard Class
IN-2011-54302,Second Class,Standard Class
CA-2014-950,First Class,First Class
IN-2014-28388,Standard Class,Standard Class
ES-2013-5144015,Standard Class,Standard Class
ES-2012-2468694,Standard Class,Standard Class
ES-2011-5898391,First Class,Standard Class
IT-2012-1180980,Second Class,Standard Class
CA-2014-126382,Standard Class,Standard Class
CA-2011-112326,Standard Class,Standard Class
CA-2011-131450,Standard Class,Standard Class
CA-2011-108707,Standard Class,Standard Class
CA-2012-136658,Standard Class,Standard Class
IN-2013-36557,Standard Class,Standard Class
CA-2012-103135,Standard Class,Standard Class
CA-2014-112172,Second Class,Standard Class
ES-2012-4913400,Standard Class,Standard Class
ES-2013-2048769,Second Class,First Class
CG-2014-8350,Standard Class,Standard Class
ID-2012-39903,Standard Class,Standard Class
IN-2013-73881,Standard Class,Standard Class
ES-2014-3248216,First Class,First Class
IN-2014-55912,Standard Class,Standard Class
IN-2012-42983,Standard Class,Standard Class
CG-2013-5810,Standard Class,Standard Class
IT-2012-2549772,Standard Class,Standard Class
IN-2012-46259,Standard Class,Standard Class
EG-2013-8450,Standard Class,Standard Class
ES-2011-4926746,Second Class,Standard Class
ES-2011-3448503,Standard Class,Standard Class
CA-2014-140949,Second Class,Standard Class
IN-2014-40386,Second Class,Standard Class
ID-2012-39903,Standard Class,Standard Class
ID-2011-66475,Standard Class,Standard Class
ID-2014-75183,Second Class,First Class
IN-2014-80286,Standard Class,Standard Class
CA-2011-144029,Standard Class,Standard Class
ES-2014-4357014,Standard Class,Standard Class
ES-2011-3965225,Standard Class,Standard Class
CA-2013-123533,Standard Class,Standard Class
IR-2013-420,Standard Class,Standard Class
CA-2012-123568,Standard Class,Standard Class
CA-2012-107937,Standard Class,Standard Class
ES-2014-1424904,Standard Class,Standard Class
ID-2014-44117,Standard Class,Standard Class
IN-2014-20702,Standard Class,Standard Class
CA-2013-119515,First Class,First Class
IT-2012-1191900,Standard Class,Standard Class
IT-2012-1779015,Same Day,First Class
IN-2012-33064,Standard Class,Standard Class
IN-2011-46581,Second Class,Standard Class
IN-2014-16929,Second Class,Standard Class
IN-2014-53000,Standard Class,Standard Class
CA-2011-143210,First Class,Standard Class
CA-2014-150091,Standard Class,Standard Class
AO-2014-2160,Standard Class,Standard Class
ES-2012-5808020,Second Class,Standard Class
CA-2014-159464,First Class,Standard Class
IN-2013-77444,First Class,First Class
CA-2014-125640,Standard Class,Standard Class
IN-2012-63143,First Class,First Class
IN-2011-51523,Standard Class,Standard Class
CA-2014-161200,Second Class,Standard Class
IN-2013-45923,Second Class,Standard Class
ES-2011-1868803,Second Class,Standard Class
CA-2014-120894,Standard Class,Standard Class
ID-2014-35836,Standard Class,Standard Class
IN-2013-82505,Second Class,Standard Class
CA-2012-124653,First Class,Standard Class
IT-2011-4711868,Standard Class,Standard Class
ES-2011-5433855,First Class,Standard Class
IN-2013-14437,Standard Class,Standard Class
CA-2014-131282,Second Class,Standard Class
CG-2011-6250,Standard Class,Standard Class
ES-2011-3684586,Standard Class,Standard Class
CA-2013-158806,Standard Class,Standard Class
CG-2014-3470,Second Class,Standard Class
CA-2012-112214,Standard Class,Standard Class
ID-2011-79341,First Class,First Class
ES-2011-3540276,Standard Class,Standard Class
IN-2011-40330,Standard Class,Standard Class
ES-2011-3893444,Standard Class,Standard Class
CA-2013-115525,Standard Class,Standard Class
CA-2013-118913,Standard Class,Standard Class
CA-2014-140242,Standard Class,Standard Class
ES-2012-5508438,Standard Class,Standard Class
IN-2011-67637,Standard Class,Standard Class
CA-2014-167381,Second Class,Second Class
ES-2014-1503928,Standard Class,Standard Class
ES-2011-1444426,Standard Class,Standard Class
IT-2011-3316894,Second Class,First Class
IN-2013-27492,Standard Class,Standard Class
CA-2011-164721,Second Class,Standard Class
IN-2013-55996,Second Class,First Class
IN-2013-25798,Second Class,Standard Class
CA-2013-113425,Same Day,First Class
ES-2014-5842530,First Class,Standard Class
ES-2013-2926991,Standard Class,Standard Class
IT-2012-5535658,Standard Class,Standard Class
CA-2011-156244,Standard Class,Standard Class
ES-2014-3659838,Standard Class,Standard Class
ID-2013-54344,Standard Class,Standard Class
CA-2012-141040,Second Class,Standard Class
BN-2014-4710,Second Class,Standard Class
ES-2012-5100288,First Class,Standard Class
CA-2013-1260,Second Class,Standard Class
ES-2013-1686888,Second Class,Standard Class
IR-2011-7390,Standard Class,Standard Class
CA-2013-133144,Second Class,Standard Class
ES-2014-1139892,Standard Class,Standard Class
CA-2012-143364,Second Class,Standard Class
CA-2014-155705,Second Class,Standard Class
IN-2011-53231,Standard Class,Standard Class
CA-2014-168193,Second Class,Standard Class
ES-2014-3284851,First Class,First Class
ID-2013-36368,Standard Class,Standard Class
ID-2011-30922,Standard Class,Standard Class
ES-2014-1359331,Second Class,Standard Class
IT-2012-4580670,Second Class,Standard Class
IN-2013-60805,Second Class,Standard Class
IN-2014-72054,Standard Class,Standard Class
IN-2013-35017,Second Class,Second Class
IN-2014-13121,Same Day,Standard Class
CA-2013-158778,Standard Class,Standard Class
EG-2012-6980,First Class,Standard Class
IN-2013-62191,Second Class,Standard Class
ES-2014-1931896,Standard Class,Standard Class
IR-2013-6650,Standard Class,Standard Class
IN-2013-17566,Standard Class,Standard Class
ID-2011-20604,First Class,Standard Class
IN-2011-71739,Standard Class,Standard Class
CA-2013-144540,Standard Class,Standard Class
CA-2014-130526,First Class,Standard Class
IN-2012-40820,Standard Class,Standard Class
CA-2012-110457,Standard Class,Standard Class
IN-2012-35598,Standard Class,Standard Class
CA-2014-163006,Second Class,Standard Class
ES-2014-1984595,Same Day,Standard Class
CA-2012-107685,Second Class,Standard Class
CA-2014-163265,Standard Class,Standard Class
ES-2014-1214245,Second Class,Standard Class
ID-2012-48037,Second Class,Standard Class
ES-2013-1099419,Standard Class,Standard Class
ES-2012-1074279,First Class,Standard Class
CA-2013-151561,Standard Class,Standard Class
IN-2014-66965,Standard Class,Standard Class
ES-2011-1875818,Standard Class,Standard Class
CA-2012-115511,Standard Class,Standard Class
IN-2014-35157,Second Class,Standard Class
ID-2014-67819,First Class,Standard Class
AO-2012-2750,Standard Class,Standard Class
CD-2013-4900,Second Class,Second Class
ES-2012-4286133,Standard Class,Standard Class
IN-2011-49129,Standard Class,Standard Class
ES-2014-2963892,Standard Class,Standard Class
IN-2014-85018,First Class,Second Class
GG-2014-7290,Standard Class,Standard Class
ES-2011-2379967,Second Class,Standard Class
ES-2014-3977309,Standard Class,Standard Class
ES-2013-1433183,Standard Class,Standard Class
CA-2014-129021,Second Class,Standard Class
ES-2014-2388184,Second Class,Standard Class
CA-2013-109365,Standard Class,Standard Class
IN-2014-30593,Standard Class,Standard Class
CA-2012-121188,Standard Class,Standard Class
CA-2011-145317,Standard Class,Standard Class
CA-2013-146157,Standard Class,Standard Class
CA-2014-100013,Standard Class,Standard Class
CA-2013-159940,Second Class,Standard Class
ES-2014-3853688,Standard Class,Standard Class
ID-2012-45363,Standard Class,Standard Class
CA-2012-156734,First Class,Standard Class
CA-2013-114405,Standard Class,Standard Class
IN-2012-14640,Second Class,Standard Class
IN-2012-75904,First Class,Standard Class
ID-2014-77661,Second Class,Standard Class
ES-2013-3118043,Standard Class,Standard Class
IN-2014-55730,Standard Class,Standard Class
ES-2013-3062379,Standard Class,Standard Class
IN-2014-44397,Standard Class,Standard Class
IN-2014-71956,Standard Class,Standard Class
IN-2013-44075,Standard Class,Standard Class
ES-2013-5912455,Standard Class,Standard Class
ID-2013-24587,Second Class,Standard Class
CA-2014-134845,Standard Class,Standard Class
ES-2011-4256146,Standard Class,Standard Class
IT-2012-4512208,Standard Class,Standard Class
IN-2013-82673,Standard Class,Standard Class
CA-2013-129308,Standard Class,Standard Class
CA-2013-121356,Standard Class,Standard Class
CA-2012-2740,Standard Class,Standard Class
IN-2012-11210,Second Class,Standard Class
ES-2013-3706388,Same Day,Standard Class
ES-2013-2491395,Standard Class,Standard Class
CA-2014-109960,Second Class,Standard Class
ES-2013-5782657,Standard Class,Standard Class
CA-2013-117226,First Class,Standard Class
CA-2011-103331,Standard Class,Standard Class
CA-2012-115091,Standard Class,Standard Class
CA-2014-103478,Second Class,First Class
IT-2012-5509380,Standard Class,Standard Class
CA-2012-105690,Second Class,Standard Class
IN-2014-84570,Second Class,Standard Class
ID-2013-35584,Standard Class,Standard Class
ES-2014-4329629,Second Class,Standard Class
IN-2013-82519,Standard Class,Standard Class
CA-2013-131968,Standard Class,Standard Class
IN-2011-25259,First Class,Standard Class
IN-2012-40148,Standard Class,Standard Class
IN-2013-37537,Standard Class,Standard Class
IN-2014-81035,Standard Class,Standard Class
CA-2012-104346,Standard Class,Standard Class
IN-2012-12162,First Class,Standard Class
ES-2011-5118812,Standard Class,Standard Class
ES-2013-1112764,Standard Class,Standard Class
ID-2013-37383,First Class,Standard Class
CA-2014-161970,Standard Class,Standard Class
IN-2014-15676,First Class,Standard Class
IN-2014-39826,Standard Class,Standard Class
IS-2011-7290,Standard Class,Standard Class
CA-2012-126725,Standard Class,Standard Class
ES-2011-2486841,Standard Class,Standard Class
CA-2013-7340,Second Class,Standard Class
CA-2011-148488,Standard Class,Standard Class
ES-2014-5234785,Standard Class,Standard Class
BU-2014-8530,First Class,Standard Class
ID-2013-80552,Standard Class,Standard Class
ES-2012-2102738,Standard Class,Standard Class
IT-2011-5193547,Second Class,Standard Class
IN-2013-71823,Second Class,Standard Class
IN-2013-26442,Standard Class,Standard Class
ES-2013-1436499,Standard Class,Standard Class
IT-2012-2965545,Standard Class,Standard Class
ES-2013-3738336,Standard Class,Standard Class
IN-2011-75540,Standard Class,Standard Class
CA-2011-111500,Standard Class,Standard Class
IN-2013-62282,Standard Class,Standard Class
CA-2013-112676,First Class,Standard Class
CA-2011-157882,Second Class,Standard Class
CM-2014-4170,Standard Class,Standard Class
IN-2011-78823,Standard Class,Standard Class
ID-2014-56983,Standard Class,Standard Class
CA-2012-124653,First Class,Standard Class
GV-2014-9540,Standard Class,Standard Class
IN-2014-40526,First Class,Standard Class
CA-2014-165603,Second Class,Standard Class
ID-2011-32819,Standard Class,Standard Class
CA-2013-127236,Standard Class,Standard Class
ID-2014-42647,Standard Class,Standard Class
CA-2011-169446,Standard Class,Standard Class
ES-2013-2483088,Second Class,First Class
IN-2014-78438,Same Day,Standard Class
ES-2014-5478126,Second Class,Standard Class
ES-2012-3876322,Same Day,Standard Class
ID-2013-59566,Standard Class,Standard Class
CA-2013-134110,First Class,Standard Class
IT-2012-5367645,Standard Class,Standard Class
IN-2014-36683,Second Class,Standard Class
IN-2014-74224,Standard Class,Standard Class
ES-2014-3004984,First Class,Standard Class
CA-2011-122882,Standard Class,Standard Class
IN-2014-82435,First Class,Standard Class
BN-2013-9770,Second Class,Standard Class
ES-2012-5183060,First Class,Standard Class
ES-2013-4250046,Second Class,Standard Class
IN-2014-34163,Standard Class,Standard Class
IN-2012-27975,Standard Class,Standard Class
CG-2014-770,Standard Class,Standard Class
ES-2013-5670479,Standard Class,Standard Class
CA-2014-154949,Standard Class,Standard Class
CA-2011-126760,Standard Class,Standard Class
ES-2013-1534120,Standard Class,Standard Class
ES-2014-4613373,Second Class,Standard Class
IT-2011-1877466,Standard Class,Standard Class
ES-2014-3404737,Standard Class,Standard Class
EG-2013-3870,Standard Class,Standard Class
IN-2012-19015,Standard Class,Standard Class
CA-2014-137918,Standard Class,Standard Class
ID-2011-72096,Standard Class,Standard Class
CA-2013-146836,Same Day,Standard Class
ID-2013-40351,First Class,Standard Class
CA-2014-167640,Standard Class,Standard Class
CA-2014-124436,Second Class,Standard Class
ES-2013-2493030,Standard Class,Standard Class
IN-2014-75603,Second Class,Standard Class
IN-2012-44194,First Class,Standard Class
IR-2013-7880,First Class,Standard Class
ID-2014-85949,Second Class,Standard Class
ES-2012-5912233,Same Day,Standard Class
CA-2011-110786,Standard Class,Standard Class
CA-2014-139353,Second Class,Standard Class
CA-2014-135860,Standard Class,Standard Class
ES-2012-2393484,Standard Class,Standard Class
ES-2014-4825158,Second Class,Standard Class
IN-2012-78403,Standard Class,Standard Class
IN-2011-83100,Second Class,Standard Class
IN-2013-22102,Same Day,Standard Class
ES-2014-3719722,Standard Class,Standard Class
IN-2014-26953,First Class,Standard Class
CA-2014-139199,Standard Class,Standard Class
ES-2013-3033501,Standard Class,Standard Class
IN-2011-12043,Standard Class,Standard Class
IN-2012-36816,Standard Class,Standard Class
ES-2014-2546078,Second Class,First Class
IN-2014-28234,Second Class,First Class
IN-2014-23607,Standard Class,Standard Class
ES-2014-1324878,Standard Class,Standard Class
ES-2014-2998043,Standard Class,Standard Class
ES-2012-5138595,Standard Class,Standard Class
IN-2013-29340,First Class,Standard Class
ES-2012-1484906,Second Class,Standard Class
CA-2011-166590,Standard Class,Standard Class
ES-2014-2478031,Standard Class,Standard Class
ID-2012-39903,Standard Class,Standard Class
IN-2014-78900,Standard Class,Standard Class
ID-2012-35276,Same Day,Standard Class
IT-2011-5015979,Standard Class,Standard Class
CA-2014-143252,Standard Class,Standard Class
ES-2012-3493303,Standard Class,Standard Class
ES-2013-5331451,Standard Class,Standard Class
IS-2012-8180,Standard Class,Standard Class
ES-2012-2836963,Standard Class,Standard Class
CA-2014-129294,Standard Class,Standard Class
BO-2012-7210,Standard Class,Standard Class
IN-2014-82911,Same Day,First Class
IN-2011-37999,Standard Class,Standard Class
ES-2014-2523142,Standard Class,Standard Class
IN-2014-81035,Standard Class,Standard Class
ID-2013-10972,Standard Class,Standard Class
ES-2012-4797383,Second Class,Standard Class
IN-2013-57284,First Class,Standard Class
IN-2014-34842,Standard Class,Standard Class
IR-2012-1100,Standard Class,Standard Class
IN-2014-76219,Same Day,Standard Class
CA-2011-131450,Standard Class,Standard Class
ID-2014-37131,Standard Class,Standard Class
CA-2014-143035,Second Class,Standard Class
IR-2013-6110,Second Class,Standard Class
CA-2014-147354,Standard Class,Standard Class
IN-2013-25924,Standard Class,Standard Class
ES-2012-3874971,Standard Class,Standard Class
ID-2014-52902,First Class,Standard Class
ID-2012-41702,Standard Class,Standard Class
IN-2013-78165,Same Day,Standard Class
ID-2014-75631,First Class,Standard Class
IN-2012-49801,First Class,Standard Class
IR-2014-6740,Standard Class,Standard Class
CA-2012-164539,Standard Class,Standard Class
CA-2013-166618,Standard Class,Standard Class
CA-2012-9860,Standard Class,Standard Class
CA-2012-153073,Same Day,Standard Class
CM-2014-4460,Standard Class,Standard Class
IN-2014-55478,Same Day,Standard Class
IN-2011-16831,Standard Class,Standard Class
CA-2014-109085,First Class,Standard Class
IN-2014-69457,Standard Class,Standard Class
ES-2014-2718788,Second Class,First Class
EG-2012-8860,Second Class,Standard Class
ES-2014-4131647,First Class,Standard Class
IN-2014-75456,Second Class,Standard Class
IT-2012-5122607,Same Day,Standard Class
CA-2012-121608,First Class,Standard Class
ES-2013-4349332,Standard Class,Standard Class
ES-2012-2946531,Standard Class,Standard Class
IT-2012-3985205,Second Class,Standard Class
IN-2014-31643,Standard Class,Standard Class
CA-2013-144092,Second Class,Standard Class
CA-2013-161907,Standard Class,Standard Class
IT-2012-5703527,Second Class,Standard Class
AJ-2014-6800,Standard Class,Standard Class
IN-2013-58691,Standard Class,Standard Class
CA-2013-165561,Standard Class,Standard Class
ES-2013-1087911,Standard Class,Standard Class
ES-2014-2067525,Standard Class,Standard Class
CA-2012-153038,Standard Class,Standard Class
CG-2014-8350,Standard Class,Standard Class
ES-2014-1429134,Standard Class,Standard Class
CA-2012-113173,Second Class,Standard Class
ES-2011-3081212,Standard Class,Standard Class
IN-2013-70353,Standard Class,Standard Class
IN-2013-17188,Standard Class,Standard Class
EG-2014-3540,Standard Class,Standard Class
IN-2012-59916,Standard Class,Standard Class
ID-2014-71403,Standard Class,Standard Class
CG-2013-3910,Second Class,Standard Class
CA-2011-135699,Same Day,Standard Class
IN-2014-49017,Standard Class,Standard Class
ES-2013-1211534,First Class,Standard Class
CA-2014-162565,Same Day,Standard Class
IN-2012-80447,Second Class,Second Class
ID-2014-80118,Standard Class,Standard Class
ID-2014-20569,Second Class,Second Class
ES-2012-5285727,Second Class,Standard Class
ID-2014-84661,Second Class,Standard Class
CA-2014-122028,Standard Class,Standard Class
IN-2012-46903,Second Class,Standard Class
IN-2012-79264,Standard Class,Standard Class
IN-2013-42311,First Class,Standard Class
IN-2011-83583,Standard Class,Standard Class
ES-2014-4018632,Standard Class,Standard Class
ES-2011-2520395,Standard Class,Standard Class
CA-2014-139353,Second Class,Standard Class
CA-2012-158323,First Class,Standard Class
CA-2012-140984,Standard Class,Standard Class
ES-2014-5666077,Standard Class,Standard Class
CA-2011-151995,First Class,Standard Class
IN-2013-12106,Standard Class,Standard Class
IN-2013-33302,Same Day,Standard Class
IN-2013-78970,Standard Class,Standard Class
ID-2014-74119,Second Class,Standard Class
IN-2014-42808,Standard Class,Standard Class
CA-2011-127166,Second Class,First Class
ES-2014-1504792,Second Class,Standard Class
IT-2012-1698939,First Class,Standard Class
IN-2013-65222,Standard Class,Standard Class
ID-2014-19813,First Class,Standard Class
IN-2012-65880,Standard Class,Standard Class
CA-2011-131926,Second Class,Standard Class
IN-2011-11602,Standard Class,Standard Class
IN-2013-31307,Standard Class,Standard Class
CA-2013-140382,Second Class,Standard Class
CA-2012-119697,Second Class,First Class
ID-2012-63535,Standard Class,Standard Class
ID-2013-59300,Standard Class,Standard Class
CA-2012-144519,Standard Class,Standard Class
CA-2011-140032,Standard Class,Standard Class
IN-2014-28038,Standard Class,Standard Class
CA-2013-121671,Standard Class,Standard Class
IN-2012-75169,Second Class,Standard Class
IN-2014-45426,Standard Class,Standard Class
CA-2013-153269,First Class,Standard Class
ES-2014-4303897,Same Day,First Class
CA-2013-109869,Standard Class,Standard Class
ID-2013-22725,Standard Class,Standard Class
IT-2011-3461936,Standard Class,Standard Class
ES-2012-5623562,Standard Class,Standard Class
CA-2012-6700,First Class,Standard Class
CA-2013-126158,Standard Class,Standard Class
CA-2013-163167,Second Class,Standard Class
ES-2012-4904223,Same Day,Standard Class
ES-2014-5296123,Standard Class,Standard Class
CA-2013-9030,Standard Class,Standard Class
CA-2011-163419,Second Class,Standard Class
CA-2013-157161,Second Class,Standard Class
ES-2012-2471764,Standard Class,Standard Class
CA-2014-141117,Standard Class,Standard Class
IN-2014-62303,Second Class,Standard Class
IN-2011-37138,Standard Class,Standard Class
CA-2014-142636,Standard Class,Standard Class
ES-2012-3704890,Second Class,First Class
CA-2011-123253,Second Class,Standard Class
ES-2014-1271577,Standard Class,Standard Class
CA-2014-161053,First Class,Standard Class
IN-2012-26575,Second Class,Standard Class
CA-2014-138548,Standard Class,Standard Class
ES-2011-2123345,First Class,Standard Class
CG-2013-6800,Standard Class,Standard Class
ES-2014-1637041,First Class,Standard Class
IN-2013-79292,Standard Class,Standard Class
IR-2013-7880,First Class,Standard Class
IN-2013-77731,Standard Class,Standard Class
CA-2011-142965,Same Day,First Class
CA-2012-103961,Standard Class,Standard Class
ID-2014-83415,Second Class,Standard Class
ES-2014-4957212,First Class,Standard Class
CA-2013-109652,Standard Class,Standard Class
ES-2013-5785727,Standard Class,Standard Class
IN-2012-61043,Second Class,Standard Class
ES-2011-5186238,Standard Class,Standard Class
IN-2011-86278,Standard Class,Standard Class
ES-2012-5821748,Standard Class,Standard Class
IN-2014-52482,First Class,First Class
IN-2012-78403,Standard Class,Standard Class
EG-2013-5090,First Class,Standard Class
ID-2014-42388,Standard Class,Standard Class
CA-2014-142622,First Class,Standard Class
IN-2011-10419,Standard Class,Standard Class
ES-2013-3058408,Same Day,Standard Class
IN-2014-76807,Standard Class,Standard Class
ES-2012-4319979,First Class,Standard Class
CA-2014-143455,Standard Class,Standard Class
CA-2012-1970,Second Class,Standard Class
ES-2011-4359424,Standard Class,Standard Class
CA-2012-117800,Standard Class,Standard Class
CA-2011-151708,Standard Class,Standard Class
ID-2014-39525,Standard Class,Standard Class
ES-2013-4165099,Standard Class,Standard Class
ES-2013-3475290,Standard Class,Standard Class
IN-2011-20443,Second Class,Standard Class
IN-2012-40183,Standard Class,Standard Class
ID-2012-13450,Standard Class,Standard Class
CA-2013-162355,Second Class,First Class
CA-2012-138331,Standard Class,Standard Class
ES-2014-5779828,Standard Class,Standard Class
IN-2011-78823,Standard Class,Standard Class
IN-2011-60539,Standard Class,Standard Class
IN-2013-12715,First Class,First Class
ES-2014-5500680,Standard Class,Standard Class
CA-2012-120516,Standard Class,Standard Class
CA-2013-102932,Second Class,Standard Class
ID-2012-17538,Standard Class,Standard Class
ID-2013-29144,First Class,Standard Class
CA-2011-110849,Standard Class,Standard Class
ID-2012-79621,Standard Class,Standard Class
IT-2012-5640548,Standard Class,Standard Class
ES-2014-5710826,Standard Class,Standard Class
ES-2011-3081212,Standard Class,Standard Class
CA-2011-103492,Standard Class,Standard Class
CA-2012-140921,First Class,First Class
ES-2013-4636934,Same Day,Second Class
ES-2013-1244276,First Class,Standard Class
IN-2014-74301,Standard Class,Standard Class
ES-2014-5579300,Second Class,First Class
ES-2013-2934598,Standard Class,Standard Class
IN-2014-26498,Standard Class,Standard Class
ES-2013-2212734,First Class,Standard Class
ES-2013-5687296,Standard Class,Standard Class
IN-2012-84955,Second Class,Standard Class
IN-2013-42234,Standard Class,Standard Class
IN-2011-48009,Standard Class,Standard Class
IN-2012-72600,Standard Class,Standard Class
ES-2011-1653919,Standard Class,Standard Class
CA-2014-142034,Standard Class,Standard Class
CA-2011-120432,Second Class,Standard Class
IN-2011-11539,Standard Class,Standard Class
ES-2013-1500187,First Class,Standard Class
CA-2014-106180,Standard Class,Standard Class
ES-2013-2161351,Standard Class,Standard Class
CA-2013-116232,Standard Class,Standard Class
IN-2014-68057,Standard Class,Standard Class
IN-2013-12239,Second Class,Second Class
CA-2014-107986,Same Day,Standard Class
ID-2011-58250,Standard Class,Standard Class
ID-2013-47421,First Class,Standard Class
IN-2013-85508,Standard Class,Standard Class
IR-2012-8580,Standard Class,Standard Class
ES-2012-2105894,First Class,Standard Class
ID-2014-48583,Second Class,Standard Class
IN-2013-19736,Second Class,Standard Class
IN-2014-20198,Second Class,Standard Class
CA-2014-143245,Standard Class,Standard Class
IN-2014-37320,Standard Class,Standard Class
ID-2011-66412,Standard Class,Standard Class
IN-2013-39413,Standard Class,Standard Class
ES-2012-1674960,Standard Class,Standard Class
ID-2013-65838,Second Class,Standard Class
IN-2014-14129,Second Class,Standard Class
GG-2012-4080,Standard Class,Standard Class
ID-2011-15711,Second Class,Standard Class
ID-2012-17006,Standard Class,Standard Class
IR-2012-4680,Standard Class,Standard Class
CA-2013-137743,Standard Class,Standard Class
CA-2014-160962,Standard Class,Standard Class
ES-2014-1139892,Standard Class,Standard Class
ES-2013-5170724,Standard Class,Standard Class
CA-2014-129378,First Class,Standard Class
CA-2011-115259,Second Class,Standard Class
CA-2012-133585,First Class,Standard Class
IN-2012-49500,Second Class,First Class
ES-2013-2638509,First Class,Standard Class
IN-2011-78781,Standard Class,Standard Class
IN-2014-45426,Standard Class,Standard Class
IN-2011-70570,Second Class,Standard Class
CA-2013-145261,First Class,Standard Class
CA-2013-119123,Standard Class,Standard Class
IN-2011-44901,First Class,Standard Class
CA-2012-147690,Standard Class,Standard Class
ES-2014-4177777,Second Class,Standard Class
ES-2011-4106405,Standard Class,Standard Class
CA-2011-134215,Standard Class,Standard Class
ES-2014-3977309,Standard Class,Standard Class
CA-2012-146262,Standard Class,Standard Class
CA-2013-158099,First Class,Standard Class
IN-2013-42311,First Class,Standard Class
ES-2013-2603153,Standard Class,Standard Class
IN-2013-79978,Standard Class,Standard Class
CA-2013-111682,First Class,First Class
IN-2014-11427,Second Class,Standard Class
CA-2012-132626,Standard Class,Standard Class
HR-2012-3240,First Class,First Class
IN-2012-39462,Standard Class,Standard Class
CA-2014-142867,Standard Class,Standard Class
IN-2014-73916,Second Class,Standard Class
ES-2011-3159486,Second Class,Standard Class
IN-2012-36053,Standard Class,Standard Class
CA-2014-100615,Standard Class,Standard Class
CG-2013-6110,Second Class,Standard Class
IR-2011-590,Standard Class,Standard Class
ES-2011-4852530,Standard Class,Standard Class
CA-2013-129868,Standard Class,Standard Class
IT-2011-1877466,Standard Class,Standard Class
CA-2014-154907,Standard Class,Standard Class
CA-2014-163020,Standard Class,Standard Class
EG-2012-3510,Standard Class,Standard Class
IN-2012-10041,Second Class,Second Class
CA-2013-163951,First Class,Standard Class
IN-2014-62156,Second Class,Standard Class
ES-2012-2314672,Same Day,Standard Class
CA-2014-100615,Standard Class,Standard Class
ES-2013-3159008,Standard Class,Standard Class
CA-2014-142461,Second Class,Standard Class
ES-2013-1706935,First Class,Standard Class
IN-2014-29732,Standard Class,Standard Class
ES-2014-5627432,Standard Class,Standard Class
CA-2014-145233,Standard Class,Standard Class
ES-2013-2117585,Standard Class,Standard Class
CA-2012-149811,Standard Class,Standard Class
IN-2011-33183,Second Class,Standard Class
ES-2012-2183106,Standard Class,Standard Class
ES-2013-3561047,Standard Class,Standard Class
CA-2013-152170,Second Class,Standard Class
CA-2012-112214,Standard Class,Standard Class
ES-2014-1577544,Standard Class,Standard Class
ID-2014-44117,Standard Class,Standard Class
ES-2011-3749098,Standard Class,Standard Class
ES-2011-5220738,Second Class,Standard Class
IT-2012-5141433,First Class,First Class
CA-2011-154095,Standard Class,Standard Class
IN-2013-65677,First Class,First Class
BO-2014-1510,Standard Class,Standard Class
IN-2012-75134,Same Day,Standard Class
ID-2012-41982,Standard Class,Standard Class
IN-2014-12911,Standard Class,Standard Class
ID-2011-84941,First Class,Standard Class
IN-2012-39007,Standard Class,Standard Class
CA-2011-138681,First Class,Standard Class
ES-2014-5631536,Standard Class,Standard Class
CA-2013-113082,Standard Class,Standard Class
IN-2012-63395,Standard Class,Standard Class
IN-2012-14052,Second Class,Standard Class
ES-2012-4687979,Standard Class,Standard Class
CA-2013-116596,Standard Class,Standard Class
CA-2011-154599,Standard Class,Standard Class
IN-2013-25448,Standard Class,Standard Class
CA-2013-135776,Standard Class,Standard Class
ES-2013-2318967,Standard Class,Standard Class
ID-2013-22459,Standard Class,Standard Class
ID-2012-24335,Same Day,Second Class
CA-2013-168557,Standard Class,Standard Class
EG-2012-8940,Standard Class,Standard Class
CA-2013-158155,Standard Class,Standard Class
IN-2014-73048,Second Class,Standard Class
ES-2014-5444511,Standard Class,Standard Class
ID-2011-61876,Standard Class,Standard Class
IN-2013-31678,Standard Class,Standard Class
ID-2014-23796,Standard Class,Standard Class
IN-2011-61302,First Class,Standard Class
CA-2014-100097,Second Class,Standard Class
CA-2014-127306,Standard Class,Standard Class
IN-2014-69457,Standard Class,Standard Class
CA-2011-118339,Standard Class,Standard Class
AG-2011-8180,Same Day,First Class
CA-2011-143413,Standard Class,Standard Class
IN-2014-28675,Standard Class,Standard Class
IN-2013-56416,Standard Class,Standard Class
CA-2014-126067,Standard Class,Standard Class
IN-2011-82330,Standard Class,Standard Class
CA-2011-131947,Standard Class,Standard Class
ID-2014-84297,Second Class,Standard Class
ID-2013-86530,Standard Class,Standard Class
IN-2014-50627,Standard Class,Standard Class
ES-2013-1621921,First Class,First Class
CA-2012-138674,First Class,First Class
CA-2014-127026,Standard Class,Standard Class
IN-2012-28367,First Class,Second Class
IR-2014-6370,First Class,Standard Class
CA-2011-130428,Same Day,Standard Class
ES-2013-3126391,Second Class,Standard Class
ID-2011-77619,First Class,First Class
ID-2011-55667,Second Class,Standard Class
CA-2011-158771,Same Day,Standard Class
ES-2013-3787277,First Class,First Class
ES-2014-4055964,Second Class,Standard Class
IN-2013-43879,Standard Class,Standard Class
IN-2012-74742,Standard Class,Standard Class
CA-2014-105543,Same Day,First Class
ES-2011-3832823,First Class,Standard Class
ID-2012-26463,Same Day,Standard Class
CA-2014-137022,Standard Class,Standard Class
IN-2014-43158,Second Class,Standard Class
ES-2013-5863928,Standard Class,Standard Class
ES-2014-1122320,Standard Class,Standard Class
CA-2011-139892,Standard Class,Standard Class
ES-2011-2677554,Same Day,Standard Class
IN-2014-24314,Standard Class,Standard Class
IN-2013-25651,Second Class,First Class
ES-2012-3308849,Standard Class,Standard Class
ES-2012-4632904,Standard Class,Standard Class
IN-2014-45755,Standard Class,Standard Class
IN-2013-69541,Second Class,First Class
HR-2014-3840,Standard Class,Standard Class
IN-2014-60413,Standard Class,Standard Class
IN-2013-20548,Standard Class,Standard Class
IN-2012-30943,Standard Class,Standard Class
IN-2014-45216,Standard Class,Standard Class
AU-2011-4210,Second Class,Standard Class
CA-2012-129525,Standard Class,Standard Class
CA-2012-169796,Standard Class,Standard Class
ID-2014-35052,Standard Class,Standard Class
IN-2012-76926,Standard Class,Standard Class
IN-2014-65992,Standard Class,Standard Class
ES-2013-2972804,Standard Class,Standard Class
ES-2014-3436418,Standard Class,Standard Class
ID-2014-24363,Standard Class,Standard Class
ES-2012-4003155,Second Class,First Class
IR-2013-4410,Standard Class,Standard Class
IN-2011-13030,Standard Class,Standard Class
CA-2014-158120,Standard Class,Standard Class
ID-2012-18938,First Class,Standard Class
IN-2014-86194,Standard Class,Standard Class
CA-2014-120936,Standard Class,Standard Class
ID-2013-54029,Second Class,Standard Class
IN-2014-86579,Standard Class,Standard Class
IN-2014-26281,First Class,Standard Class
CA-2011-156594,Second Class,Standard Class
IR-2013-7320,Standard Class,Standard Class
ID-2012-76954,Standard Class,Standard Class
ES-2012-1927421,Standard Class,Standard Class
ID-2014-30026,Standard Class,Standard Class
ES-2014-2947135,Second Class,Standard Class
IN-2014-19876,First Class,Standard Class
ES-2013-2771616,Standard Class,Standard Class
ES-2012-5232287,Standard Class,Standard Class
ID-2014-66174,Standard Class,Standard Class
ES-2011-2410472,Same Day,Standard Class
IN-2011-27968,Standard Class,Standard Class
CG-2013-6650,Standard Class,Standard Class
CA-2011-127446,Standard Class,Standard Class
ID-2012-41982,Standard Class,Standard Class
IN-2014-73048,Second Class,Standard Class
CA-2014-147403,First Class,Standard Class
CA-2011-102869,Second Class,Standard Class
CA-2011-145317,Standard Class,Standard Class
IN-2013-42535,Same Day,First Class
IN-2012-24797,First Class,Standard Class
CA-2012-100818,Second Class,Standard Class
IN-2013-24790,Standard Class,Standard Class
IN-2014-67504,Standard Class,Standard Class
IN-2013-76275,Standard Class,Standard Class
ES-2011-2302372,Same Day,First Class
ES-2012-1128541,Standard Class,Standard Class
CA-2012-156440,Standard Class,Standard Class
ID-2014-25077,Standard Class,Standard Class
CA-2012-108665,Standard Class,Standard Class
CA-2011-156587,First Class,Standard Class
CA-2012-146262,Standard Class,Standard Class
ES-2014-3405449,Standard Class,Standard Class
IN-2013-73188,Standard Class,Standard Class
CA-2014-125451,First Class,First Class
IN-2011-77885,Standard Class,Standard Class
CA-2014-123001,Standard Class,Standard Class
CA-2012-100888,Standard Class,Standard Class
ES-2014-2524646,Standard Class,Standard Class
CA-2011-163552,Standard Class,Standard Class
IN-2012-16411,Standard Class,Standard Class
IN-2013-61288,Standard Class,Standard Class
IN-2012-44474,Standard Class,Standard Class
IT-2012-4058325,First Class,First Class
CA-2014-141992,Standard Class,Standard Class
ES-2013-3501129,Standard Class,Standard Class
IN-2013-68274,Second Class,Standard Class
IN-2013-34135,Standard Class,Standard Class
ES-2011-4976144,Standard Class,Standard Class
CA-2014-169901,Standard Class,Standard Class
IN-2011-32196,Standard Class,Standard Class
IN-2011-45041,Standard Class,Standard Class
IR-2013-4780,Standard Class,Standard Class
CA-2014-149881,First Class,Standard Class
CA-2013-124590,Standard Class,Standard Class
ES-2011-3468356,Standard Class,Standard Class
CA-2013-140249,Standard Class,Standard Class
CA-2013-2790,First Class,First Class
ES-2012-5327902,Second Class,Standard Class
EZ-2014-2140,Standard Class,Standard Class
CA-2012-121188,Standard Class,Standard Class
ES-2013-3422294,Second Class,Standard Class
ES-2013-1407404,Standard Class,Standard Class
ES-2014-3848533,Standard Class,Standard Class
CA-2014-104850,Standard Class,Standard Class
ID-2013-12148,Standard Class,Standard Class
CA-2014-127026,Standard Class,Standard Class
CG-2011-7070,Same Day,Second Class
EN-2014-1040,Standard Class,Standard Class
IN-2012-68561,Standard Class,Standard Class
IR-2012-4790,Standard Class,Standard Class
ES-2014-3977309,Standard Class,Standard Class
IN-2013-10174,First Class,Standard Class
ES-2012-3438393,Standard Class,Standard Class
EG-2014-3450,First Class,Second Class
IN-2014-46007,Second Class,Standard Class
ES-2012-1199538,Same Day,Standard Class
CA-2013-108882,Standard Class,Standard Class
ID-2013-36242,Second Class,Standard Class
IN-2012-63878,Standard Class,Standard Class
EZ-2013-5970,Standard Class,Standard Class
IN-2013-35339,First Class,Standard Class
CA-2012-113131,Same Day,Standard Class
IN-2013-41534,Standard Class,Standard Class
IN-2013-37803,Standard Class,Standard Class
CA-2014-119809,Standard Class,Standard Class
ID-2011-53686,Standard Class,Standard Class
CA-2012-169397,First Class,Standard Class
CA-2011-140858,Standard Class,Standard Class
CA-2013-165330,Same Day,First Class
CA-2012-139962,Standard Class,Standard Class
CA-2014-148355,Standard Class,Standard Class
IN-2011-71634,Standard Class,Standard Class
ES-2011-5383642,Standard Class,Standard Class
IN-2012-13429,First Class,First Class
CA-2013-118129,Second Class,Standard Class
CA-2012-132486,Second Class,Standard Class
IN-2014-22536,Standard Class,Standard Class
ID-2012-66881,Second Class,Standard Class
ID-2012-74630,Second Class,Standard Class
CA-2011-113579,Second Class,Standard Class
CA-2013-102813,First Class,Standard Class
IN-2014-47435,Second Class,Standard Class
CA-2013-126284,Standard Class,Standard Class
ES-2012-4633993,Second Class,Standard Class
ID-2014-69233,Second Class,Standard Class
ES-2012-1465491,Second Class,Standard Class
IN-2014-17489,Standard Class,Standard Class
ES-2012-4964549,Standard Class,Standard Class
CA-2014-104801,Standard Class,Standard Class
ES-2014-1150703,Same Day,Standard Class
ES-2014-5319388,Standard Class,Standard Class
IR-2011-6000,Standard Class,Standard Class
ID-2014-48996,First Class,Standard Class
ES-2013-3422294,Second Class,Standard Class
IN-2013-42311,First Class,Standard Class
ID-2011-57494,Second Class,Standard Class
ID-2012-71949,First Class,Standard Class
CA-2011-105165,First Class,Standard Class
ES-2013-5507103,Standard Class,Standard Class
IN-2014-75456,Second Class,Standard Class
ES-2013-2966180,Standard Class,Standard Class
CA-2014-129000,Second Class,Standard Class
ID-2013-16110,Second Class,First Class
EG-2013-470,Standard Class,Standard Class
ID-2013-79117,Second Class,Standard Class
CA-2013-130477,Standard Class,Standard Class
ES-2012-3231769,Same Day,Standard Class
EG-2014-8410,Second Class,Standard Class
ID-2014-51467,Standard Class,Standard Class
ID-2012-65411,First Class,Standard Class
ES-2013-4468149,First Class,Standard Class
ES-2013-3614757,Standard Class,Standard Class
CA-2013-117583,First Class,Standard Class
CA-2014-149699,First Class,First Class
CA-2014-130841,Standard Class,Standard Class
CA-2014-100223,Standard Class,Standard Class
IN-2013-46854,Standard Class,Standard Class
CA-2014-151176,Standard Class,Standard Class
CA-2011-103317,First Class,Standard Class
CA-2014-102771,Standard Class,Standard Class
ID-2013-34051,Second Class,Standard Class
HR-2012-3240,First Class,First Class
CA-2013-115756,Second Class,Standard Class
AO-2012-1220,First Class,Standard Class
ID-2014-18154,Standard Class,Standard Class
IN-2011-31594,Standard Class,Standard Class
IN-2013-57774,Standard Class,Standard Class
ES-2013-3033501,Standard Class,Standard Class
CA-2011-167199,Standard Class,Standard Class
CA-2011-167850,Standard Class,Standard Class
CA-2012-138954,First Class,First Class
CA-2013-136287,Standard Class,Standard Class
IN-2011-24986,Standard Class,Standard Class
CA-2013-158694,Second Class,Standard Class
CM-2013-7050,Standard Class,Standard Class
CA-2014-143378,Standard Class,Standard Class
IN-2014-82540,Standard Class,Standard Class
ES-2014-2012335,Standard Class,Standard Class
ES-2012-1242181,First Class,Standard Class
IN-2012-48744,Standard Class,Standard Class
EG-2012-4640,First Class,Second Class
ES-2011-3729382,Second Class,First Class
IN-2014-11763,First Class,First Class
CA-2013-125738,Standard Class,Standard Class
CA-2014-125752,Standard Class,Standard Class
CA-2013-118311,Standard Class,Standard Class
CA-2014-121503,Second Class,Standard Class
CA-2014-118017,Second Class,Standard Class
ES-2011-1418466,Second Class,Standard Class
CA-2012-149342,Standard Class,Standard Class
IN-2014-32735,Standard Class,Standard Class
ID-2012-46210,Standard Class,Standard Class
CA-2014-150091,Standard Class,Standard Class
CA-2014-6350,First Class,Standard Class
ES-2014-2233840,Standard Class,Standard Class
ES-2014-5916334,First Class,First Class
CA-2014-161739,Second Class,Standard Class
CA-2012-159779,Standard Class,Standard Class
CG-2013-20,Second Class,Standard Class
IN-2014-10566,Standard Class,Standard Class
ID-2013-53224,First Class,Standard Class
ES-2014-3371188,Second Class,Standard Class
CA-2011-146969,Standard Class,Standard Class
CA-2014-116939,Standard Class,Standard Class
ID-2011-66412,Standard Class,Standard Class
IN-2013-36732,Standard Class,Standard Class
IN-2012-50823,Standard Class,Standard Class
CA-2013-129868,Standard Class,Standard Class
IN-2014-48534,Standard Class,Standard Class
CA-2011-169649,Standard Class,Standard Class
ES-2012-2281296,Second Class,Standard Class
ES-2014-3243241,Standard Class,Standard Class
ID-2012-25315,Same Day,First Class
ES-2014-4018263,Standard Class,Standard Class
CA-2013-165169,Standard Class,Standard Class
IT-2011-4599620,Second Class,Standard Class
ES-2014-1204770,Standard Class,Standard Class
IT-2011-2011704,Standard Class,Standard Class
IN-2012-43165,Standard Class,Standard Class
CA-2011-160262,Second Class,Standard Class
CA-2012-168809,Same Day,Standard Class
CA-2012-134859,Standard Class,Standard Class
CA-2014-165841,Standard Class,Standard Class
ID-2013-51481,Standard Class,Standard Class
IN-2014-66349,Standard Class,Standard Class
IN-2012-69072,Standard Class,Standard Class
ID-2014-85529,Standard Class,Standard Class
CA-2012-118955,Standard Class,Standard Class
ES-2012-2170704,Standard Class,Standard Class
IN-2012-68869,Second Class,Standard Class
IN-2013-18021,Standard Class,Standard Class
ES-2013-5151389,Standard Class,Standard Class
IN-2013-55555,Standard Class,Standard Class
IN-2014-31223,First Class,Standard Class
CA-2014-131807,Standard Class,Standard Class
IN-2011-15788,Standard Class,Standard Class
CA-2013-114601,Standard Class,Standard Class
CG-2013-2900,Same Day,Standard Class
ES-2014-2959093,Standard Class,Standard Class
IN-2014-31902,Standard Class,Standard Class
IN-2013-35087,Second Class,Standard Class
ES-2013-3614757,Standard Class,Standard Class
IN-2013-13891,Standard Class,Standard Class
IN-2014-48058,Standard Class,Standard Class
ID-2013-83933,Standard Class,Standard Class
IN-2013-50074,Standard Class,Standard Class
GG-2013-6030,Standard Class,Standard Class
IN-2012-32343,Standard Class,Standard Class
IN-2014-34632,First Class,Standard Class
ES-2011-1591803,Second Class,Standard Class
ES-2014-1666545,Standard Class,Standard Class
ID-2012-61722,First Class,Standard Class
IT-2011-3528798,First Class,First Class
IN-2012-84080,Same Day,Standard Class
AO-2012-1000,Standard Class,Standard Class
IN-2013-65145,Standard Class,Standard Class
ID-2014-76618,Second Class,Standard Class
ID-2014-31125,Standard Class,Standard Class
CA-2014-102974,Standard Class,Standard Class
CA-2013-6250,Standard Class,Standard Class
ES-2011-4253699,Standard Class,Standard Class
IN-2014-57571,First Class,Second Class
ES-2014-5014640,Standard Class,Standard Class
IN-2013-45440,Standard Class,Standard Class
ID-2013-86348,Standard Class,Standard Class
CA-2014-3540,Standard Class,Standard Class
CA-2013-123617,Standard Class,Standard Class
ES-2012-4193401,Standard Class,Standard Class
CA-2013-168956,Standard Class,Standard Class
CA-2012-169397,First Class,Standard Class
CA-2012-151869,Same Day,Standard Class
IR-2013-3590,Standard Class,Standard Class
IN-2012-55282,Second Class,Standard Class
IN-2014-72747,Second Class,Standard Class
IN-2013-46406,Standard Class,Standard Class
ID-2014-52902,First Class,Standard Class
ES-2013-4405513,Standard Class,Standard Class
IN-2014-67959,Standard Class,Standard Class
ES-2014-1311038,Standard Class,Standard Class
CA-2011-121573,Standard Class,Standard Class
CA-2013-163398,Standard Class,Standard Class
ID-2014-45083,Second Class,Standard Class
CA-2013-124352,Standard Class,Standard Class
ES-2011-1656997,Second Class,Standard Class
IN-2014-73258,Same Day,First Class
IN-2012-10013,Standard Class,Standard Class
IN-2011-18959,Standard Class,Standard Class
IN-2012-83380,Standard Class,Standard Class
ES-2013-3899531,Second Class,Standard Class
ES-2013-2795403,Standard Class,Standard Class
ES-2012-1951025,First Class,First Class
CA-2014-113474,First Class,Standard Class
IN-2011-63990,Second Class,Standard Class
CA-2014-161067,Second Class,Standard Class
CA-2014-118577,Standard Class,Standard Class
ES-2014-2799179,First Class,Standard Class
ID-2014-83198,Standard Class,Standard Class
ID-2014-33827,Standard Class,Standard Class
CA-2013-147256,Second Class,Standard Class
IR-2013-5360,First Class,First Class
CA-2012-163587,Standard Class,Standard Class
ES-2014-3629794,Standard Class,Standard Class
ID-2013-68841,Standard Class,Standard Class
ID-2013-72243,Standard Class,Standard Class
CA-2011-118976,Standard Class,Standard Class
EG-2014-5490,Standard Class,Standard Class
IN-2014-13296,Standard Class,Standard Class
IN-2012-33218,Second Class,Standard Class
IN-2014-76016,Second Class,Standard Class
CA-2011-111899,First Class,Second Class
CA-2011-5260,Second Class,Standard Class
CA-2014-118367,Second Class,Standard Class
CA-2013-101161,Standard Class,Standard Class
IN-2012-26099,Standard Class,Standard Class
ID-2011-61876,Standard Class,Standard Class
CA-2013-122392,Standard Class,Standard Class
ES-2012-1071143,Standard Class,Standard Class
IN-2013-48128,Standard Class,Standard Class
ES-2014-5989518,First Class,Standard Class
CA-2013-164483,Standard Class,Standard Class
CA-2013-139234,Standard Class,Standard Class
ES-2014-4185972,Standard Class,Standard Class
IN-2011-26176,Standard Class,Standard Class
CA-2014-134565,Second Class,Standard Class
ES-2011-2872060,Second Class,Standard Class
ID-2014-64165,Second Class,Standard Class
CA-2013-143749,First Class,First Class
ES-2011-1244060,Standard Class,Standard Class
ID-2014-57739,Standard Class,Standard Class
CA-2014-169124,Standard Class,Standard Class
GH-2014-8200,Second Class,Standard Class
CG-2013-4190,Second Class,Standard Class
CA-2014-100622,Standard Class,Standard Class
EG-2013-6390,Standard Class,Standard Class
IN-2013-20303,Standard Class,Standard Class
CA-2013-150350,Standard Class,Standard Class
IN-2011-31020,Second Class,Standard Class
IN-2014-35003,Second Class,Standard Class
IN-2011-52783,First Class,Standard Class
ID-2013-24412,Standard Class,Standard Class
IN-2012-29487,Standard Class,Standard Class
CA-2011-120838,Second Class,Standard Class
CA-2011-121286,Second Class,Standard Class
CA-2014-164826,Standard Class,Standard Class
ES-2013-4345105,Standard Class,Standard Class
IT-2011-3784375,Second Class,Standard Class
IR-2014-2890,Standard Class,Standard Class
ES-2013-4099908,Standard Class,Standard Class
CA-2013-119641,Standard Class,Standard Class
IN-2014-32385,Second Class,Standard Class
CA-2012-5610,Standard Class,Standard Class
CA-2014-160325,Same Day,Standard Class
CA-2011-168368,Second Class,Standard Class
ID-2012-43921,Standard Class,Standard Class
CA-2012-130113,Standard Class,Standard Class
IN-2014-17874,Standard Class,Standard Class
ES-2014-2421154,Same Day,Standard Class
CA-2014-137596,Standard Class,Standard Class
IN-2012-26757,Standard Class,Standard Class
CA-2013-101791,Standard Class,Standard Class
CA-2013-141397,First Class,First Class
IN-2014-74980,Same Day,Standard Class
CA-2012-161263,Standard Class,Standard Class
IN-2011-25882,Standard Class,Standard Class
IN-2011-10265,Second Class,Standard Class
CA-2013-118101,Same Day,Standard Class
IN-2011-78312,Same Day,Second Class
ES-2011-2950882,Standard Class,Standard Class
ES-2013-3066853,Standard Class,Standard Class
ES-2014-2457136,First Class,Standard Class
HU-2014-2470,Standard Class,Standard Class
IN-2013-76562,Standard Class,Standard Class
AG-2014-2830,Second Class,Standard Class
GH-2014-8050,Second Class,Standard Class
CA-2014-157987,Standard Class,Standard Class
CA-2013-100587,Standard Class,Standard Class
IT-2011-3708838,Standard Class,Standard Class
CA-2013-131737,Same Day,Standard Class
IN-2014-54547,Standard Class,Standard Class
ID-2013-49136,Standard Class,Standard Class
ES-2013-2860574,Second Class,Standard Class
IN-2012-71970,Same Day,Standard Class
AG-2011-9890,Standard Class,Standard Class
CA-2013-9160,First Class,Standard Class
CA-2014-4170,Standard Class,Standard Class
IN-2013-44404,First Class,Standard Class
IT-2012-3620342,Standard Class,Standard Class
IT-2012-5199936,Standard Class,Standard Class
ID-2013-71522,Standard Class,Standard Class
IN-2014-42437,Standard Class,Standard Class
CA-2013-158841,Second Class,Second Class
IN-2014-44250,Standard Class,Standard Class
ES-2012-1558843,Standard Class,Standard Class
ES-2013-4700994,Standard Class,Standard Class
CA-2014-108756,Standard Class,Standard Class
ID-2013-30628,First Class,Standard Class
ES-2013-1222056,Standard Class,Standard Class
ES-2012-3433124,Standard Class,Standard Class
ID-2014-20576,Standard Class,Standard Class
ES-2013-5742886,Standard Class,Standard Class
IN-2014-63010,Standard Class,Standard Class
CA-2014-132738,First Class,Standard Class
ID-2014-66174,Standard Class,Standard Class
IN-2014-42395,First Class,First Class
ES-2012-2530119,Standard Class,Standard Class
ES-2012-4959766,Second Class,Standard Class
CA-2012-134117,Second Class,Second Class
CA-2012-155068,Same Day,Standard Class
ES-2013-1162185,Same Day,Standard Class
ES-2014-1867993,First Class,Standard Class
ID-2014-37187,Standard Class,Standard Class
ES-2013-1534120,Standard Class,Standard Class
CA-2013-137204,Standard Class,Standard Class
IN-2013-47029,Standard Class,Standard Class
ID-2013-36242,Second Class,Standard Class
CA-2012-159380,Standard Class,Standard Class
CA-2013-1140,Second Class,Standard Class
CG-2014-8660,Standard Class,Standard Class
CA-2014-129462,Second Class,Standard Class
IN-2013-67014,Standard Class,Standard Class
ES-2013-5431940,Standard Class,Standard Class
IN-2013-44187,First Class,Standard Class
ES-2011-3249450,Standard Class,Standard Class
CA-2014-143084,Standard Class,Standard Class
ES-2013-1138719,Standard Class,Standard Class
CM-2014-4270,Second Class,Standard Class
ES-2013-4495074,Second Class,Standard Class
CA-2012-144652,Standard Class,Standard Class
CA-2012-111514,First Class,Standard Class
CA-2011-113859,Standard Class,Standard Class
CA-2012-130785,Standard Class,Standard Class
ES-2012-1927421,Standard Class,Standard Class
IN-2014-77941,Standard Class,Standard Class
ES-2012-5273222,Standard Class,Standard Class
IN-2012-60714,Standard Class,Standard Class
ES-2013-2406661,Standard Class,Standard Class
ES-2013-4636934,Same Day,Second Class
ID-2012-24825,Standard Class,Standard Class
CA-2013-136329,Standard Class,Standard Class
IN-2012-79145,Standard Class,Standard Class
ID-2011-29389,Standard Class,Standard Class
IN-2012-70710,First Class,First Class
ES-2014-1779830,Standard Class,Standard Class
ES-2012-4803808,Standard Class,Standard Class
IN-2012-86201,Second Class,Standard Class
CA-2014-132521,Second Class,First Class
CA-2014-100223,Standard Class,Standard Class
IR-2013-2680,Same Day,Standard Class
CG-2013-4190,Second Class,Standard Class
IN-2014-27807,Second Class,Standard Class
ES-2011-2969148,Standard Class,Standard Class
CA-2014-151855,Standard Class,Standard Class
IN-2014-73594,Second Class,Standard Class
IN-2011-62891,Second Class,Standard Class
CA-2011-132451,First Class,First Class
CA-2012-102491,Standard Class,Standard Class
CA-2013-105753,Standard Class,Standard Class
ID-2014-15431,Standard Class,Standard Class
ID-2011-40953,First Class,Standard Class
IN-2012-26141,Standard Class,Standard Class
IN-2014-51607,Standard Class,Standard Class
CA-2012-126697,First Class,Standard Class
IN-2014-75736,Second Class,Standard Class
ES-2013-5961293,Same Day,Standard Class
ID-2011-71648,Standard Class,Standard Class
ES-2013-5090419,Standard Class,Standard Class
ID-2013-76709,Standard Class,Standard Class
IN-2012-67791,Standard Class,Standard Class
CA-2013-140207,Standard Class,Standard Class
IT-2011-2506333,Standard Class,Standard Class
CA-2013-149195,Second Class,Standard Class
ES-2013-1653195,Standard Class,Standard Class
IN-2013-42192,Second Class,Standard Class
IN-2013-44005,Standard Class,Standard Class
CA-2014-153822,Standard Class,Standard Class
CG-2011-6250,Standard Class,Standard Class
CA-2012-137925,Standard Class,Standard Class
IN-2014-16782,Standard Class,Standard Class
CA-2013-145583,Standard Class,Standard Class
CG-2014-3890,First Class,Standard Class
ES-2014-1429134,Standard Class,Standard Class
CA-2014-121853,Standard Class,Standard Class
IN-2013-48975,Standard Class,Standard Class
EG-2012-6340,Second Class,Standard Class
CA-2014-165155,First Class,First Class
IN-2012-14010,Standard Class,Standard Class
CA-2013-137127,Standard Class,Standard Class
ID-2011-65152,Standard Class,Standard Class
IN-2014-50627,Standard Class,Standard Class
CA-2014-141117,Standard Class,Standard Class
ES-2013-5682943,Second Class,Standard Class
IN-2013-79530,Standard Class,Standard Class
ES-2011-1550182,Standard Class,Standard Class
IN-2013-63773,First Class,First Class
IN-2013-42115,Second Class,Standard Class
EZ-2013-3540,Second Class,Standard Class
ES-2011-4557691,Standard Class,Standard Class
IN-2014-15263,Standard Class,Standard Class
ID-2014-50970,Standard Class,Standard Class
IN-2011-83590,Second Class,Standard Class
IN-2013-42311,First Class,Standard Class
IN-2011-76625,Standard Class,Standard Class
IN-2012-24146,First Class,First Class
ES-2012-1035750,Standard Class,Standard Class
CA-2011-126760,Standard Class,Standard Class
IN-2012-74168,Standard Class,Standard Class
CA-2013-168032,Standard Class,Standard Class
ES-2014-2095035,Second Class,Standard Class
IN-2013-36802,Standard Class,Standard Class
ID-2013-80433,Standard Class,Standard Class
IN-2014-27303,Standard Class,Standard Class
ID-2014-19813,First Class,Standard Class
ES-2011-3933819,Second Class,Standard Class
IN-2012-67084,Same Day,Standard Class
BO-2012-4390,Standard Class,Standard Class
ES-2011-3002504,Same Day,Standard Class
ID-2014-81938,First Class,Standard Class
CG-2013-8200,Second Class,Standard Class
IN-2014-62303,Second Class,Standard Class
IN-2013-61288,Standard Class,Standard Class
ES-2013-4073631,Standard Class,Standard Class
CA-2014-9080,Standard Class,Standard Class
IN-2014-38517,Standard Class,Standard Class
ID-2013-60896,First Class,First Class
ES-2014-3563838,First Class,Standard Class
ES-2012-4487516,Standard Class,Standard Class
ES-2013-1381136,Standard Class,Standard Class
IT-2011-3659171,Standard Class,Standard Class
CA-2014-149706,First Class,Standard Class
ES-2012-4711076,Standard Class,Standard Class
ID-2012-30712,Standard Class,Standard Class
IT-2011-5233011,Standard Class,Standard Class
ES-2014-2299862,Standard Class,Standard Class
ID-2013-10846,Second Class,Standard Class
CA-2013-163804,Standard Class,Standard Class
IN-2011-70850,Standard Class,Standard Class
ES-2011-5158527,Standard Class,Standard Class
ES-2013-1001647,Standard Class,Standard Class
IN-2014-35157,Second Class,Standard Class
CA-2011-138450,Standard Class,Standard Class
CA-2013-160745,Second Class,Standard Class
ID-2013-16593,Standard Class,Standard Class
IT-2011-2413417,First Class,First Class
CA-2014-169005,Standard Class,Standard Class
IN-2013-62093,Second Class,Standard Class
IN-2011-30894,Second Class,First Class
CA-2014-108574,Standard Class,Standard Class
IT-2011-5810579,Standard Class,Standard Class
IN-2013-74329,Standard Class,Standard Class
CA-2011-114790,Second Class,Standard Class
IN-2014-76205,Standard Class,Standard Class
IN-2012-17986,Second Class,Standard Class
ID-2014-35052,Standard Class,Standard Class
IN-2014-29767,Standard Class,Standard Class
CA-2013-1360,First Class,Standard Class
ID-2014-74238,First Class,Standard Class
CA-2014-168228,First Class,Standard Class
ES-2012-5566593,Second Class,Standard Class
CA-2014-127474,Second Class,Standard Class
CA-2012-155306,Standard Class,Standard Class
ID-2012-86320,Second Class,Standard Class
IN-2014-11231,First Class,Second Class
CG-2011-2990,Standard Class,Standard Class
ES-2013-1950281,First Class,Standard Class
CA-2013-1140,Second Class,Standard Class
ID-2014-68099,First Class,Standard Class
IR-2013-4550,Second Class,Standard Class
ES-2012-1441306,First Class,Standard Class
IN-2012-61638,Second Class,Standard Class
ES-2013-4145439,Standard Class,Standard Class
ID-2013-64970,Standard Class,Standard Class
CA-2011-115812,Standard Class,Standard Class
CA-2014-157987,Standard Class,Standard Class
CA-2013-152730,Standard Class,Standard Class
ES-2012-4070273,Standard Class,Standard Class
CA-2011-121762,Standard Class,Standard Class
ES-2012-2110783,Standard Class,Standard Class
IN-2011-24517,Standard Class,Standard Class
IN-2013-28094,Standard Class,Standard Class
CA-2013-112830,Standard Class,Standard Class
DJ-2013-3190,First Class,Standard Class
CA-2011-127446,Standard Class,Standard Class
ES-2014-2845977,Standard Class,Standard Class
IN-2014-57403,Standard Class,Standard Class
ES-2014-2756281,Standard Class,Standard Class
IN-2014-74504,Standard Class,Standard Class
AO-2011-7110,Standard Class,Standard Class
CA-2013-105256,Same Day,Standard Class
IN-2012-80769,Second Class,Standard Class
ID-2012-85095,Standard Class,Standard Class
IN-2014-41044,First Class,Standard Class
ES-2014-4218857,Standard Class,Standard Class
EG-2013-6030,Standard Class,Standard Class
IN-2013-78809,Second Class,Standard Class
IT-2011-2803139,Second Class,Standard Class
CA-2013-134789,Standard Class,Standard Class
IN-2012-43165,Standard Class,Standard Class
IN-2014-70738,Standard Class,Standard Class
IN-2011-47715,Standard Class,Standard Class
CA-2013-128517,Second Class,Standard Class
AG-2014-3510,First Class,Standard Class
CA-2012-130995,Standard Class,Standard Class
CA-2014-145226,Second Class,Standard Class
ID-2014-53679,Standard Class,Standard Class
ES-2013-2972804,Standard Class,Standard Class
CA-2014-122707,First Class,Standard Class
ES-2012-3738573,Standard Class,Standard Class
ES-2011-2613634,Standard Class,Standard Class
CA-2014-140515,Standard Class,Standard Class
ID-2013-10636,Standard Class,Standard Class
ID-2014-74119,Second Class,Standard Class
IN-2013-62128,Standard Class,Standard Class
ES-2012-2163745,Standard Class,Standard Class
ID-2014-83415,Second Class,Standard Class
IN-2011-86782,First Class,Standard Class
IT-2011-1289488,Same Day,Standard Class
CA-2014-165323,Standard Class,Standard Class
ID-2012-28682,First Class,Second Class
CA-2013-142335,Standard Class,Standard Class
ID-2014-86649,First Class,Second Class
ID-2013-69198,Standard Class,Standard Class
ES-2013-2161351,Standard Class,Standard Class
CA-2014-147760,First Class,Standard Class
ID-2013-33967,First Class,Standard Class
IN-2012-32343,Standard Class,Standard Class
ID-2011-77619,First Class,First Class
IN-2013-74182,Standard Class,Standard Class
IN-2014-69604,Standard Class,Standard Class
CA-2013-166380,Standard Class,Standard Class
CA-2013-130946,Standard Class,Standard Class
IN-2014-57683,Standard Class,Standard Class
CA-2013-113831,Standard Class,Standard Class
CA-2014-134649,Second Class,Standard Class
IN-2012-59188,Standard Class,Standard Class
IN-2014-31356,Standard Class,Standard Class
IN-2013-38685,Standard Class,Standard Class
ES-2014-5252744,First Class,Standard Class
ES-2013-1012206,First Class,Standard Class
IN-2012-18434,Second Class,First Class
IN-2013-20744,Same Day,First Class
CA-2014-143567,Second Class,First Class
CA-2014-102946,Standard Class,Standard Class
AO-2013-2100,Standard Class,Standard Class
ID-2014-54792,Second Class,Standard Class
ES-2014-2413465,Second Class,First Class
CA-2011-152562,Standard Class,Standard Class
ID-2011-53686,Standard Class,Standard Class
CA-2013-147578,Second Class,Standard Class
IN-2012-26169,Standard Class,Standard Class
ES-2011-5380791,Standard Class,Standard Class
IN-2013-49199,Standard Class,Standard Class
IN-2013-15893,Standard Class,Standard Class
IN-2014-12743,First Class,First Class
CA-2014-109701,Same Day,Standard Class
IN-2013-16495,Standard Class,Standard Class
IN-2013-26617,Standard Class,Standard Class
IN-2013-37929,Second Class,Second Class
ES-2014-2551017,Same Day,First Class
CA-2011-162866,Standard Class,Standard Class
ES-2011-1480594,First Class,Standard Class
CA-2012-115798,Standard Class,Standard Class
CA-2014-124940,Standard Class,Standard Class
IN-2014-20961,First Class,First Class
IN-2014-40526,First Class,Standard Class
ES-2012-2363775,Standard Class,Standard Class
IN-2014-29907,Standard Class,Standard Class
AO-2012-2650,Standard Class,Standard Class
ID-2011-15746,Same Day,First Class
ES-2012-5659427,Standard Class,Standard Class
ES-2014-5263546,Standard Class,Standard Class
IN-2012-60714,Standard Class,Standard Class
IN-2012-70325,Standard Class,Standard Class
ES-2014-2951493,Standard Class,Standard Class
CA-2011-166191,Second Class,Standard Class
IN-2011-83513,Second Class,Standard Class
CA-2013-161389,Standard Class,Standard Class
CA-2014-121580,Standard Class,Standard Class
CA-2011-108189,First Class,Standard Class
CA-2013-131744,Second Class,Standard Class
CA-2012-162201,Standard Class,Standard Class
IN-2012-66419,Standard Class,Standard Class
IN-2012-44194,First Class,Standard Class
ES-2013-5538953,Standard Class,Standard Class
ES-2011-5522951,First Class,Standard Class
CA-2014-164168,Standard Class,Standard Class
IS-2014-7460,First Class,Standard Class
CG-2011-9940,Standard Class,Standard Class
IN-2011-14941,Standard Class,Standard Class
CA-2013-128811,Standard Class,Standard Class
IN-2011-47589,First Class,Second Class
IR-2014-5870,Standard Class,Standard Class
CA-2012-108259,Standard Class,Standard Class
IN-2012-11210,Second Class,Standard Class
EG-2014-480,First Class,Standard Class
ES-2014-1209005,Standard Class,Standard Class
ES-2013-3951434,First Class,Standard Class
CA-2014-140963,First Class,Standard Class
CA-2011-143385,Standard Class,Standard Class
IN-2012-43081,Standard Class,Standard Class
IN-2014-19911,First Class,First Class
IT-2011-3466484,Second Class,Standard Class
CA-2011-128839,Standard Class,Standard Class
CA-2014-144456,First Class,Standard Class
IN-2014-30817,Standard Class,Standard Class
ID-2011-76884,Standard Class,Standard Class
CA-2011-8490,Standard Class,Standard Class
ES-2013-3311089,Second Class,Standard Class
CA-2011-119375,Standard Class,Standard Class
ES-2013-4396697,Standard Class,Standard Class
CA-2014-109778,Standard Class,Standard Class
IR-2012-2180,Standard Class,Standard Class
CA-2012-108588,Standard Class,Standard Class
ES-2013-4242041,Standard Class,Standard Class
ES-2012-5259635,Second Class,Standard Class
CM-2014-4270,Second Class,Standard Class
IN-2014-41345,Standard Class,Standard Class
CA-2011-169019,Standard Class,Standard Class
EG-2013-8790,Standard Class,Standard Class
CA-2013-138478,Second Class,Standard Class
ES-2011-5532122,Second Class,Standard Class
CA-2014-135860,Standard Class,Standard Class
EG-2012-9610,Standard Class,Standard Class
ES-2014-2283801,Second Class,Standard Class
ES-2013-3759039,Standard Class,Standard Class
IN-2013-55555,Standard Class,Standard Class
ID-2013-30103,First Class,First Class
ES-2011-3995423,First Class,First Class
ES-2012-5575159,Same Day,Standard Class
IN-2014-30845,Standard Class,Standard Class
ID-2014-66174,Standard Class,Standard Class
CA-2012-104346,Standard Class,Standard Class
ES-2014-1166113,Second Class,Standard Class
ID-2014-85438,Standard Class,Standard Class
IN-2013-17853,Second Class,Standard Class
IN-2014-36648,Standard Class,Standard Class
ES-2012-3869925,Standard Class,Standard Class
IN-2013-12610,Standard Class,Standard Class
IN-2013-42787,Standard Class,Standard Class
IN-2011-10328,Second Class,First Class
ID-2013-23845,Standard Class,Standard Class
ES-2014-4489967,Standard Class,Standard Class
AG-2014-4880,Second Class,Standard Class
IN-2014-39693,Standard Class,Standard Class
ES-2011-4384804,Standard Class,Standard Class
ES-2013-3339619,Standard Class,Standard Class
CA-2011-140165,First Class,Second Class
ES-2013-4835750,Standard Class,Standard Class
CA-2012-101154,First Class,Standard Class
ES-2014-4612740,Standard Class,Standard Class
CA-2013-109666,Standard Class,Standard Class
ES-2013-5782657,Standard Class,Standard Class
CA-2012-145394,Standard Class,Standard Class
IN-2013-73412,Standard Class,Standard Class
IN-2013-38902,Standard Class,Standard Class
ES-2014-5160531,Standard Class,Standard Class
CA-2012-113152,Standard Class,Standard Class
ES-2013-1756896,Standard Class,Standard Class
IN-2013-67896,Second Class,Standard Class
IN-2011-19652,First Class,Standard Class
CG-2014-80,Standard Class,Standard Class
CA-2012-141243,Second Class,Standard Class
AL-2013-3830,First Class,First Class
ES-2014-2574091,First Class,First Class
IN-2013-86439,Second Class,Standard Class
IN-2013-35745,Standard Class,Standard Class
ID-2011-17286,Second Class,Standard Class
BK-2014-2410,Same Day,Standard Class
BN-2014-4920,Standard Class,Standard Class
ID-2013-56927,Second Class,Standard Class
ES-2014-4151895,First Class,First Class
CA-2013-133550,Standard Class,Standard Class
IN-2014-41044,First Class,Standard Class
ES-2013-2115657,Same Day,Standard Class
ES-2014-4626156,Second Class,Standard Class
IN-2013-58222,Standard Class,Standard Class
CA-2014-139080,Standard Class,Standard Class
ES-2012-2641248,Standard Class,Standard Class
IN-2014-46616,Standard Class,Standard Class
IT-2011-1978668,Second Class,Standard Class
ID-2014-57739,Standard Class,Standard Class
CA-2011-115980,Standard Class,Standard Class
CA-2013-106950,Standard Class,Standard Class
IN-2011-49129,Standard Class,Standard Class
CA-2011-118339,Standard Class,Standard Class
ES-2013-2708008,Standard Class,Standard Class
IS-2011-4410,Standard Class,Standard Class
ES-2014-4673578,Second Class,Standard Class
IN-2012-40813,Second Class,Standard Class
IN-2011-32126,Standard Class,Standard Class
ES-2013-3635603,Standard Class,Standard Class
CA-2012-122623,Standard Class,Standard Class
ES-2014-1666545,Standard Class,Standard Class
ES-2014-5075420,Standard Class,Standard Class
CA-2013-161543,Standard Class,Standard Class
CA-2013-108196,Standard Class,Standard Class
IN-2011-26456,Standard Class,Standard Class
CA-2014-150504,Standard Class,Standard Class
ID-2011-20436,Second Class,Standard Class
CA-2011-140732,Second Class,Standard Class
IN-2014-37719,Standard Class,Standard Class
IR-2012-6980,Standard Class,Standard Class
CA-2013-140081,Standard Class,Standard Class
IN-2012-29816,Standard Class,Standard Class
IN-2012-71459,First Class,First Class
ID-2011-27779,Standard Class,Standard Class
IN-2014-25903,First Class,Standard Class
ES-2013-5755406,Standard Class,Standard Class
ES-2014-1873734,Same Day,First Class
IN-2011-50438,Second Class,Standard Class
ES-2011-2587200,Standard Class,Standard Class
ES-2014-3986366,Standard Class,Standard Class
CG-2014-5160,Standard Class,Standard Class
ID-2014-53728,Same Day,Standard Class
IN-2011-32581,Standard Class,Standard Class
ID-2014-56549,Standard Class,Standard Class
IN-2012-11217,First Class,Standard Class
IN-2013-49318,Second Class,Standard Class
CA-2012-130253,Standard Class,Standard Class
CA-2013-143609,First Class,First Class
ES-2013-1030020,Standard Class,Standard Class
ID-2014-21220,Standard Class,Standard Class
EG-2011-1640,Second Class,Standard Class
IN-2011-18385,Second Class,Standard Class
CA-2013-157336,Second Class,Standard Class
CA-2014-140949,Second Class,Standard Class
ES-2012-2332844,Standard Class,Standard Class
CA-2011-128055,Standard Class,Standard Class
IN-2012-84773,Second Class,Standard Class
EZ-2014-6890,Standard Class,Standard Class
CA-2011-117765,Standard Class,Standard Class
ID-2013-19960,Second Class,Standard Class
CA-2012-163181,Standard Class,Standard Class
CG-2013-6800,Standard Class,Standard Class
ES-2014-5474746,Same Day,Standard Class
CA-2011-102869,Second Class,Standard Class
IR-2013-2940,Second Class,Standard Class
ES-2013-1188032,Standard Class,Standard Class
CA-2013-142895,Standard Class,Standard Class
CA-2014-135692,Standard Class,Standard Class
IN-2011-10286,First Class,First Class
ES-2014-3132105,Second Class,Standard Class
CA-2013-137330,Standard Class,Standard Class
IN-2014-36046,Standard Class,Standard Class
CA-2011-116932,Standard Class,Standard Class
IN-2014-10062,Same Day,Standard Class
CA-2014-159464,First Class,Standard Class
ID-2014-52993,Standard Class,Standard Class
IN-2014-54253,Standard Class,Standard Class
IT-2011-4028329,Standard Class,Standard Class
IN-2012-48317,Standard Class,Standard Class
IN-2014-18784,Standard Class,Standard Class
IR-2014-8530,Standard Class,Standard Class
ES-2012-4806252,Standard Class,Standard Class
ID-2011-76884,Standard Class,Standard Class
ES-2014-4737924,Same Day,Standard Class
ID-2014-13289,First Class,Standard Class
CA-2014-131492,Second Class,Standard Class
HU-2011-1380,Same Day,First Class
ES-2012-5450436,Standard Class,Standard Class
CA-2014-156776,Standard Class,Standard Class
HR-2013-6170,Standard Class,Standard Class
CA-2011-163552,Standard Class,Standard Class
ES-2014-4875323,Standard Class,Standard Class
IN-2014-19904,Standard Class,Standard Class
IN-2013-73825,Standard Class,Standard Class
ID-2014-67581,First Class,Standard Class
IN-2013-54736,Standard Class,Standard Class
ID-2014-64830,First Class,Standard Class
ES-2012-2137901,Second Class,Standard Class
CA-2011-126361,Second Class,Standard Class
IN-2014-72278,First Class,Standard Class
CA-2013-145177,Standard Class,Standard Class
CA-2012-145352,Standard Class,Standard Class
IN-2014-72236,First Class,Second Class
IN-2011-62331,Standard Class,Standard Class
ES-2013-3088790,Same Day,Standard Class
CA-2013-104157,Standard Class,Standard Class
CA-2012-168207,Standard Class,Standard Class
CG-2014-1070,First Class,Standard Class
CA-2012-110016,Standard Class,Standard Class
CA-2012-163734,Standard Class,Standard Class
ID-2014-74315,First Class,Standard Class
IN-2013-12729,Second Class,Standard Class
IN-2012-47813,Standard Class,Standard Class
ID-2012-18350,Standard Class,Standard Class
CA-2013-140382,Second Class,Standard Class
CA-2012-124107,Second Class,First Class
BU-2012-8790,Second Class,Standard Class
IN-2012-50466,Standard Class,Standard Class
IN-2013-67938,Standard Class,Standard Class
CA-2014-140872,Standard Class,Standard Class
IN-2013-75106,Second Class,Standard Class
CA-2014-125199,Standard Class,Standard Class
ES-2012-2458009,Standard Class,Standard Class
IT-2012-5703527,Second Class,Standard Class
CA-2013-146206,Second Class,Standard Class
IN-2011-44145,Standard Class,Standard Class
CA-2014-103877,Standard Class,Standard Class
AU-2013-6980,Second Class,Standard Class
CA-2014-108322,Standard Class,Standard Class
CA-2013-169103,Standard Class,Standard Class
ES-2014-5468847,Standard Class,Standard Class
CA-2012-135391,Second Class,Standard Class
ES-2013-2219250,Standard Class,Standard Class
CA-2012-169201,First Class,First Class
IN-2013-13786,Standard Class,Standard Class
IN-2013-31006,Second Class,Standard Class
IN-2012-56556,Standard Class,Standard Class
IN-2012-32882,Standard Class,Standard Class
CA-2013-142370,Standard Class,Standard Class
CA-2013-145548,Standard Class,Standard Class
ES-2012-2088434,Second Class,Standard Class
ES-2013-5588129,Standard Class,Standard Class
IN-2014-63710,Same Day,Second Class
ID-2012-41520,Standard Class,Standard Class
AJ-2013-2640,Standard Class,Standard Class
CA-2014-122504,Second Class,Standard Class
ES-2013-5788188,Second Class,Standard Class
EG-2014-9660,Standard Class,Standard Class
IR-2014-2670,First Class,Standard Class
ES-2011-1351543,Standard Class,Standard Class
IN-2013-71753,Standard Class,Standard Class
CA-2013-130393,Second Class,Standard Class
IN-2013-11357,Standard Class,Standard Class
IN-2013-19400,Standard Class,Standard Class
AU-2011-3990,Standard Class,Standard Class
CA-2014-4440,Standard Class,Standard Class
BY-2012-8590,Standard Class,Standard Class
ES-2012-1919871,Standard Class,Standard Class
ES-2013-3382466,Standard Class,Standard Class
CA-2014-123085,Standard Class,Standard Class
IN-2012-65537,Standard Class,Standard Class
CA-2011-148285,Standard Class,Standard Class
IN-2014-51572,Standard Class,Standard Class
GG-2011-6070,First Class,Standard Class
ES-2012-1688414,Standard Class,Standard Class
IN-2011-26057,Standard Class,Standard Class
CA-2011-163867,First Class,Standard Class
ES-2012-2960821,Standard Class,Standard Class
ES-2014-5395911,Standard Class,Standard Class
BU-2013-2970,Standard Class,Standard Class
CA-2012-144288,Standard Class,Standard Class
CA-2013-163776,Standard Class,Standard Class
ID-2012-54743,Standard Class,Standard Class
IN-2011-28346,Standard Class,Standard Class
CA-2014-160423,Standard Class,Standard Class
ES-2014-1139892,Standard Class,Standard Class
IN-2012-79460,Standard Class,Standard Class
CA-2014-134565,Second Class,Standard Class
IT-2012-2549772,Standard Class,Standard Class
CA-2014-167150,Standard Class,Standard Class
ID-2012-40176,Standard Class,Standard Class
IN-2011-86642,Standard Class,Standard Class
IN-2012-50102,First Class,Standard Class
IN-2012-69072,Standard Class,Standard Class
IN-2012-34310,Standard Class,Standard Class
CA-2012-137750,Standard Class,Standard Class
ES-2011-1228490,Second Class,Standard Class
ES-2012-2209297,Standard Class,Standard Class
ID-2012-12953,Standard Class,Standard Class
CA-2012-9650,Standard Class,Standard Class
IN-2014-19820,First Class,First Class
ES-2014-2494639,Standard Class,Standard Class
IN-2012-57823,Standard Class,Standard Class
CA-2014-132339,Standard Class,Standard Class
ES-2012-4080677,Standard Class,Standard Class
IN-2012-20597,Standard Class,Standard Class
ES-2011-5083176,Standard Class,Standard Class
ES-2014-3133751,Standard Class,Standard Class
ES-2013-4599518,Standard Class,Standard Class
CA-2014-133263,Second Class,Standard Class
ID-2013-57949,Same Day,Standard Class
ES-2013-3946680,Standard Class,Standard Class
IN-2014-56801,First Class,Standard Class
CA-2013-2360,Standard Class,Standard Class
IN-2011-39861,Standard Class,Standard Class
CG-2013-4190,Second Class,Standard Class
ES-2012-1439705,Standard Class,Standard Class
CA-2014-124296,Standard Class,Standard Class
AJ-2014-6800,Standard Class,Standard Class
CA-2012-132486,Second Class,Standard Class
IN-2014-19274,First Class,Standard Class
ES-2014-1015287,Same Day,Second Class
CA-2013-121748,Second Class,Standard Class
CG-2013-5440,Second Class,Standard Class
CA-2014-136364,Second Class,Standard Class
CA-2014-115119,Standard Class,Standard Class
ES-2013-1135121,Second Class,Standard Class
ES-2013-3571687,Standard Class,Standard Class
AG-2012-4910,Standard Class,Standard Class
IN-2011-67000,First Class,First Class
CA-2013-150077,Standard Class,Standard Class
CA-2011-118192,Standard Class,Standard Class
IN-2014-12820,Standard Class,Standard Class
CA-2014-131254,First Class,Standard Class
CA-2011-166086,Standard Class,Standard Class
CA-2014-143798,First Class,First Class
CA-2012-100146,Standard Class,Standard Class
CA-2011-103429,First Class,First Class
ES-2014-4039189,Second Class,Standard Class
IN-2013-77073,Standard Class,Standard Class
ET-2014-8160,Standard Class,Standard Class
ID-2014-12428,Standard Class,Standard Class
CA-2014-123491,Standard Class,Standard Class
CA-2011-4880,First Class,Standard Class
CA-2011-138359,Standard Class,Standard Class
BN-2013-6580,First Class,Standard Class
IN-2013-58509,Second Class,First Class
IN-2011-34800,Standard Class,Standard Class
ES-2012-1749192,Standard Class,Standard Class
ES-2014-2323716,Standard Class,Standard Class
CA-2012-164084,Standard Class,Standard Class
CA-2014-149853,Standard Class,Standard Class
IN-2012-33813,Standard Class,Standard Class
CG-2013-3660,Standard Class,Standard Class
ES-2012-1462152,Second Class,Standard Class
AO-2011-4780,Standard Class,Standard Class
IN-2014-66965,Standard Class,Standard Class
ID-2012-20212,Second Class,Standard Class
IN-2013-41240,Standard Class,Standard Class
ES-2013-1812049,Second Class,Standard Class
ES-2012-1473317,Standard Class,Standard Class
IN-2012-82918,Standard Class,Standard Class
CA-2012-142454,Standard Class,Standard Class
CA-2014-133046,Second Class,Standard Class
EG-2013-310,Standard Class,Standard Class
ES-2014-5375749,First Class,Standard Class
ES-2013-3022350,Standard Class,Standard Class
IN-2013-86110,First Class,First Class
EG-2012-4610,Second Class,Standard Class
IT-2012-2399688,Standard Class,Standard Class
CA-2012-111780,Second Class,Standard Class
IN-2014-24384,Second Class,First Class
CA-2014-154074,Second Class,Standard Class
CA-2013-107104,Standard Class,Standard Class
IN-2011-12554,Standard Class,Standard Class
IN-2012-37698,First Class,First Class
ID-2012-80832,Standard Class,Standard Class
CA-2014-164378,Second Class,Standard Class
CA-2014-101308,Standard Class,Standard Class
CM-2014-3130,Standard Class,Standard Class
HU-2014-960,Standard Class,Standard Class
IN-2014-76219,Same Day,Standard Class
ES-2011-4509445,Standard Class,Standard Class
CA-2013-167507,Standard Class,Standard Class
CA-2012-109470,Second Class,Standard Class
CA-2012-141250,Standard Class,Standard Class
IN-2014-51950,Second Class,Second Class
ID-2013-69170,Second Class,Standard Class
CA-2014-157483,Standard Class,Standard Class
CA-2014-143259,Standard Class,Standard Class
ES-2014-3995946,Same Day,Standard Class
CA-2011-146703,Second Class,Standard Class
ES-2014-1378862,Second Class,First Class
ID-2012-66055,Standard Class,Standard Class
ES-2012-4997791,Standard Class,Standard Class
ES-2012-3480401,First Class,Standard Class
ES-2012-3613797,Second Class,Standard Class
ES-2014-5200052,Standard Class,Standard Class
IR-2013-390,Same Day,First Class
ES-2013-4679331,First Class,Standard Class
CA-2013-113978,Standard Class,Standard Class
IN-2014-32609,First Class,Standard Class
ES-2012-5645358,Second Class,Standard Class
CA-2014-144932,First Class,Standard Class
IN-2014-44334,Standard Class,Standard Class
CA-2012-166464,Standard Class,Standard Class
CA-2013-154662,Standard Class,Standard Class
ES-2014-5975016,Standard Class,Standard Class
CA-2012-112571,Same Day,Standard Class
IN-2013-71585,Second Class,First Class
CG-2014-4630,Second Class,First Class
ID-2012-22550,Standard Class,Standard Class
IN-2014-43263,Second Class,Second Class
CA-2014-141873,Standard Class,Standard Class
ES-2012-3679676,Standard Class,Standard Class
ID-2014-69303,Standard Class,Standard Class
ID-2011-75652,Standard Class,Standard Class
CA-2014-151190,Standard Class,Standard Class
ID-2014-39084,Standard Class,Standard Class
ID-2014-83324,First Class,Standard Class
CA-2014-102414,Second Class,Standard Class
IN-2014-75379,Standard Class,Standard Class
ES-2013-2720927,Second Class,Standard Class
ID-2014-39952,Second Class,Standard Class
ES-2013-4851162,Second Class,Standard Class
CA-2014-153843,First Class,Standard Class
CA-2012-118738,Standard Class,Standard Class
ES-2014-3993955,Standard Class,Standard Class
ID-2014-47792,Second Class,Standard Class
ID-2014-20205,Standard Class,Standard Class
IN-2013-84178,Second Class,Standard Class
ID-2014-47792,Second Class,Standard Class
CA-2014-145429,Standard Class,Standard Class
IN-2012-44180,Standard Class,Standard Class
ES-2011-2287259,Standard Class,Standard Class
CA-2012-162047,First Class,Standard Class
ID-2014-85032,Same Day,Standard Class
CA-2011-460,Second Class,Standard Class
CA-2013-149762,Standard Class,Standard Class
ES-2013-5242886,Standard Class,Standard Class
IN-2012-29130,Standard Class,Standard Class
CG-2014-3960,Standard Class,Standard Class
CA-2013-8450,Second Class,Standard Class
ES-2014-1415600,Standard Class,Standard Class
ID-2013-18833,Second Class,Standard Class
ES-2014-2172414,Standard Class,Standard Class
ID-2014-67602,Same Day,Standard Class
CA-2014-111689,Second Class,First Class
CA-2012-162537,Standard Class,Standard Class
CA-2014-9470,Second Class,Standard Class
CA-2012-122756,Standard Class,Standard Class
ES-2013-3166498,Second Class,First Class
ES-2014-3502771,Standard Class,Standard Class
CA-2011-103310,Standard Class,Standard Class
IN-2013-60364,Standard Class,Standard Class
EZ-2012-1620,Second Class,Standard Class
IR-2014-1670,Standard Class,Standard Class
CA-2014-102925,Second Class,Standard Class
ES-2014-1107818,First Class,Standard Class
ID-2014-21906,Standard Class,Standard Class
ES-2012-2130247,Standard Class,Standard Class
IN-2014-50109,First Class,Standard Class
IN-2013-19568,Standard Class,Standard Class
CA-2013-146325,First Class,Standard Class
CA-2013-124485,First Class,Standard Class
ES-2012-5722902,Standard Class,Standard Class
ES-2013-5191940,Standard Class,Standard Class
EN-2011-70,Same Day,Standard Class
IN-2011-27968,Standard Class,Standard Class
ID-2014-68029,Standard Class,Standard Class
CA-2013-107783,First Class,Standard Class
CA-2014-102337,First Class,Standard Class
CA-2013-165316,Standard Class,Standard Class
ES-2011-5178055,Standard Class,Standard Class
CA-2013-161746,Standard Class,Standard Class
IN-2012-29354,Second Class,Standard Class
EG-2013-2110,Standard Class,Standard Class
IN-2013-51152,Standard Class,Standard Class
ES-2014-1511007,Standard Class,Standard Class
CA-2011-137911,Standard Class,Standard Class
IN-2014-24531,Standard Class,Standard Class
CA-2011-152443,Standard Class,Standard Class
CA-2014-118213,First Class,Standard Class
AG-2013-2690,Second Class,Second Class
ES-2014-1931437,Standard Class,Standard Class
AG-2014-7770,Standard Class,Standard Class
CG-2011-30,Standard Class,Standard Class
ES-2011-3353574,Standard Class,Standard Class
CA-2014-113355,Standard Class,Standard Class
CA-2013-140571,Standard Class,Standard Class
ID-2014-44117,Standard Class,Standard Class
ID-2012-46357,Second Class,Standard Class
AO-2013-2180,Standard Class,Standard Class
ES-2013-2271399,First Class,Standard Class
CA-2013-115588,Second Class,Standard Class
IN-2012-12162,First Class,Standard Class
CA-2013-101329,Standard Class,Standard Class
IN-2011-23131,Standard Class,Standard Class
ES-2013-4405513,Standard Class,Standard Class
AG-2014-8600,Standard Class,Standard Class
CA-2012-116092,Second Class,Standard Class
ES-2012-2332844,Standard Class,Standard Class
IN-2013-77010,Second Class,First Class
ES-2013-5506373,Second Class,Standard Class
CA-2012-104941,Standard Class,Standard Class
IN-2014-68204,Standard Class,Standard Class
ES-2014-2434348,Standard Class,Standard Class
ES-2012-5359319,Standard Class,Standard Class
IS-2013-310,Standard Class,Standard Class
CA-2014-121195,First Class,Standard Class
IN-2014-82939,Standard Class,Standard Class
CA-2011-103702,Standard Class,Standard Class
CA-2014-119011,Standard Class,Standard Class
CA-2014-131625,Second Class,Standard Class
IT-2012-1694853,Second Class,First Class
IN-2014-23481,Standard Class,Standard Class
CA-2011-144414,Standard Class,Standard Class
ES-2012-4193401,Standard Class,Standard Class
ID-2014-58600,Standard Class,Standard Class
CA-2011-115791,Second Class,First Class
ID-2014-23796,Standard Class,Standard Class
CA-2012-102491,Standard Class,Standard Class
IN-2013-79390,Standard Class,Standard Class
ES-2011-4156324,Second Class,Standard Class
IR-2011-6860,Standard Class,Standard Class
ES-2014-5205657,Standard Class,Standard Class
IN-2013-39833,Standard Class,Standard Class
ES-2013-2409754,First Class,First Class
IN-2011-14017,Second Class,Standard Class
ES-2011-4632225,Standard Class,Standard Class
CA-2014-117212,Second Class,Standard Class
ID-2013-69170,Second Class,Standard Class
ID-2014-64165,Second Class,Standard Class
CA-2013-117583,First Class,Standard Class
IS-2013-390,Second Class,First Class
ID-2014-33659,Standard Class,Standard Class
ES-2011-2174124,First Class,Standard Class
ES-2013-4408752,Standard Class,Standard Class
CA-2013-114972,First Class,First Class
IT-2011-4599620,Second Class,Standard Class
ES-2013-1621921,First Class,Second Class
CA-2014-124261,Standard Class,Standard Class
ID-2013-18616,Standard Class,Standard Class
ES-2013-3908850,First Class,Standard Class
ES-2011-3524149,Standard Class,Standard Class
CA-2012-150791,Standard Class,Standard Class
CG-2012-8000,Second Class,Standard Class
ES-2014-2611605,Standard Class,Standard Class
EG-2012-8860,Second Class,Standard Class
IN-2014-41212,First Class,Standard Class
CA-2011-146969,Standard Class,Standard Class
ID-2011-74784,Second Class,First Class
CA-2013-126158,Standard Class,Standard Class
ES-2014-4341309,Second Class,First Class
CA-2013-118178,Standard Class,Standard Class
IN-2013-21381,Standard Class,Standard Class
CA-2013-105732,Standard Class,Standard Class
CA-2014-108854,Standard Class,Standard Class
IN-2012-71200,Second Class,Standard Class
IN-2013-73286,Second Class,Standard Class
ID-2014-77857,Standard Class,Standard Class
IN-2014-73041,Standard Class,Standard Class
IN-2012-37411,Second Class,Standard Class
IN-2011-78823,Standard Class,Standard Class
IN-2012-44572,Standard Class,Standard Class
CA-2012-120901,Standard Class,Standard Class
ES-2014-5856066,First Class,Standard Class
ID-2014-29641,Standard Class,Standard Class
CA-2013-131737,Same Day,Standard Class
CA-2014-102309,Second Class,First Class
ID-2012-50123,Standard Class,Standard Class
ES-2014-3229402,First Class,First Class
ES-2012-5206109,Second Class,Standard Class
ES-2014-1995148,Standard Class,Standard Class
ID-2011-76884,Standard Class,Standard Class
CA-2012-156734,First Class,Standard Class
ID-2014-26288,Standard Class,Standard Class
ID-2012-12953,Standard Class,Standard Class
ES-2011-3356037,Standard Class,Standard Class
ES-2014-5119760,First Class,First Class
CA-2012-113628,Standard Class,Standard Class
IN-2013-18483,Standard Class,Standard Class
CA-2014-105235,Standard Class,Standard Class
IN-2014-23929,First Class,Standard Class
ES-2012-1028780,Standard Class,Standard Class
ES-2011-4549921,Standard Class,Standard Class
CA-2014-149048,Standard Class,Standard Class
ES-2012-2878323,Standard Class,Standard Class
CA-2014-131492,Second Class,Standard Class
ES-2012-1606540,Standard Class,Standard Class
ES-2012-2446694,Standard Class,Standard Class
ID-2013-36501,Standard Class,Standard Class
IN-2013-37124,Second Class,Standard Class
ID-2013-64739,Standard Class,Standard Class
IN-2014-67434,Standard Class,Standard Class
ID-2013-66104,Second Class,Standard Class
ES-2013-3894596,Same Day,Standard Class
ES-2014-3653593,First Class,Standard Class
ES-2013-5131191,Second Class,Standard Class
ES-2014-5831908,First Class,Standard Class
IN-2013-14899,Standard Class,Standard Class
CA-2013-163986,Standard Class,Standard Class
ES-2012-1059749,First Class,Standard Class
ID-2012-86229,First Class,Standard Class
ID-2012-85053,Second Class,Standard Class
ES-2014-3484812,First Class,Standard Class
IN-2014-31790,First Class,Standard Class
ES-2014-4187907,Second Class,Standard Class
ES-2012-2130247,Standard Class,Standard Class
IN-2012-14808,Standard Class,Standard Class
ES-2013-5144015,Standard Class,Standard Class
ES-2014-3629794,Standard Class,Standard Class
CA-2012-125934,Standard Class,Standard Class
IN-2014-29291,Standard Class,Standard Class
ES-2014-1504792,Second Class,Standard Class
ES-2011-3746760,Standard Class,Standard Class
ID-2012-62807,Second Class,Standard Class
IN-2012-59916,Standard Class,Standard Class
AG-2011-1440,Standard Class,Standard Class
CG-2014-180,First Class,Standard Class
IN-2014-52538,Standard Class,Standard Class
IN-2014-41786,Standard Class,Standard Class
ID-2012-12869,Standard Class,Standard Class
IN-2013-13681,Standard Class,Standard Class
ES-2013-2664096,First Class,Standard Class
EZ-2012-1620,Second Class,Standard Class
ID-2013-24615,Second Class,Standard Class
CA-2012-102260,Standard Class,Standard Class
IN-2011-70269,Standard Class,Standard Class
ID-2012-66503,Standard Class,Standard Class
IN-2014-69282,Standard Class,Standard Class
CA-2014-166898,Second Class,Standard Class
ID-2012-46210,Standard Class,Standard Class
CA-2011-132983,Standard Class,Standard Class
CA-2011-156594,Second Class,Standard Class
ES-2013-5170724,Standard Class,Standard Class
CA-2013-131835,Standard Class,Standard Class
CA-2013-132066,Standard Class,Standard Class
ID-2011-41751,Standard Class,Standard Class
IN-2014-25091,Same Day,Standard Class
ES-2012-1428608,Second Class,First Class
ES-2012-5419499,Second Class,Standard Class
CA-2011-167997,First Class,Standard Class
HR-2012-5400,Standard Class,Standard Class
IN-2012-44180,Standard Class,Standard Class
ES-2014-4363806,First Class,First Class
CA-2011-146843,Standard Class,Standard Class
ES-2011-1386961,Standard Class,Standard Class
ES-2014-1666545,Standard Class,Standard Class
CA-2014-148012,Standard Class,Standard Class
EG-2013-2860,First Class,Standard Class
CA-2014-4170,Standard Class,Standard Class
EG-2014-740,Standard Class,Standard Class
CA-2014-110625,Standard Class,Standard Class
IN-2014-18560,Standard Class,Standard Class
ES-2011-3592923,Standard Class,Standard Class
CA-2011-126200,Standard Class,Standard Class
IN-2011-25588,Standard Class,Standard Class
IN-2013-19400,Standard Class,Standard Class
ES-2012-4279457,Second Class,Standard Class
IN-2013-16544,Standard Class,Standard Class
CA-2012-112452,Same Day,First Class
IN-2013-41975,Same Day,Standard Class
ID-2013-61442,Standard Class,Standard Class
IN-2012-75904,First Class,Standard Class
CA-2012-105627,Standard Class,Standard Class
CA-2013-128818,Standard Class,Standard Class
ID-2014-37250,Standard Class,Standard Class
ES-2012-2894420,Standard Class,Standard Class
IN-2014-68337,Standard Class,Standard Class
CA-2013-110254,Standard Class,Standard Class
CA-2011-165428,First Class,Standard Class
CA-2014-105487,Standard Class,Standard Class
CA-2011-142727,Second Class,Standard Class
ES-2014-5822421,Standard Class,Standard Class
CA-2011-125829,Standard Class,Standard Class
ES-2014-3878729,Standard Class,Standard Class
IN-2014-85515,First Class,Standard Class
CA-2014-125199,Standard Class,Standard Class
IN-2013-73615,First Class,Standard Class
IN-2013-42535,Same Day,First Class
IN-2014-21045,Standard Class,Standard Class
ES-2011-3995423,First Class,First Class
IN-2013-60546,Standard Class,Standard Class
CA-2013-113831,Standard Class,Standard Class
IN-2013-26743,Second Class,Standard Class
ES-2012-5847046,Standard Class,Standard Class
ES-2014-5093967,Standard Class,Standard Class
CA-2013-155474,Standard Class,Standard Class
ES-2012-3791638,Second Class,Standard Class
ES-2014-3553827,Standard Class,Standard Class
AU-2012-7410,Standard Class,Standard Class
CA-2013-153661,First Class,Standard Class
CM-2012-5000,First Class,Standard Class
CA-2014-106782,Standard Class,Standard Class
IN-2013-61127,Standard Class,Standard Class
ID-2012-44495,Standard Class,Standard Class
IN-2014-61792,First Class,Standard Class
CA-2012-167010,Standard Class,Standard Class
ES-2012-4160852,Second Class,Standard Class
ES-2014-1874741,Standard Class,Standard Class
CA-2014-163405,Standard Class,Standard Class
IN-2014-41947,Standard Class,Standard Class
ES-2012-3045167,Standard Class,Standard Class
CA-2011-138317,Standard Class,Standard Class
ES-2013-3007238,Standard Class,Standard Class
IN-2014-45188,First Class,Standard Class
CA-2014-135279,First Class,Standard Class
IN-2013-83688,Standard Class,Standard Class
IN-2014-19771,Standard Class,Standard Class
CA-2013-162138,Standard Class,Standard Class
ID-2014-46756,Standard Class,Standard Class
IN-2014-35297,First Class,Standard Class
IN-2013-86803,Standard Class,Standard Class
ID-2014-46168,Second Class,Standard Class
IN-2013-44033,Standard Class,Standard Class
ES-2011-4187064,Second Class,Standard Class
IR-2014-7580,Standard Class,Standard Class
CA-2014-128965,Standard Class,Standard Class
ES-2013-3927096,Standard Class,Standard Class
BN-2014-1970,Standard Class,Standard Class
CA-2011-103989,First Class,Standard Class
ES-2011-4052630,Standard Class,Standard Class
IN-2012-44194,First Class,Standard Class
IR-2014-9810,Second Class,Standard Class
IN-2013-81504,Standard Class,Standard Class
CA-2014-133263,Second Class,Standard Class
CA-2014-127432,Standard Class,Standard Class
IN-2014-45762,Second Class,Standard Class
ID-2011-37306,Standard Class,Standard Class
IS-2011-9900,Standard Class,Standard Class
ID-2011-43977,Standard Class,Standard Class
ES-2013-3016012,Standard Class,Standard Class
CA-2013-128531,Second Class,First Class
IN-2014-37117,Standard Class,Standard Class
CA-2011-166863,Standard Class,Standard Class
IN-2013-35745,Standard Class,Standard Class
ES-2014-5990473,Standard Class,Standard Class
ID-2013-20100,Standard Class,Standard Class
IN-2014-36417,First Class,Standard Class
IS-2014-6980,Standard Class,Standard Class
CA-2012-114300,Standard Class,Standard Class
ID-2013-64970,Standard Class,Standard Class
CA-2014-157987,Standard Class,Standard Class
CA-2012-144267,First Class,Standard Class
IN-2012-84773,Second Class,Standard Class
CA-2014-136882,Standard Class,Standard Class
IN-2011-66734,Second Class,Standard Class
CA-2011-169726,Standard Class,Standard Class
IN-2011-40323,First Class,Standard Class
CA-2014-105620,First Class,Standard Class
ID-2014-68505,Standard Class,Standard Class
CA-2011-146969,Standard Class,Standard Class
CM-2012-4330,Standard Class,Standard Class
ES-2012-3603495,Standard Class,Standard Class
IN-2011-40715,Standard Class,Standard Class
CA-2014-133046,Second Class,Standard Class
ID-2011-37271,Standard Class,Standard Class
CM-2013-1220,Standard Class,Standard Class
CA-2014-141439,Standard Class,Standard Class
IN-2014-30110,First Class,Standard Class
ES-2011-5861038,Standard Class,Standard Class
IN-2011-65985,Second Class,Standard Class
ID-2012-37775,Second Class,Standard Class
IN-2014-68169,Same Day,Standard Class
ID-2014-33134,Standard Class,Standard Class
IN-2012-59916,Standard Class,Standard Class
CA-2012-137071,First Class,Standard Class
IN-2014-64760,Standard Class,Standard Class
CA-2012-158421,Standard Class,Standard Class
IN-2014-33407,Standard Class,Standard Class
ID-2014-43690,Standard Class,Standard Class
ES-2012-2651446,Same Day,Standard Class
IN-2013-57641,Second Class,Standard Class
CA-2012-130792,Standard Class,Standard Class
ES-2014-2631855,Standard Class,Standard Class
IN-2013-27541,First Class,First Class
ES-2014-5275437,Same Day,Standard Class
ES-2012-1349761,First Class,Standard Class
IN-2013-61274,Standard Class,Standard Class
IR-2012-3990,Second Class,Standard Class
CA-2014-140949,Second Class,Standard Class
ES-2012-2223892,First Class,Standard Class
ID-2012-48100,Standard Class,Standard Class
IN-2013-49367,Standard Class,Standard Class
CA-2012-129896,Standard Class,Standard Class
CA-2012-151253,Standard Class,Standard Class
IN-2014-80629,Second Class,Standard Class
IN-2012-41261,Standard Class,Standard Class
EZ-2014-1650,First Class,First Class
CA-2014-143035,Second Class,Standard Class
CA-2014-166093,Standard Class,Standard Class
ES-2013-2972804,Standard Class,Standard Class
CA-2014-168123,Same Day,Standard Class
ES-2013-1692384,Standard Class,Standard Class
ES-2014-4385660,Second Class,Standard Class
CA-2012-145415,Second Class,Standard Class
ID-2013-22725,Standard Class,Standard Class
CA-2012-142692,Standard Class,Standard Class
ES-2011-1647523,First Class,First Class
ES-2012-1211810,Second Class,Standard Class
CA-2011-144071,Standard Class,Standard Class
ES-2013-2121455,First Class,Standard Class
EG-2014-1300,First Class,Standard Class
CA-2013-123533,Standard Class,Standard Class
CG-2013-3910,Second Class,Standard Class
CA-2011-141110,Standard Class,Standard Class
ES-2013-3724793,Standard Class,Standard Class
AG-2013-7890,Second Class,Standard Class
IN-2013-47197,Second Class,Standard Class
IN-2013-75988,Standard Class,Standard Class
CA-2013-126613,Standard Class,Standard Class
CA-2012-167479,Standard Class,Standard Class
ES-2014-5329777,Second Class,Standard Class
IN-2012-64403,Standard Class,Standard Class
CA-2012-161998,Standard Class,Standard Class
IN-2012-38391,Second Class,Standard Class
IN-2013-80594,Standard Class,Standard Class
ES-2013-2630841,Standard Class,Standard Class
ES-2011-1770042,Standard Class,Standard Class
ES-2014-3035931,Standard Class,Standard Class
CA-2013-137239,Standard Class,Standard Class
CA-2014-155698,First Class,Standard Class
ID-2014-81875,First Class,Standard Class
IN-2012-42668,Second Class,Standard Class
CA-2014-139199,Standard Class,Standard Class
CA-2012-128083,Standard Class,Standard Class
ES-2013-3297532,Second Class,Standard Class
IN-2014-68337,Standard Class,Standard Class
BO-2013-2880,Standard Class,Standard Class
AU-2011-790,Standard Class,Standard Class
ES-2012-2922477,Standard Class,Standard Class
IN-2014-79488,Standard Class,Standard Class
IN-2014-59069,Second Class,Standard Class
IN-2014-80293,Standard Class,Standard Class
CA-2014-126067,Standard Class,Standard Class
ID-2012-70752,Standard Class,Standard Class
ES-2012-3877819,Standard Class,Standard Class
ID-2014-48583,Second Class,Standard Class
CA-2012-102582,Standard Class,Standard Class
IN-2014-69205,Standard Class,Standard Class
CA-2014-116519,First Class,Standard Class
IN-2013-66860,Standard Class,Standard Class
AU-2014-970,Standard Class,Standard Class
IN-2014-44152,Second Class,First Class
CA-2013-156251,Second Class,Standard Class
AG-2014-5620,Standard Class,Standard Class
IN-2014-39826,Standard Class,Standard Class
CA-2013-169194,Standard Class,Standard Class
CA-2012-161718,Standard Class,Standard Class
IN-2013-36564,Standard Class,Standard Class
IN-2011-31769,Standard Class,Standard Class
IN-2014-32812,Standard Class,Standard Class
CA-2012-145352,Standard Class,Standard Class
CG-2011-2000,First Class,Standard Class
CA-2014-167626,Standard Class,Standard Class
CA-2013-114307,Standard Class,Standard Class
IN-2013-46511,Second Class,Standard Class
IN-2014-75204,First Class,Standard Class
IN-2013-38174,Standard Class,Standard Class
CA-2011-101364,Standard Class,Standard Class
ES-2012-4594958,Second Class,Standard Class
IR-2013-8520,Same Day,First Class
CA-2013-158568,Standard Class,Standard Class
CA-2014-152583,Same Day,First Class
IN-2014-45573,Standard Class,Standard Class
CA-2011-163419,Second Class,Standard Class
ES-2013-1680695,Standard Class,Standard Class
CA-2014-121027,Standard Class,Standard Class
ES-2014-4319234,First Class,Standard Class
IR-2014-9060,Second Class,Standard Class
ID-2011-15802,Standard Class,Standard Class
ES-2014-1855692,Standard Class,Standard Class
BN-2011-2460,Standard Class,Standard Class
IN-2013-72901,Second Class,Standard Class
CA-2013-163153,Standard Class,Standard Class
ES-2014-2888626,Standard Class,Standard Class
CA-2013-103982,Standard Class,Standard Class
IN-2014-71480,Standard Class,Standard Class
CA-2014-145702,Second Class,Standard Class
IN-2013-30467,Standard Class,Standard Class
ES-2012-2677676,Standard Class,Standard Class
IN-2011-69443,Standard Class,Standard Class
ES-2013-2752798,Second Class,First Class
IT-2012-3999113,Standard Class,Standard Class
ES-2013-3570218,Second Class,Standard Class
CA-2011-122882,Standard Class,Standard Class
IN-2011-40652,First Class,Standard Class
IN-2012-18434,Second Class,First Class
ES-2013-1198254,First Class,Standard Class
IN-2013-37803,Standard Class,Standard Class
ES-2013-2748612,Same Day,Standard Class
CA-2012-110863,Standard Class,Standard Class
ID-2013-25098,Standard Class,Standard Class
EG-2014-9160,Standard Class,Standard Class
CA-2011-155390,Standard Class,Standard Class
CA-2014-118857,First Class,Standard Class
ES-2012-4662036,Standard Class,Standard Class
ID-2014-85949,Second Class,Standard Class
ID-2014-81679,Standard Class,Standard Class
CA-2014-120936,Standard Class,Standard Class
ES-2014-5917022,Standard Class,Standard Class
IR-2011-6620,First Class,Standard Class
CA-2014-152205,Standard Class,Standard Class
CA-2014-134796,Standard Class,Standard Class
ES-2012-2223892,First Class,Standard Class
ID-2013-52643,Standard Class,Standard Class
CA-2011-153969,Standard Class,Standard Class
IN-2014-75029,First Class,Standard Class
CA-2012-105221,First Class,First Class
CA-2012-101868,Standard Class,Standard Class
CA-2014-146983,Standard Class,Standard Class
ES-2014-3454494,Second Class,Standard Class
CA-2012-167010,Standard Class,Standard Class
ES-2013-2905051,First Class,Standard Class
ES-2011-2469850,Second Class,First Class
IT-2011-2743644,Standard Class,Standard Class
ES-2012-3292839,Standard Class,Standard Class
ES-2013-2840343,Standard Class,Standard Class
CA-2013-137736,Standard Class,Standard Class
CA-2012-4520,Standard Class,Standard Class
CA-2011-116673,Second Class,Standard Class
IN-2012-13919,Second Class,Standard Class
ID-2011-36011,First Class,Standard Class
CA-2014-126242,Standard Class,Standard Class
ID-2011-58250,Standard Class,Standard Class
CA-2011-129147,Standard Class,Standard Class
IT-2011-1549226,First Class,First Class
ID-2013-63514,Second Class,Standard Class
ID-2011-41632,Standard Class,Standard Class
IN-2014-84976,Standard Class,Standard Class
IN-2012-53175,Standard Class,Standard Class
ES-2013-4860019,Standard Class,Standard Class
ES-2011-3818297,Standard Class,Standard Class
CA-2011-106719,Same Day,Standard Class
ES-2011-4184901,Second Class,Standard Class
IN-2013-17853,Second Class,Standard Class
ES-2013-4295346,Same Day,Standard Class
ES-2014-5784412,Standard Class,Standard Class
IN-2014-68750,Second Class,First Class
CA-2011-157623,Standard Class,Standard Class
IN-2011-79495,First Class,Standard Class
ID-2013-21437,First Class,Standard Class
ES-2013-4583195,Standard Class,Standard Class
IN-2013-27828,Standard Class,Standard Class
CA-2014-110443,Standard Class,Standard Class
IN-2013-12155,First Class,First Class
CG-2013-3910,Second Class,Standard Class
ES-2014-3399721,Standard Class,Standard Class
ES-2014-5283796,Standard Class,Standard Class
IN-2014-51684,Standard Class,Standard Class
ID-2014-80020,Standard Class,Standard Class
IN-2014-27303,Standard Class,Standard Class
IN-2011-57956,Second Class,Standard Class
AG-2014-2280,Standard Class,Standard Class
CA-2011-127131,Standard Class,Standard Class
IN-2013-15158,Same Day,First Class
CA-2014-106824,Standard Class,Standard Class
AE-2014-3830,Standard Class,Standard Class
CA-2013-114489,Standard Class,Standard Class
CA-2014-104136,Second Class,Standard Class
IN-2014-24314,Standard Class,Standard Class
ID-2012-62520,Standard Class,Standard Class
IN-2013-35087,Second Class,Standard Class
ES-2011-2083843,Standard Class,Standard Class
IN-2012-25371,Standard Class,Standard Class
IT-2012-1125357,Standard Class,Standard Class
ID-2014-48828,Standard Class,Standard Class
CA-2013-114727,Standard Class,Standard Class
CG-2012-10,First Class,Standard Class
CA-2013-130477,Standard Class,Standard Class
IN-2011-53028,Standard Class,Standard Class
IN-2012-63878,Standard Class,Standard Class
ES-2012-4160852,Second Class,Standard Class
ES-2012-4741068,Standard Class,Standard Class
ID-2012-14500,Standard Class,Standard Class
CA-2012-165624,Standard Class,Standard Class
IN-2013-14437,Standard Class,Standard Class
IN-2013-86544,Standard Class,Standard Class
CA-2013-101336,Standard Class,Standard Class
IN-2013-72131,Second Class,Second Class
IN-2014-45258,Second Class,Standard Class
CA-2012-7460,First Class,Standard Class
ES-2014-5091205,Second Class,Standard Class
IN-2013-12106,Standard Class,Standard Class
ES-2013-2027910,Standard Class,Standard Class
ID-2013-34177,Standard Class,Standard Class
ES-2012-5202527,Second Class,Standard Class
CA-2014-115994,Second Class,Standard Class
CA-2014-160899,Second Class,Standard Class
CA-2013-144785,Standard Class,Standard Class
CA-2014-144589,Standard Class,Standard Class
IN-2012-81812,Standard Class,Standard Class
ES-2013-1668222,Standard Class,Standard Class
CA-2013-126732,Standard Class,Standard Class
CA-2012-164882,Same Day,First Class
IN-2013-33337,Same Day,Standard Class
IN-2014-81154,Same Day,Second Class
CA-2011-111962,Standard Class,Standard Class
GH-2014-7350,Standard Class,Standard Class
ES-2014-1933744,Standard Class,Standard Class
IN-2013-71263,Standard Class,Standard Class
IN-2014-68043,Standard Class,Standard Class
ES-2013-3167494,Standard Class,Standard Class
ES-2013-5170724,Standard Class,Standard Class
IN-2012-13429,First Class,First Class
CA-2014-7300,Standard Class,Standard Class
IN-2013-79390,Standard Class,Standard Class
ES-2012-2080192,Standard Class,Standard Class
ID-2014-65026,Standard Class,Standard Class
IN-2012-51201,Standard Class,Standard Class
ID-2014-51642,Standard Class,Standard Class
CG-2014-3440,Second Class,Standard Class
ES-2013-1598291,Standard Class,Standard Class
EG-2013-8450,Standard Class,Standard Class
CA-2011-164721,Second Class,Standard Class
IN-2014-34534,Second Class,Standard Class
IN-2014-65488,First Class,Standard Class
ES-2013-3639975,Standard Class,Standard Class
ES-2014-1995148,Standard Class,Standard Class
CA-2014-118437,Second Class,Standard Class
CA-2014-150987,Standard Class,Standard Class
CA-2014-139311,First Class,Standard Class
IN-2012-61953,Standard Class,Standard Class
CA-2013-126627,First Class,Second Class
CA-2014-115931,Standard Class,Standard Class
ID-2012-37740,First Class,Standard Class
CG-2014-9600,Standard Class,Standard Class
IN-2011-79663,Standard Class,Standard Class
IN-2014-71102,Standard Class,Standard Class
ES-2013-3764055,Standard Class,Standard Class
ES-2013-4187645,Standard Class,Standard Class
CA-2012-138009,Standard Class,Standard Class
AG-2013-5570,First Class,Standard Class
IN-2014-20499,Second Class,Standard Class
IT-2011-4752666,Second Class,Standard Class
IN-2013-30257,Standard Class,Standard Class
CA-2012-5670,Second Class,Standard Class
IN-2014-63374,Second Class,Standard Class
IN-2013-54757,Second Class,Standard Class
ID-2013-33477,Second Class,Standard Class
ES-2014-1110806,Second Class,Standard Class
CA-2011-106439,Standard Class,Standard Class
CG-2014-5460,Standard Class,Standard Class
IN-2011-13030,Standard Class,Standard Class
IN-2012-62373,First Class,Standard Class
CA-2013-131499,First Class,Standard Class
ES-2014-2611605,Standard Class,Standard Class
IN-2012-12435,Standard Class,Standard Class
IN-2014-69205,Standard Class,Standard Class
IT-2012-2494521,Standard Class,Standard Class
ID-2013-49822,Standard Class,Standard Class
IS-2012-9100,Standard Class,Standard Class
CA-2012-102260,Standard Class,Standard Class
IN-2013-34702,Standard Class,Standard Class
IN-2012-85935,Standard Class,Standard Class
IN-2012-18546,Standard Class,Standard Class
CA-2014-134978,Second Class,Standard Class
GH-2014-1660,Standard Class,Standard Class
ES-2012-1874747,Standard Class,Standard Class
ES-2012-5923089,Standard Class,Standard Class
ES-2014-3290601,Standard Class,Standard Class
ID-2014-39322,Standard Class,Standard Class
IN-2014-15809,Second Class,Standard Class
CA-2012-135685,Second Class,Standard Class
ES-2014-4418227,Second Class,Standard Class
ID-2013-80433,Standard Class,Standard Class
IN-2011-49276,Second Class,Standard Class
IN-2011-16558,First Class,Standard Class
ID-2011-23215,Standard Class,Standard Class
ES-2012-5877219,Standard Class,Standard Class
ES-2011-3228532,Same Day,Standard Class
IN-2014-21171,Standard Class,Standard Class
CA-2014-153822,Standard Class,Standard Class
IN-2013-47071,Same Day,First Class
IN-2014-20646,Standard Class,Standard Class
ES-2014-1976630,Standard Class,Standard Class
ES-2013-5376470,Standard Class,Standard Class
CA-2013-120824,Second Class,Standard Class
ES-2012-2780126,Standard Class,Standard Class
CA-2014-166695,Standard Class,Standard Class
CA-2012-490,Standard Class,Standard Class
IN-2014-62709,Second Class,Standard Class
IN-2013-53819,Second Class,Standard Class
IN-2013-68680,First Class,Standard Class
CA-2014-146920,Standard Class,Standard Class
IN-2013-86285,Second Class,Standard Class
ID-2012-30873,First Class,Standard Class
ES-2014-2331802,Second Class,Standard Class
ES-2012-5796869,Standard Class,Standard Class
CA-2011-157924,First Class,Standard Class
ID-2013-85074,First Class,Standard Class
EG-2014-2950,Standard Class,Standard Class
CA-2013-169957,Standard Class,Standard Class
CA-2013-130393,Second Class,Standard Class
IN-2014-85151,Second Class,Standard Class
IN-2012-71200,Second Class,Standard Class
ES-2012-4485887,Second Class,Standard Class
IN-2014-75204,First Class,Standard Class
ES-2013-2972804,Standard Class,Standard Class
CA-2011-166744,Standard Class,Standard Class
IN-2011-22249,Standard Class,Standard Class
IN-2013-60931,Same Day,Standard Class
IN-2012-40596,Standard Class,Standard Class
IN-2011-64466,Standard Class,Standard Class
IT-2012-1669193,Standard Class,Standard Class
ES-2014-4859567,Second Class,First Class
ES-2013-5731775,Standard Class,Standard Class
IN-2014-33869,Standard Class,Standard Class
ID-2014-17342,Standard Class,Standard Class
CA-2012-134782,Standard Class,Standard Class
ES-2012-1342242,Standard Class,Standard Class
IN-2011-76821,Standard Class,Standard Class
ID-2013-35955,First Class,Standard Class
ES-2012-5283047,First Class,Standard Class
ES-2012-3757629,Standard Class,Standard Class
ID-2013-26015,Standard Class,Standard Class
IT-2012-1204965,Standard Class,Standard Class
IN-2014-52916,Standard Class,Standard Class
CA-2012-163965,Standard Class,Standard Class
ES-2012-1678413,Standard Class,Standard Class
ES-2014-4822929,Second Class,First Class
CA-2014-161592,Standard Class,Standard Class
ID-2014-35073,First Class,Standard Class
IN-2013-37810,Standard Class,Standard Class
BN-2013-9270,Standard Class,Standard Class
IN-2012-38958,Standard Class,Standard Class
ID-2012-69814,Second Class,Standard Class
CA-2012-139584,Standard Class,Standard Class
IN-2012-40813,Second Class,Standard Class
IN-2014-37040,Standard Class,Standard Class
CA-2013-160598,First Class,Standard Class
ES-2013-5675257,Standard Class,Standard Class
ID-2014-42717,Standard Class,Standard Class
ES-2014-2122175,Standard Class,Standard Class
ID-2014-41597,Second Class,Standard Class
IN-2011-76163,Second Class,Standard Class
IT-2011-2600640,Standard Class,Standard Class
IN-2013-57284,First Class,Standard Class
ES-2013-3223736,Standard Class,Standard Class
CA-2014-127180,First Class,Standard Class
BU-2014-9730,Standard Class,Standard Class
CA-2011-112291,Standard Class,Standard Class
CA-2013-100083,Standard Class,Standard Class
ES-2014-3346135,Standard Class,Standard Class
CA-2014-129833,Standard Class,Standard Class
ID-2014-75281,Same Day,Standard Class
ID-2013-64011,Standard Class,Standard Class
ID-2014-46714,Standard Class,Standard Class
IT-2012-2967452,Standard Class,Standard Class
IN-2011-75547,Standard Class,Standard Class
IN-2013-38440,First Class,Standard Class
IN-2012-17398,Standard Class,Standard Class
CA-2011-114195,First Class,Standard Class
CA-2014-135377,Standard Class,Standard Class
ES-2014-2296898,Second Class,Standard Class
CA-2013-101623,Standard Class,Standard Class
IT-2012-3999113,Standard Class,Standard Class
CA-2012-162950,Second Class,Standard Class
CA-2012-166604,Second Class,Standard Class
ES-2013-3495942,Standard Class,Standard Class
ES-2012-2865767,Second Class,Standard Class
ID-2012-61645,Standard Class,Standard Class
CA-2012-130974,Second Class,Standard Class
AO-2013-3830,Standard Class,Standard Class
ES-2013-3484925,Standard Class,Standard Class
ID-2014-33827,Standard Class,Standard Class
IN-2014-30852,Standard Class,Standard Class
ES-2012-2376528,Standard Class,Standard Class
CA-2013-124590,Standard Class,Standard Class
IT-2011-3941469,First Class,Standard Class
ES-2011-1001989,First Class,Standard Class
CA-2014-102610,Standard Class,Standard Class
CA-2014-5120,Second Class,Standard Class
ID-2014-24363,Standard Class,Standard Class
CA-2011-165393,First Class,First Class
CA-2013-115756,Second Class,Standard Class
IN-2012-59188,Standard Class,Standard Class
ES-2011-2087720,Standard Class,Standard Class
IT-2011-5361439,Standard Class,Standard Class
CA-2014-161046,Same Day,Standard Class
IR-2014-3310,Standard Class,Standard Class
CA-2014-115931,Standard Class,Standard Class
IN-2013-67098,Standard Class,Standard Class
IN-2012-84773,Second Class,Standard Class
IN-2011-30586,Second Class,Standard Class
CA-2013-116722,Standard Class,Standard Class
IN-2013-67014,Standard Class,Standard Class
ID-2013-19309,Standard Class,Standard Class
ES-2014-2631855,Standard Class,Standard Class
IN-2012-55653,Standard Class,Standard Class
IN-2014-83233,Standard Class,Standard Class
IR-2014-6500,Standard Class,Standard Class
ID-2014-76891,First Class,Standard Class
CA-2013-3830,Standard Class,Standard Class
CA-2013-128867,Standard Class,Standard Class
ID-2012-50123,Standard Class,Standard Class
IN-2012-70619,Second Class,Standard Class
ES-2014-4079805,Second Class,Standard Class
ES-2014-5066730,Standard Class,Standard Class
ID-2014-58096,First Class,Standard Class
ID-2011-49031,Standard Class,Standard Class
IN-2011-47183,Standard Class,Standard Class
HU-2011-1380,Same Day,First Class
CA-2012-113110,Standard Class,Standard Class
ES-2013-1633219,Second Class,Standard Class
CA-2014-147550,First Class,Standard Class
IN-2013-17699,Standard Class,Standard Class
ES-2013-4825636,First Class,Standard Class
CA-2011-114125,Standard Class,Standard Class
CA-2013-144015,Same Day,First Class
IN-2011-27702,Standard Class,Standard Class
CA-2012-159534,First Class,Standard Class
IN-2014-34009,Standard Class,Standard Class
ES-2011-3192576,Second Class,Standard Class
ID-2014-71039,First Class,Standard Class
ES-2011-4852530,Standard Class,Standard Class
ID-2013-22459,Standard Class,Standard Class
ES-2012-5186485,First Class,First Class
CA-2014-117695,First Class,First Class
IN-2014-51474,Standard Class,Standard Class
ES-2011-5227949,Standard Class,Standard Class
IN-2012-55625,Second Class,Standard Class
AG-2014-2280,Standard Class,Standard Class
IN-2014-34226,First Class,First Class
ID-2013-59244,Standard Class,Standard Class
ID-2013-42423,Second Class,Standard Class
ES-2014-4720491,Standard Class,Standard Class
CA-2012-135391,Second Class,Standard Class
IN-2011-37138,Standard Class,Standard Class
CA-2012-130456,Standard Class,Standard Class
ES-2012-1431851,Standard Class,Standard Class
ES-2013-2803740,Second Class,Standard Class
IN-2013-17048,Standard Class,Standard Class
ES-2011-3581861,Second Class,Standard Class
ES-2011-1228490,Second Class,Standard Class
CA-2014-107209,Second Class,Standard Class
CA-2014-131156,Standard Class,Standard Class
IN-2012-13380,Second Class,Standard Class
IN-2014-49549,Standard Class,Standard Class
IR-2014-7570,Standard Class,Standard Class
IN-2014-71886,Standard Class,Standard Class
AO-2013-2100,Standard Class,Standard Class
AG-2014-2760,Standard Class,Standard Class
CM-2014-6760,Standard Class,Standard Class
IN-2011-33414,Standard Class,Standard Class
ES-2013-5749942,First Class,First Class
ID-2011-50494,Standard Class,Standard Class
IN-2014-10657,Second Class,Standard Class
CA-2013-152072,Standard Class,Standard Class
EG-2013-5440,Standard Class,Standard Class
IN-2014-30817,Standard Class,Standard Class
CG-2011-8400,Standard Class,Standard Class
CA-2014-6810,Same Day,Standard Class
CG-2014-6570,Standard Class,Standard Class
CA-2013-168893,Second Class,Standard Class
ES-2014-3745756,Second Class,Standard Class
CA-2014-153045,Second Class,Standard Class
IN-2013-63717,Standard Class,Standard Class
CA-2011-105984,Same Day,Standard Class
CA-2013-107216,First Class,Standard Class
EG-2014-7490,Standard Class,Standard Class
CG-2014-5820,Standard Class,Standard Class
CA-2012-140718,First Class,Standard Class
ES-2011-2130034,Standard Class,Standard Class
IN-2014-12365,Standard Class,Standard Class
IN-2013-46252,Standard Class,Standard Class
CA-2014-155985,First Class,Standard Class
IN-2013-22179,First Class,Second Class
ES-2013-5246151,Standard Class,Standard Class
CA-2014-118360,Standard Class,Standard Class
CA-2012-126970,Standard Class,Standard Class
CA-2014-151183,Standard Class,Standard Class
ID-2011-78592,Standard Class,Standard Class
ID-2011-77192,Standard Class,Standard Class
CA-2014-140963,First Class,Standard Class
IN-2011-24769,Standard Class,Standard Class
ID-2013-30915,Standard Class,Standard Class
ES-2013-3967063,First Class,First Class
CA-2012-104346,Standard Class,Standard Class
ES-2014-4783477,Second Class,Standard Class
ES-2013-4380115,Standard Class,Standard Class
CA-2013-156503,Standard Class,Standard Class
CA-2014-142328,Standard Class,Standard Class
CA-2012-104486,Standard Class,Standard Class
IN-2012-59188,Standard Class,Standard Class
IN-2012-69044,First Class,Standard Class
IN-2012-62688,Standard Class,Standard Class
CA-2014-168228,First Class,Standard Class
IN-2012-82638,Standard Class,Standard Class
ES-2014-3655961,Standard Class,Standard Class
ES-2013-1215823,Second Class,First Class
ES-2012-5411795,Standard Class,Standard Class
IN-2011-83107,Standard Class,Standard Class
IN-2013-61288,Standard Class,Standard Class
IN-2011-50361,Standard Class,Standard Class
IN-2014-41786,Standard Class,Standard Class
ES-2014-3005382,Standard Class,Standard Class
IN-2013-80111,Standard Class,Standard Class
IN-2011-23712,Second Class,Standard Class
ES-2013-5958799,Second Class,Standard Class
ES-2011-4926746,Second Class,Standard Class
CA-2011-114195,First Class,Standard Class
ES-2014-3316142,First Class,Standard Class
ES-2013-3621706,Second Class,Standard Class
ID-2011-62884,Same Day,Standard Class
CA-2014-154718,Second Class,Standard Class
CA-2011-114790,Second Class,Standard Class
CA-2014-109589,First Class,First Class
CA-2011-168130,Same Day,Standard Class
CA-2011-101931,First Class,Standard Class
IN-2011-35178,Standard Class,Standard Class
ES-2011-5008680,Standard Class,Standard Class
CA-2012-149342,Standard Class,Standard Class
ES-2012-2650623,Second Class,Standard Class
IN-2012-81231,Standard Class,Standard Class
CA-2011-131310,Standard Class,Standard Class
ES-2014-2194172,Standard Class,Standard Class
DJ-2011-470,Standard Class,Standard Class
CA-2014-124597,Standard Class,Standard Class
CA-2012-114503,Standard Class,Standard Class
CA-2014-167640,Standard Class,Standard Class
CA-2012-133452,Standard Class,Standard Class
CA-2013-142405,Standard Class,Standard Class
ID-2012-86943,Standard Class,Standard Class
IN-2014-51194,Standard Class,Standard Class
ES-2012-5414152,Standard Class,Standard Class
IN-2012-52076,Standard Class,Standard Class
ES-2013-2830979,Standard Class,Standard Class
IN-2014-70766,Standard Class,Standard Class
IN-2014-51187,Second Class,First Class
CM-2012-5610,Standard Class,Standard Class
ES-2011-1196075,Standard Class,Standard Class
IN-2014-73265,Second Class,Standard Class
IN-2013-62128,Standard Class,Standard Class
IN-2012-31258,Second Class,Standard Class
ES-2012-4014694,Second Class,Standard Class
ES-2014-2522974,First Class,Standard Class
CA-2011-151554,First Class,Standard Class
IN-2011-81833,Standard Class,Standard Class
IN-2012-18035,Same Day,Standard Class
EG-2011-1800,Standard Class,Standard Class
CA-2013-143714,Standard Class,Standard Class
IN-2014-48121,First Class,Standard Class
ID-2014-3000,Standard Class,Standard Class
IN-2013-64578,Standard Class,Standard Class
CA-2013-146934,Standard Class,Standard Class
CA-2011-129819,Second Class,Standard Class
IN-2011-16418,Standard Class,Standard Class
CA-2011-136399,First Class,Standard Class
CA-2014-121419,First Class,Standard Class
IN-2013-82673,Standard Class,Standard Class
CA-2013-113978,Standard Class,Standard Class
IN-2014-27807,Second Class,Standard Class
CA-2014-140949,Second Class,Standard Class
CA-2013-133550,Standard Class,Standard Class
IT-2011-1044550,Standard Class,Standard Class
CA-2012-145828,First Class,Standard Class
ES-2012-4943358,Standard Class,Standard Class
ES-2014-3627192,Standard Class,Standard Class
IN-2013-29683,Standard Class,Standard Class
ID-2014-17265,Standard Class,Standard Class
AG-2014-6650,Standard Class,Standard Class
ID-2011-35633,Standard Class,Standard Class
IN-2014-65131,Standard Class,Standard Class
ID-2012-28780,Standard Class,Standard Class
IN-2012-10041,Second Class,Second Class
ES-2013-2791758,Standard Class,Standard Class
CA-2013-144939,Standard Class,Standard Class
BN-2012-8190,Standard Class,Standard Class
IR-2014-7930,Second Class,Standard Class
IT-2011-4770705,Standard Class,Standard Class
CA-2011-164315,Standard Class,Standard Class
CA-2011-114510,Standard Class,Standard Class
ES-2011-4806518,Standard Class,Standard Class
CA-2014-152485,Standard Class,Standard Class
CA-2011-130428,Same Day,Standard Class
ES-2013-5941455,Second Class,Standard Class
ID-2012-83030,Standard Class,Standard Class
ES-2013-1589316,Standard Class,Standard Class
CA-2014-110373,Second Class,Standard Class
CA-2014-147333,Standard Class,Standard Class
ID-2012-31426,Standard Class,Standard Class
EG-2014-5510,Standard Class,Standard Class
IT-2011-5348771,Standard Class,Standard Class
IN-2012-43165,Standard Class,Standard Class
ES-2013-2930577,Standard Class,Standard Class
CA-2011-122336,Second Class,Standard Class
IN-2014-21143,Standard Class,Standard Class
IN-2012-31349,Same Day,Standard Class
IN-2012-74049,Standard Class,Standard Class
IN-2014-77507,First Class,First Class
CA-2013-154403,Standard Class,Standard Class
CA-2012-169397,First Class,Standard Class
CA-2012-106208,Standard Class,Standard Class
ES-2013-1679213,Standard Class,Standard Class
IN-2012-40043,Standard Class,Standard Class
IN-2014-15690,Standard Class,Standard Class
ID-2011-20604,First Class,Standard Class
CA-2012-149972,First Class,Standard Class
ES-2013-2991881,Second Class,Standard Class
GH-2014-5810,Standard Class,Standard Class
ID-2012-73125,Standard Class,Standard Class
IT-2011-5063480,Standard Class,Standard Class
IN-2012-36396,Second Class,Standard Class
CA-2012-155761,Same Day,Standard Class
CA-2013-154235,Standard Class,Standard Class
IN-2014-42374,Standard Class,Standard Class
IN-2011-78823,Standard Class,Standard Class
CA-2012-109190,Standard Class,Standard Class
IN-2012-16873,Standard Class,Standard Class
CA-2013-128671,Standard Class,Standard Class
ES-2013-2385611,Second Class,Standard Class
CA-2011-125997,First Class,Standard Class
ES-2013-2341157,Standard Class,Standard Class
IN-2011-30733,Second Class,Second Class
BU-2014-290,Standard Class,Standard Class
CG-2012-3820,Standard Class,Standard Class
IN-2013-42535,Same Day,First Class
ES-2012-2435356,Standard Class,Standard Class
IN-2012-40225,Standard Class,Standard Class
CA-2014-117947,Second Class,Standard Class
CA-2014-123701,First Class,Standard Class
IT-2011-5989878,Standard Class,Standard Class
ID-2013-63514,Second Class,Standard Class
IN-2011-42892,Second Class,Standard Class
CA-2013-119963,Standard Class,Standard Class
ES-2014-1345837,Standard Class,Standard Class
ID-2014-42584,Standard Class,Standard Class
ES-2012-3083992,First Class,Standard Class
CA-2014-122798,Standard Class,Standard Class
ES-2012-2163745,Standard Class,Standard Class
IN-2013-51264,Standard Class,Standard Class
ES-2011-4040727,First Class,Standard Class
IN-2014-56206,Standard Class,Standard Class
CA-2014-121027,Standard Class,Standard Class
ES-2013-1295215,Standard Class,Standard Class
CA-2012-164567,Standard Class,Standard Class
IN-2012-86369,Standard Class,Standard Class
ES-2014-1248018,Standard Class,Standard Class
IN-2012-62877,Standard Class,Standard Class
CA-2012-127509,Standard Class,Standard Class
ES-2014-4185972,Standard Class,Standard Class
ES-2012-2105894,First Class,Standard Class
CG-2014-5280,First Class,Standard Class
CA-2014-145765,Standard Class,Standard Class
IN-2013-34583,Standard Class,Standard Class
AG-2011-60,Second Class,Standard Class
ID-2013-16110,Second Class,First Class
ID-2012-86607,Second Class,Standard Class
ES-2014-3371188,Second Class,Standard Class
ES-2012-5285727,Second Class,Standard Class
IN-2011-30159,First Class,Standard Class
CA-2012-135580,Standard Class,Standard Class
ES-2011-4508489,Standard Class,Standard Class
ID-2014-33659,Standard Class,Standard Class
CA-2014-164959,Standard Class,Standard Class
CA-2012-147830,First Class,Standard Class
ES-2011-3192576,Second Class,Standard Class
IN-2014-31643,Standard Class,Standard Class
CA-2013-102981,Second Class,Standard Class
ID-2013-75372,Second Class,First Class
CA-2012-110289,Standard Class,Standard Class
ID-2012-37047,Standard Class,Standard Class
IT-2012-2737300,Standard Class,Standard Class
CA-2011-150798,Second Class,Standard Class
IN-2013-80048,Standard Class,Standard Class
CA-2011-111899,First Class,First Class
CA-2011-113271,Standard Class,Standard Class
IN-2013-52972,Standard Class,Standard Class
CA-2013-7630,Standard Class,Standard Class
IN-2014-56920,Standard Class,Standard Class
IT-2012-4967576,Standard Class,Standard Class
ID-2013-60329,Standard Class,Standard Class
IN-2013-37761,First Class,Standard Class
ES-2012-5755966,Standard Class,Standard Class
IN-2014-16082,Standard Class,Standard Class
IR-2014-1800,Standard Class,Standard Class
ES-2013-1380947,Standard Class,Standard Class
ES-2013-1838601,Second Class,Standard Class
ES-2014-2178876,Standard Class,Standard Class
IN-2011-28451,Standard Class,Standard Class
IR-2013-3500,Second Class,Standard Class
IN-2013-13149,Second Class,Standard Class
ES-2014-5241576,First Class,Standard Class
CA-2013-104983,Same Day,Standard Class
CA-2014-128965,Standard Class,Standard Class
CA-2014-168102,Standard Class,Standard Class
ES-2013-2364306,Standard Class,Standard Class
CA-2012-121965,Standard Class,Standard Class
CA-2012-130554,First Class,Standard Class
ID-2014-48828,Standard Class,Standard Class
IN-2013-59454,Standard Class,Standard Class
ES-2014-2637929,Standard Class,Standard Class
ES-2013-4487295,First Class,Standard Class
CA-2014-149888,Standard Class,Standard Class
CA-2011-124737,Standard Class,Standard Class
ES-2011-1708709,Standard Class,Standard Class
CA-2014-162691,Standard Class,Standard Class
ES-2012-4139746,Second Class,Standard Class
CA-2013-148908,First Class,Standard Class
ES-2012-1845274,Standard Class,Standard Class
ES-2011-4314394,Standard Class,Standard Class
ES-2012-5512464,Standard Class,Standard Class
ES-2014-2637201,Standard Class,Second Class
IT-2011-2516674,Standard Class,Standard Class
ES-2014-2846503,First Class,First Class
ES-2012-2865767,Second Class,Standard Class
ES-2011-1712442,Standard Class,Standard Class
CA-2013-130946,Standard Class,Standard Class
CA-2012-164497,First Class,Standard Class
IN-2011-78235,Same Day,Standard Class
CG-2014-80,Standard Class,Standard Class
CA-2014-168179,Standard Class,Standard Class
IN-2014-74588,Standard Class,Standard Class
CA-2014-117457,Standard Class,Standard Class
ID-2014-47792,Second Class,Standard Class
ES-2014-4361506,Standard Class,Standard Class
ES-2014-5170546,Standard Class,Standard Class
IN-2012-17335,Standard Class,Standard Class
IN-2012-33512,Same Day,First Class
ES-2014-5530354,Standard Class,Standard Class
ES-2013-5311844,First Class,Standard Class
IN-2013-51075,Second Class,Standard Class
CA-2011-130624,First Class,Standard Class
ID-2011-25581,First Class,Standard Class
ES-2012-3204467,Standard Class,Standard Class
IN-2013-76352,First Class,Standard Class
IN-2014-21619,Standard Class,Standard Class
CA-2012-141243,Second Class,Standard Class
CA-2013-142398,Standard Class,Standard Class
EG-2011-4270,Standard Class,Standard Class
IN-2014-46595,Second Class,Standard Class
CA-2011-136399,First Class,Standard Class
IN-2011-36494,Standard Class,Standard Class
IN-2013-27296,Standard Class,Standard Class
CA-2014-112487,Standard Class,Standard Class
CA-2013-105459,Second Class,Standard Class
CA-2014-156237,First Class,Standard Class
IN-2014-66615,Standard Class,Standard Class
ES-2012-4834117,First Class,First Class
ID-2011-10706,Standard Class,Standard Class
IR-2014-340,Standard Class,Standard Class
ES-2012-3471401,First Class,Standard Class
IN-2014-73314,Standard Class,Standard Class
IN-2013-72754,Standard Class,Standard Class
CA-2011-138681,First Class,Standard Class
IN-2014-67504,Standard Class,Standard Class
ES-2014-2774938,Second Class,Standard Class
CA-2014-145772,Standard Class,Standard Class
ES-2014-1356130,First Class,First Class
ID-2012-16019,First Class,Second Class
ES-2011-2911640,Standard Class,Standard Class
CA-2014-140802,First Class,Standard Class
IN-2013-15410,Standard Class,Standard Class
ES-2013-4670866,First Class,Standard Class
ES-2014-5081971,First Class,Standard Class
CA-2014-560,Same Day,Standard Class
ES-2012-4141764,Standard Class,Standard Class
GH-2014-8200,Second Class,Standard Class
CA-2011-133704,Standard Class,Standard Class
CM-2012-6780,Standard Class,Standard Class
IN-2011-15053,Standard Class,Standard Class
CA-2012-162761,Standard Class,Standard Class
ID-2012-67231,Second Class,Standard Class
AG-2014-2600,Second Class,Standard Class
IT-2011-4913414,Second Class,Standard Class
EN-2013-7350,Same Day,Standard Class
IN-2014-34653,Standard Class,Standard Class
ES-2012-4207693,Standard Class,Standard Class
ID-2014-33330,Second Class,Standard Class
IT-2011-1152860,Standard Class,Standard Class
CA-2011-167199,Standard Class,Standard Class
GH-2014-6410,First Class,Second Class
ID-2013-24643,Standard Class,Standard Class
IN-2014-39826,Standard Class,Standard Class
IN-2012-76408,Standard Class,Standard Class
CA-2014-100223,Standard Class,Standard Class
IN-2013-12505,Standard Class,Standard Class
IN-2013-75337,Standard Class,Standard Class
CA-2014-161172,Same Day,Standard Class
ID-2013-62352,Standard Class,Standard Class
CA-2012-137708,Second Class,Standard Class
CA-2013-146941,First Class,Standard Class
IN-2014-68638,Second Class,Second Class
ID-2014-62107,Standard Class,Standard Class
IN-2013-73237,Standard Class,Standard Class
EZ-2013-9740,Standard Class,Standard Class
IN-2011-35178,Standard Class,Standard Class
ES-2012-5972682,Second Class,First Class
CA-2013-118689,Standard Class,Standard Class
CA-2012-148635,Second Class,First Class
CA-2014-131618,First Class,Standard Class
ID-2014-22851,Second Class,Standard Class
EG-2014-3730,Standard Class,Standard Class
ID-2014-65754,Standard Class,Standard Class
CA-2011-168823,First Class,Standard Class
CA-2013-107783,First Class,Standard Class
CA-2013-140571,Standard Class,Standard Class
ID-2013-50347,Standard Class,Standard Class
GH-2011-210,Second Class,Second Class
IN-2013-47680,Standard Class,Standard Class
ES-2011-2382517,Standard Class,Standard Class
IN-2014-49675,Standard Class,Standard Class
IN-2014-66853,Second Class,Standard Class
CA-2012-169201,First Class,First Class
IT-2011-2506333,Standard Class,Standard Class
AJ-2011-4230,Standard Class,Standard Class
IT-2012-1188964,Standard Class,Standard Class
ES-2012-5104765,Standard Class,Standard Class
ES-2014-2756281,Standard Class,Standard Class
IN-2012-47008,Standard Class,Standard Class
CA-2012-109190,Standard Class,Standard Class
ES-2013-3867083,Standard Class,Standard Class
CA-2012-108259,Standard Class,Standard Class
CA-2014-103765,Standard Class,Standard Class
ID-2012-61659,Standard Class,Standard Class
ES-2013-1820946,Standard Class,Standard Class
ES-2014-3800209,Standard Class,Standard Class
IR-2013-2540,Standard Class,Standard Class
ES-2011-4146320,Standard Class,Standard Class
IN-2012-21836,Standard Class,Standard Class
IN-2013-37852,Standard Class,Standard Class
ES-2013-1423228,Standard Class,Standard Class
IN-2014-45755,Standard Class,Standard Class
CA-2012-118871,Second Class,Standard Class
IN-2011-44656,First Class,First Class
CA-2014-126914,Standard Class,Standard Class
IN-2012-21234,Standard Class,Standard Class
EG-2014-9390,First Class,Second Class
IN-2014-41163,Standard Class,Standard Class
IN-2011-13506,Standard Class,Standard Class
IN-2011-23187,Standard Class,Standard Class
CA-2012-119879,Standard Class,Standard Class
IN-2012-43081,Standard Class,Standard Class
CA-2012-111780,Second Class,Standard Class
CA-2013-160108,Standard Class,Standard Class
IN-2013-17699,Standard Class,Standard Class
IN-2012-31944,Standard Class,Standard Class
CA-2011-460,Second Class,Standard Class
ES-2012-3679676,Standard Class,Standard Class
ES-2012-1556733,Standard Class,Standard Class
ES-2014-4490505,Second Class,Standard Class
ES-2012-2930191,Standard Class,Standard Class
CA-2011-144666,Second Class,First Class
CA-2011-169019,Standard Class,Standard Class
ES-2013-4199005,Standard Class,Standard Class
CA-2013-150350,Standard Class,Standard Class
ES-2013-3949378,Second Class,First Class
CA-2014-128076,Standard Class,Standard Class
ES-2012-2634073,Standard Class,Standard Class
HU-2012-4000,Second Class,Standard Class
ES-2014-2128184,Second Class,Standard Class
ES-2014-5479414,Standard Class,Standard Class
IN-2013-34968,Second Class,Standard Class
CA-2011-140004,Standard Class,Standard Class
ES-2014-2286229,Standard Class,Standard Class
IN-2013-27492,Standard Class,Standard Class
ES-2014-2513617,Second Class,Standard Class
CA-2012-104129,Standard Class,Standard Class
IN-2013-36557,Standard Class,Standard Class
CA-2013-134803,Standard Class,Standard Class
IN-2012-23999,Standard Class,Standard Class
ES-2014-5605089,Standard Class,Standard Class
IR-2011-7930,Second Class,Standard Class
ES-2012-5053715,Second Class,Standard Class
IT-2012-4831874,Standard Class,Standard Class
CA-2014-105130,Standard Class,Standard Class
CA-2013-166373,Standard Class,Standard Class
IN-2012-15361,Standard Class,Standard Class
ES-2014-5812283,Standard Class,Standard Class
ID-2014-39896,Same Day,First Class
ID-2014-86033,Second Class,Standard Class
IN-2011-17111,Second Class,Standard Class
IN-2011-15599,Standard Class,Standard Class
ID-2013-61771,Standard Class,Standard Class
ID-2014-17517,Standard Class,Standard Class
IN-2014-31475,Second Class,Standard Class
CA-2013-126004,First Class,Standard Class
IN-2014-25266,Standard Class,Standard Class
CA-2012-126739,Second Class,Standard Class
ID-2011-37271,Standard Class,Standard Class
ES-2013-3420934,First Class,Standard Class
IN-2012-74168,Standard Class,Standard Class
IN-2013-75001,Standard Class,Standard Class
ES-2012-2091336,Standard Class,Standard Class
IN-2012-13933,Standard Class,Standard Class
CA-2014-107244,Standard Class,Standard Class
IN-2012-49346,Standard Class,Standard Class
IN-2013-77444,First Class,First Class
CA-2013-8200,Standard Class,Standard Class
IN-2013-44285,Standard Class,Standard Class
IN-2013-63738,Standard Class,Standard Class
IT-2012-5228062,Standard Class,Standard Class
CA-2011-166086,Standard Class,Standard Class
ES-2013-3877962,Standard Class,Standard Class
IN-2012-49346,Standard Class,Standard Class
IN-2013-78389,First Class,Standard Class
IS-2013-8240,Standard Class,Standard Class
