Order_ID,Actual_Ship_Mode,Predicted_Ship_Mode
IN-2013-36970,Standard Class,Standard Class
ES-2012-2740636,Standard Class,Standard Class
IN-2014-61575,Standard Class,First Class
CA-2014-121790,Standard Class,Standard Class
ES-2014-3705262,Second Class,Second Class
ES-2014-2385129,Standard Class,Standard Class
ES-2014-2938679,Standard Class,Standard Class
IT-2012-2498718,Standard Class,Standard Class
ID-2014-49948,Second Class,Second Class
ES-2012-4984653,Same Day,Standard Class
IN-2014-10132,Second Class,Standard Class
IN-2012-11210,Second Class,Second Class
ES-2014-5347900,Same Day,Second Class
IT-2012-5647122,Standard Class,Standard Class
IN-2012-70612,Standard Class,Standard Class
EG-2011-1800,Standard Class,Second Class
IN-2011-10286,First Class,First Class
ES-2014-1756848,Standard Class,Standard Class
IN-2014-61260,Standard Class,Standard Class
CA-2013-158001,Standard Class,Standard Class
ES-2014-4430801,Second Class,Second Class
ES-2012-4662036,Standard Class,Second Class
CA-2012-134075,Standard Class,Standard Class
CA-2013-136287,Standard Class,Standard Class
ID-2013-11322,Second Class,Second Class
ES-2014-4603315,Standard Class,Second Class
CA-2013-108868,Standard Class,Standard Class
ES-2011-1849602,Standard Class,Standard Class
ES-2012-2212320,Standard Class,Standard Class
IN-2012-42766,Standard Class,Standard Class
CA-2013-157749,Second Class,Standard Class
CA-2013-130288,Second Class,Standard Class
CA-2014-151428,Standard Class,Standard Class
IN-2013-35087,Second Class,Second Class
ID-2011-59237,Second Class,First Class
IN-2013-19316,Standard Class,Standard Class
ES-2014-2015673,Standard Class,Standard Class
IN-2014-51474,Standard Class,Second Class
ES-2013-4495074,Second Class,First Class
IN-2014-53000,Standard Class,Standard Class
ID-2013-68799,First Class,First Class
ID-2012-70857,First Class,First Class
ES-2013-4255605,Second Class,Standard Class
ES-2011-5380791,Standard Class,Standard Class
CA-2013-155670,Second Class,Standard Class
IN-2013-63542,Second Class,Same Day
ES-2014-3497227,First Class,First Class
CA-2011-138527,Standard Class,Standard Class
ID-2011-42493,Standard Class,Standard Class
IN-2014-62863,Standard Class,Standard Class
ES-2014-3941562,Standard Class,Standard Class
IN-2014-40484,Standard Class,Standard Class
CG-2013-490,Standard Class,Standard Class
CA-2014-121790,Standard Class,Standard Class
CA-2011-158225,Standard Class,Standard Class
IN-2014-36046,Standard Class,Standard Class
IR-2011-3790,Standard Class,Same Day
ID-2012-40631,Second Class,Standard Class
IN-2012-40736,Standard Class,Standard Class
IN-2013-15046,Standard Class,Standard Class
ES-2014-4794612,Second Class,Standard Class
CA-2011-124478,Standard Class,Second Class
IN-2013-12736,Standard Class,Standard Class
CA-2013-153269,First Class,Second Class
IN-2011-56878,Standard Class,Standard Class
ES-2013-4608377,Standard Class,Standard Class
CA-2014-146024,Standard Class,Standard Class
IN-2012-79103,Standard Class,First Class
IN-2012-44278,Second Class,Second Class
ES-2011-5287434,Standard Class,Second Class
IN-2013-27247,Standard Class,Standard Class
CA-2013-136049,Standard Class,Standard Class
ES-2014-1960568,Standard Class,Standard Class
ES-2014-1309397,Standard Class,Standard Class
ES-2011-4920475,Standard Class,Second Class
IN-2011-74490,First Class,Second Class
ES-2013-4451091,Second Class,First Class
IN-2012-63458,Standard Class,Second Class
IN-2014-13751,Standard Class,Standard Class
CA-2013-154767,Second Class,Standard Class
ID-2013-40883,Second Class,Standard Class
GH-2013-1700,Standard Class,Standard Class
IN-2014-77689,First Class,First Class
CG-2011-30,Standard Class,Standard Class
ES-2011-4880899,Standard Class,Standard Class
CA-2012-105970,Standard Class,Same Day
IN-2011-10265,Second Class,Second Class
CA-2012-120810,Standard Class,Standard Class
ES-2012-1456782,Standard Class,Standard Class
IN-2011-78284,Standard Class,Second Class
ES-2011-4744800,Standard Class,Second Class
IN-2011-86460,Second Class,Same Day
IN-2013-42311,First Class,Standard Class
CA-2014-102309,Second Class,First Class
AG-2014-5620,Standard Class,Standard Class
CA-2011-167927,Standard Class,Standard Class
EK-2013-8310,Standard Class,Standard Class
IN-2013-59496,Standard Class,Second Class
ES-2012-4262663,First Class,Standard Class
IN-2012-17888,First Class,Standard Class
ID-2012-61715,Standard Class,Standard Class
ES-2014-5247585,Second Class,Standard Class
ES-2013-5431940,Standard Class,Standard Class
IT-2011-2558119,Standard Class,Standard Class
ID-2013-50487,Standard Class,Standard Class
IS-2013-8240,Standard Class,Standard Class
IN-2014-10293,Standard Class,Standard Class
CA-2011-129147,Standard Class,Standard Class
ES-2012-4138789,Standard Class,Standard Class
ID-2013-69114,Standard Class,Standard Class
ES-2013-1398212,Standard Class,Standard Class
CA-2012-162621,Standard Class,Standard Class
ES-2013-1213583,Standard Class,Standard Class
IN-2012-36487,Standard Class,Standard Class
IN-2014-48310,Standard Class,Standard Class
IN-2014-23432,Standard Class,Standard Class
IN-2013-79978,Standard Class,Standard Class
ES-2014-3319612,Standard Class,Standard Class
ES-2014-5694421,Second Class,Standard Class
CA-2014-107265,Standard Class,Standard Class
ES-2012-5776825,Second Class,Standard Class
CA-2014-157966,Same Day,Same Day
CA-2013-105732,Standard Class,Standard Class
ES-2011-5861038,Standard Class,Standard Class
AG-2013-9570,Standard Class,Standard Class
IN-2013-53763,Standard Class,Standard Class
ES-2012-2183106,Standard Class,Standard Class
CA-2014-168389,Standard Class,Standard Class
CA-2014-153227,First Class,Second Class
IN-2012-53581,First Class,Same Day
ID-2011-75981,Second Class,Second Class
IN-2013-66314,Second Class,Standard Class
EG-2014-8070,Second Class,Second Class
CA-2012-131597,Standard Class,Standard Class
IN-2011-73531,Standard Class,Standard Class
IN-2011-47596,Standard Class,Second Class
IN-2014-15011,Standard Class,Standard Class
IT-2011-2753313,Standard Class,Second Class
IN-2013-65516,Standard Class,Standard Class
ES-2014-4672600,Standard Class,Standard Class
CA-2012-130365,Standard Class,Second Class
IN-2012-35990,Standard Class,Standard Class
IN-2011-12806,First Class,First Class
ID-2013-70815,Standard Class,Standard Class
IN-2013-16201,Standard Class,Standard Class
CA-2014-9070,First Class,Second Class
IN-2013-12505,Standard Class,Second Class
ES-2012-1059651,Standard Class,Standard Class
IS-2014-3290,First Class,Second Class
CA-2014-168655,Standard Class,Standard Class
ES-2012-5808020,Second Class,Second Class
IN-2011-24069,Second Class,Second Class
CA-2013-115224,Second Class,First Class
CA-2011-128839,Standard Class,First Class
CA-2011-168984,Standard Class,Standard Class
ES-2013-2538836,Standard Class,Standard Class
IN-2014-58138,Standard Class,Second Class
IN-2014-24419,First Class,Standard Class
ID-2014-18665,Standard Class,Standard Class
IN-2011-40141,Standard Class,First Class
CM-2013-7780,Standard Class,Standard Class
CA-2011-106439,Standard Class,First Class
CA-2012-109001,Standard Class,Standard Class
CA-2014-168641,Standard Class,Standard Class
CA-2013-147431,Standard Class,Standard Class
IR-2013-9510,First Class,First Class
ID-2012-77801,Standard Class,Standard Class
CA-2011-130960,Standard Class,Second Class
CA-2012-163762,Standard Class,Standard Class
IN-2012-37467,Standard Class,Standard Class
CA-2013-158358,Standard Class,Standard Class
IN-2014-18784,Standard Class,Standard Class
ES-2014-5550629,Standard Class,Standard Class
ES-2011-5585896,Standard Class,Standard Class
CG-2011-3350,Standard Class,Standard Class
CA-2014-4930,Standard Class,Standard Class
IN-2012-12435,Standard Class,Standard Class
ES-2012-1663353,Second Class,Second Class
ES-2014-5468847,Standard Class,Second Class
IN-2012-46063,Second Class,Second Class
CA-2014-157987,Standard Class,Second Class
ES-2014-4435694,Standard Class,Standard Class
CA-2013-155005,Second Class,Standard Class
ES-2011-4606457,First Class,First Class
ES-2014-5079145,Standard Class,Standard Class
CA-2013-121958,Standard Class,Standard Class
IN-2013-25539,Standard Class,Standard Class
CA-2013-133123,Standard Class,Standard Class
ID-2011-43977,Standard Class,Standard Class
IN-2012-55618,Standard Class,Standard Class
ES-2014-4018263,Standard Class,Standard Class
CA-2014-165757,Standard Class,Standard Class
IN-2014-76422,Standard Class,Standard Class
IN-2012-24783,Second Class,Standard Class
CA-2011-165309,Standard Class,Standard Class
ID-2013-34051,Second Class,Standard Class
ID-2013-30103,First Class,First Class
CG-2013-490,Standard Class,Standard Class
CG-2011-8550,First Class,Standard Class
ES-2012-4291867,Standard Class,Standard Class
ES-2014-4594141,Standard Class,Standard Class
CA-2011-123400,Standard Class,Standard Class
EG-2012-40,Standard Class,Second Class
ES-2014-3319612,Standard Class,Standard Class
IN-2014-63010,Standard Class,First Class
CA-2011-167997,First Class,Second Class
ES-2012-5411795,Standard Class,Standard Class
IN-2011-17111,Second Class,Same Day
CA-2014-123001,Standard Class,Standard Class
CA-2011-168494,Second Class,Second Class
CA-2014-161739,Second Class,Standard Class
CA-2014-108749,First Class,First Class
IN-2011-71501,Standard Class,Standard Class
CA-2014-118367,Second Class,Standard Class
IN-2014-42556,Standard Class,Standard Class
ES-2011-3468356,Standard Class,Second Class
IN-2014-13807,Standard Class,Standard Class
ID-2014-47603,Standard Class,Standard Class
IN-2012-56647,Standard Class,Standard Class
IN-2012-43081,Standard Class,Standard Class
EZ-2014-3100,Standard Class,Same Day
CA-2014-139619,Standard Class,Standard Class
CA-2014-143084,Standard Class,Standard Class
CA-2014-123022,Standard Class,Standard Class
ID-2014-11056,Second Class,Second Class
ID-2012-29424,Standard Class,Second Class
IN-2011-30733,Second Class,First Class
IR-2014-7480,Standard Class,Second Class
IN-2014-69296,Standard Class,Standard Class
ES-2014-5628331,Standard Class,Standard Class
ES-2013-5191940,Standard Class,Standard Class
CA-2014-155292,First Class,Second Class
CA-2012-105508,Standard Class,Standard Class
ES-2011-1941756,Same Day,Standard Class
IT-2012-3999113,Standard Class,Standard Class
CA-2011-108273,Standard Class,Standard Class
IT-2012-5711400,Standard Class,Standard Class
ID-2014-56339,Standard Class,Standard Class
IN-2011-76898,Second Class,Standard Class
IN-2012-24027,Standard Class,Standard Class
ES-2013-1149984,Standard Class,Standard Class
IN-2011-20387,Standard Class,Standard Class
CA-2014-100237,Standard Class,Standard Class
IN-2013-44796,First Class,Second Class
CA-2013-132409,Standard Class,Standard Class
ES-2012-2058076,Second Class,Standard Class
CA-2012-104486,Standard Class,Second Class
IN-2012-23054,Second Class,Second Class
ES-2013-1205816,Second Class,Standard Class
IN-2014-16922,Second Class,First Class
ID-2011-84444,Standard Class,Standard Class
ID-2013-83996,Standard Class,Standard Class
EG-2014-5510,Standard Class,Standard Class
CA-2012-112130,Standard Class,Standard Class
IN-2012-12981,Standard Class,Standard Class
IN-2014-15263,Standard Class,Standard Class
CA-2011-130575,First Class,Standard Class
ES-2014-4383808,Same Day,First Class
IN-2012-35717,Second Class,Same Day
IN-2012-17398,Standard Class,Standard Class
ES-2011-3341008,First Class,First Class
CA-2014-154760,Standard Class,First Class
ES-2014-5247585,Second Class,Standard Class
IN-2014-59762,Standard Class,Standard Class
ES-2013-2173269,Standard Class,Standard Class
IT-2012-3620342,Standard Class,Standard Class
CA-2014-157854,Standard Class,Standard Class
CA-2011-124737,Standard Class,Standard Class
CA-2011-108609,Second Class,First Class
ID-2012-12960,Same Day,Standard Class
CA-2014-161893,Standard Class,Second Class
CA-2014-145233,Standard Class,Standard Class
IN-2012-81581,Standard Class,First Class
ES-2011-1702031,Standard Class,Standard Class
CA-2013-160241,Second Class,First Class
IN-2013-33883,Second Class,Standard Class
ES-2012-5845607,Second Class,Standard Class
ID-2012-41002,Standard Class,Second Class
AO-2011-8430,Same Day,Second Class
IN-2014-48940,Same Day,Second Class
ID-2014-53784,Standard Class,Standard Class
CA-2011-118976,Standard Class,Standard Class
CA-2012-121188,Standard Class,Standard Class
IN-2011-33253,First Class,Same Day
CA-2014-105235,Standard Class,Standard Class
ES-2014-1834054,Standard Class,Standard Class
IR-2011-6140,Second Class,First Class
CA-2011-136644,Standard Class,Standard Class
CA-2014-102925,Second Class,Standard Class
ES-2014-3241942,Second Class,Standard Class
IN-2014-49017,Standard Class,Standard Class
IN-2014-48730,Second Class,Same Day
CA-2014-149706,First Class,First Class
ES-2013-5150619,First Class,Second Class
CA-2012-124450,Standard Class,Standard Class
ES-2014-3491817,Standard Class,Standard Class
ES-2013-3639975,Standard Class,Standard Class
IN-2012-84955,Second Class,Second Class
ES-2014-4478437,Same Day,Second Class
ES-2014-5666305,Standard Class,Standard Class
IN-2014-14003,First Class,First Class
CA-2013-119445,Standard Class,Standard Class
ID-2013-30915,Standard Class,Standard Class
ES-2014-2271414,Standard Class,Standard Class
CA-2012-9610,Standard Class,Standard Class
IN-2014-38412,Standard Class,Second Class
CA-2013-9160,First Class,Same Day
IN-2014-63479,Same Day,Second Class
IN-2014-62800,Standard Class,Standard Class
ES-2014-3484812,First Class,Standard Class
CA-2013-162390,Standard Class,Standard Class
CA-2011-151162,Standard Class,Standard Class
CA-2014-117457,Standard Class,Standard Class
CA-2013-104983,Same Day,First Class
ES-2014-5590364,Standard Class,Second Class
ID-2013-42423,Second Class,Standard Class
CA-2013-113607,Standard Class,Standard Class
IN-2012-15039,First Class,First Class
ID-2013-85956,First Class,Same Day
IN-2013-66314,Second Class,Second Class
IN-2014-52846,Standard Class,Standard Class
ES-2014-2455390,Standard Class,Standard Class
ID-2012-61645,Standard Class,First Class
CA-2012-138002,Standard Class,Standard Class
ES-2013-1679213,Standard Class,Second Class
CA-2014-100622,Standard Class,Standard Class
ES-2014-1150703,Same Day,First Class
ES-2011-4174897,First Class,Same Day
ES-2013-4897406,First Class,First Class
CM-2012-7710,Second Class,First Class
ID-2012-41982,Standard Class,Standard Class
ES-2011-3481511,Standard Class,Standard Class
AO-2013-6050,Standard Class,Standard Class
CA-2013-101630,Second Class,Standard Class
ES-2014-4613373,Second Class,Standard Class
EG-2012-6980,First Class,Second Class
CA-2013-100244,Standard Class,Second Class
ES-2011-4169574,Second Class,Standard Class
ID-2013-72397,Standard Class,Standard Class
IN-2014-52636,Second Class,Standard Class
IN-2012-77185,Second Class,Standard Class
BO-2012-7210,Standard Class,Standard Class
CA-2011-100762,Standard Class,Standard Class
CA-2014-115070,Second Class,First Class
CA-2014-161956,Second Class,Standard Class
ES-2012-3157970,Standard Class,Standard Class
CA-2014-159604,First Class,Same Day
ES-2014-2515763,Standard Class,Standard Class
ES-2013-5237504,Same Day,Same Day
ID-2011-45433,Standard Class,Standard Class
ES-2013-5170724,Standard Class,Standard Class
ES-2012-5875283,Standard Class,Standard Class
CA-2013-129686,Second Class,First Class
CA-2011-131926,Second Class,Standard Class
ES-2012-3549312,Standard Class,Standard Class
IT-2011-5340302,Standard Class,Standard Class
CA-2011-124079,Standard Class,Second Class
CA-2013-127138,Second Class,Standard Class
ES-2012-2740636,Standard Class,Standard Class
EG-2013-3830,Standard Class,Standard Class
ES-2011-1001989,First Class,First Class
ES-2014-4768713,Second Class,Standard Class
CA-2014-163006,Second Class,Second Class
CA-2014-161984,Standard Class,Standard Class
IN-2014-33498,Standard Class,Standard Class
IN-2014-58306,Standard Class,Second Class
ID-2014-68183,First Class,First Class
ID-2014-80979,Same Day,Standard Class
ES-2012-3290540,Standard Class,Standard Class
IN-2013-22109,Standard Class,Same Day
IN-2014-46875,First Class,Second Class
IT-2011-4060327,Standard Class,Standard Class
IR-2013-5560,Standard Class,Standard Class
IN-2012-44810,Same Day,First Class
AG-2013-7890,Second Class,Standard Class
ID-2012-75176,Standard Class,Standard Class
IN-2011-72411,Standard Class,Standard Class
IN-2014-11945,Standard Class,Standard Class
ES-2013-1265335,Standard Class,Standard Class
CA-2012-112375,Standard Class,Standard Class
CA-2014-117128,Second Class,Second Class
ES-2014-5265060,Standard Class,Standard Class
IN-2013-64452,Standard Class,Standard Class
ID-2014-47225,Standard Class,Standard Class
AG-2014-2360,Standard Class,Second Class
ID-2014-33659,Standard Class,Standard Class
IN-2012-62373,First Class,Second Class
IN-2012-82638,Standard Class,Second Class
CA-2011-100895,Standard Class,Second Class
IN-2012-72117,Standard Class,Standard Class
ES-2014-5831908,First Class,Same Day
CA-2011-5810,Standard Class,Second Class
IN-2012-61491,Second Class,Same Day
CA-2013-155992,First Class,First Class
ES-2014-3190273,Standard Class,Standard Class
CA-2011-133389,Same Day,First Class
CA-2012-132486,Second Class,Standard Class
CM-2011-4100,Second Class,Standard Class
ES-2013-4511365,Second Class,Second Class
CA-2011-460,Second Class,Standard Class
BO-2014-4120,Second Class,First Class
ES-2013-2847029,Standard Class,Standard Class
IR-2014-2670,First Class,First Class
ES-2011-5752766,Standard Class,Standard Class
CA-2013-113845,Standard Class,Standard Class
IN-2012-44509,Second Class,First Class
IN-2011-25084,First Class,First Class
ES-2013-1874583,Same Day,First Class
CA-2013-128811,Standard Class,Standard Class
CA-2013-130442,First Class,First Class
IN-2014-32049,Standard Class,Standard Class
ES-2014-3848533,Standard Class,Standard Class
CA-2012-102260,Standard Class,Standard Class
CA-2014-143259,Standard Class,Second Class
CA-2013-161389,Standard Class,Second Class
CA-2012-145457,Second Class,First Class
ES-2013-5056342,Standard Class,Standard Class
IN-2013-83191,Standard Class,Standard Class
ES-2013-3988133,Second Class,Second Class
IN-2011-30159,First Class,Second Class
ES-2013-3759039,Standard Class,Standard Class
CA-2014-167899,Standard Class,Standard Class
ID-2013-10846,Second Class,Standard Class
CA-2011-116932,Standard Class,Standard Class
ID-2014-56752,Standard Class,Standard Class
ES-2014-4594141,Standard Class,Standard Class
ES-2013-5431940,Standard Class,Second Class
ES-2011-2619050,First Class,Same Day
IN-2012-65397,Standard Class,Second Class
IN-2011-54302,Second Class,Standard Class
CA-2014-109750,Standard Class,Standard Class
IN-2014-26792,First Class,First Class
IN-2014-32812,Standard Class,Standard Class
CA-2011-154158,Second Class,Standard Class
IN-2014-20233,First Class,First Class
ID-2012-53959,Standard Class,Standard Class
CG-2013-8420,First Class,Second Class
IN-2012-59538,Standard Class,Second Class
IT-2012-1478733,Standard Class,First Class
CA-2013-114972,First Class,First Class
IR-2013-4110,Same Day,First Class
ES-2014-2518452,Standard Class,Standard Class
CA-2012-135545,Standard Class,Standard Class
ES-2012-4825433,Same Day,First Class
IN-2013-33337,Same Day,Standard Class
CA-2014-155957,Standard Class,Standard Class
CA-2014-140480,Standard Class,Standard Class
ES-2013-3159008,Standard Class,Standard Class
ES-2014-4554406,Standard Class,Standard Class
ES-2011-1930667,Second Class,Second Class
IN-2014-20499,Second Class,Second Class
IN-2014-20198,Second Class,Standard Class
ES-2013-5782100,Standard Class,Standard Class
CA-2014-169327,Second Class,Standard Class
ES-2014-1474425,Standard Class,Standard Class
ES-2014-1855692,Standard Class,Standard Class
CA-2013-112389,Standard Class,Standard Class
ID-2012-46315,Standard Class,Standard Class
ES-2014-5605089,Standard Class,Same Day
ID-2013-64060,Standard Class,Standard Class
ES-2013-4334154,Standard Class,First Class
IN-2011-25889,Standard Class,Standard Class
ES-2014-1513855,Standard Class,Standard Class
IT-2011-4429506,Standard Class,Second Class
ES-2014-2433620,Second Class,Second Class
IN-2013-60868,Standard Class,Standard Class
CA-2013-147067,Standard Class,Second Class
CA-2011-146500,Standard Class,Standard Class
ID-2013-74882,Standard Class,Second Class
ID-2013-48709,Standard Class,Standard Class
IN-2014-25014,Standard Class,Same Day
ES-2014-1992981,Standard Class,Standard Class
IN-2013-71585,Second Class,Second Class
CA-2011-149958,Standard Class,Standard Class
IN-2014-66853,Second Class,Standard Class
CA-2013-128412,Standard Class,Standard Class
IN-2013-60812,First Class,Second Class
ES-2014-1158805,First Class,First Class
CA-2012-125696,Standard Class,Standard Class
IR-2013-7880,First Class,Same Day
CA-2014-168228,First Class,First Class
AG-2014-8620,Standard Class,Standard Class
ES-2014-4111468,Standard Class,Standard Class
IN-2011-43599,Standard Class,Standard Class
ES-2013-3042034,First Class,First Class
ES-2013-3062379,Standard Class,Second Class
CA-2013-154711,Standard Class,Standard Class
CG-2012-4890,Same Day,Second Class
ES-2013-1906012,Standard Class,Standard Class
ES-2014-1856946,Standard Class,Standard Class
ID-2014-47225,Standard Class,Standard Class
CA-2011-139192,Second Class,Standard Class
IN-2014-19239,First Class,First Class
ID-2014-83240,Second Class,Standard Class
CA-2014-110310,Standard Class,Standard Class
IN-2012-35850,First Class,First Class
ES-2014-2538638,Second Class,First Class
ES-2012-4457462,First Class,First Class
IN-2012-69870,First Class,Second Class
IN-2014-78200,First Class,Second Class
CG-2014-9530,Same Day,Standard Class
IN-2013-35745,Standard Class,Standard Class
ES-2012-1191624,Standard Class,Standard Class
IN-2013-22578,First Class,Second Class
IN-2014-86768,First Class,First Class
ID-2014-29655,Standard Class,Standard Class
ID-2012-40176,Standard Class,Standard Class
EG-2011-3900,Standard Class,Standard Class
ES-2011-5045844,Standard Class,Standard Class
IN-2013-58481,Standard Class,Second Class
IN-2013-42864,Same Day,Same Day
ES-2011-5095223,Second Class,Second Class
ID-2014-18644,Standard Class,Standard Class
IN-2014-35115,Standard Class,Standard Class
IN-2013-18021,Standard Class,Standard Class
IN-2014-50179,Standard Class,Standard Class
IN-2012-76142,First Class,First Class
IN-2014-43382,Second Class,First Class
IN-2014-76674,Standard Class,Standard Class
CA-2011-167850,Standard Class,Standard Class
ES-2012-4718408,Standard Class,Standard Class
IN-2013-55548,First Class,First Class
ID-2013-10818,Second Class,Same Day
ES-2013-5205188,Standard Class,Standard Class
ID-2011-16453,Standard Class,Standard Class
ES-2013-3731878,Standard Class,Standard Class
IN-2011-12806,First Class,First Class
ID-2013-72243,Standard Class,Standard Class
CA-2014-167094,First Class,First Class
CA-2014-102610,Standard Class,Standard Class
CA-2012-158421,Standard Class,Standard Class
IN-2014-16607,Second Class,Same Day
ES-2011-5658621,Standard Class,Standard Class
IN-2013-69128,Standard Class,Standard Class
IN-2011-18098,Standard Class,Same Day
ES-2013-5311844,First Class,First Class
IN-2014-52048,Standard Class,Standard Class
AG-2011-1440,Standard Class,Standard Class
IT-2011-1521406,Second Class,First Class
CA-2012-140410,Standard Class,Standard Class
IN-2013-15459,Standard Class,Standard Class
CA-2012-166135,Standard Class,Standard Class
IN-2011-53322,Standard Class,Standard Class
ES-2013-3877962,Standard Class,Second Class
ES-2012-2716574,Standard Class,Standard Class
IN-2012-40638,Second Class,Standard Class
ES-2011-3192576,Second Class,Second Class
CA-2014-105235,Standard Class,Standard Class
ID-2014-35374,Second Class,Standard Class
IN-2014-60840,First Class,First Class
CA-2013-157000,Standard Class,Standard Class
ID-2014-71403,Standard Class,Standard Class
CA-2014-130302,Standard Class,Standard Class
IN-2013-33596,Standard Class,Standard Class
ES-2013-3795615,Standard Class,Standard Class
IN-2014-74266,Second Class,Standard Class
ID-2012-79586,Standard Class,Standard Class
ID-2012-68225,Second Class,Standard Class
ES-2014-3900205,First Class,First Class
CG-2013-7900,Standard Class,Standard Class
ES-2011-4801998,Second Class,Standard Class
IN-2014-66615,Standard Class,Standard Class
ES-2011-3353574,Standard Class,Standard Class
ID-2013-48898,First Class,Second Class
CA-2012-129546,Standard Class,Standard Class
CA-2014-121419,First Class,Second Class
ES-2012-2510515,Same Day,First Class
ES-2014-3454494,Second Class,Standard Class
ID-2011-77696,Standard Class,Standard Class
CA-2011-139633,Standard Class,Standard Class
ES-2013-3635603,Standard Class,Standard Class
CA-2011-107818,Standard Class,Standard Class
CA-2012-120901,Standard Class,Second Class
CA-2013-133368,Standard Class,Standard Class
IN-2012-63395,Standard Class,Standard Class
ES-2011-2722980,Standard Class,Standard Class
CA-2014-132185,Standard Class,Standard Class
CA-2014-131807,Standard Class,Standard Class
IN-2014-77374,Same Day,Standard Class
IT-2012-5640548,Standard Class,Standard Class
ES-2014-3744244,Second Class,Second Class
IN-2013-79600,First Class,Standard Class
CA-2013-111682,First Class,First Class
AG-2013-2840,First Class,Second Class
IR-2014-9060,Second Class,Standard Class
IN-2014-33281,Standard Class,First Class
IN-2014-79488,Standard Class,Standard Class
ES-2013-3667448,Standard Class,Standard Class
CA-2014-165687,Standard Class,Standard Class
ES-2012-4272278,Standard Class,Second Class
EG-2013-380,Second Class,Standard Class
IN-2011-50361,Standard Class,Standard Class
CA-2014-122308,Standard Class,Standard Class
CA-2011-131800,Standard Class,Standard Class
ES-2014-3936194,Standard Class,Standard Class
IS-2013-8880,Standard Class,Standard Class
CA-2013-114601,Standard Class,Standard Class
ES-2013-2115657,Same Day,First Class
IN-2013-57774,Standard Class,Standard Class
IN-2013-19071,First Class,Standard Class
ID-2013-13072,Standard Class,Standard Class
CA-2014-109701,Same Day,Standard Class
ES-2012-2431083,First Class,First Class
CA-2013-165820,Standard Class,Second Class
ID-2013-35948,Standard Class,Second Class
ES-2011-3734581,Standard Class,Standard Class
CA-2012-8480,Second Class,Standard Class
CA-2014-153822,Standard Class,Standard Class
IN-2014-56360,First Class,Standard Class
ES-2011-4585835,Standard Class,Standard Class
ES-2013-1686888,Second Class,Standard Class
CA-2013-114307,Standard Class,Standard Class
EG-2013-1090,Standard Class,Standard Class
IN-2014-60175,Standard Class,Standard Class
ID-2013-44383,Standard Class,Standard Class
CA-2014-147039,Standard Class,Standard Class
CG-2012-2700,Second Class,First Class
ES-2012-1606540,Standard Class,Standard Class
CA-2011-141299,Second Class,First Class
IN-2013-79978,Standard Class,Standard Class
ES-2012-2495938,Standard Class,Standard Class
CA-2014-119424,Second Class,Standard Class
EG-2014-170,Standard Class,Standard Class
CA-2013-4030,Standard Class,Standard Class
CA-2014-9640,Standard Class,Standard Class
ID-2014-43690,Standard Class,First Class
CA-2014-128076,Standard Class,Standard Class
IR-2013-3800,Same Day,Same Day
ES-2011-3104322,Standard Class,First Class
IN-2014-65712,Standard Class,Second Class
GH-2012-190,Standard Class,Standard Class
IN-2011-50725,Standard Class,Standard Class
CA-2014-133620,Standard Class,Standard Class
ES-2012-5264524,Standard Class,Second Class
CA-2013-142370,Standard Class,Standard Class
CA-2014-140186,First Class,Standard Class
ID-2014-21031,Standard Class,Standard Class
ID-2013-79201,Second Class,First Class
IN-2011-50613,Second Class,Standard Class
IN-2011-14101,Second Class,First Class
ES-2011-3517120,Standard Class,Second Class
ID-2013-32252,Standard Class,Standard Class
IN-2012-27562,Standard Class,Standard Class
CA-2011-123295,Same Day,Standard Class
GH-2014-8200,Second Class,Standard Class
CA-2012-104626,Standard Class,Standard Class
IN-2013-59580,Standard Class,First Class
ES-2013-1068972,Standard Class,Standard Class
IN-2012-85389,Standard Class,Standard Class
CA-2012-145352,Standard Class,Standard Class
CA-2013-160108,Standard Class,Standard Class
CA-2014-123036,Standard Class,Standard Class
CA-2013-128727,Standard Class,Standard Class
CA-2012-111325,First Class,First Class
AG-2013-6810,Second Class,Second Class
CA-2013-141397,First Class,First Class
CA-2011-158771,Same Day,Standard Class
IN-2014-44789,First Class,First Class
IN-2014-21423,Standard Class,Standard Class
CA-2012-138674,First Class,Second Class
ES-2013-1299121,Same Day,First Class
ID-2012-66496,Same Day,First Class
ES-2012-2309141,First Class,Standard Class
CA-2014-5120,Second Class,Second Class
IR-2014-6770,First Class,First Class
IN-2011-53203,First Class,First Class
IT-2011-4692210,Standard Class,Standard Class
CA-2012-162887,Second Class,Standard Class
ID-2014-15179,Standard Class,Standard Class
CA-2012-139248,Standard Class,Standard Class
GB-2012-6200,Standard Class,Standard Class
CA-2013-158841,Second Class,Second Class
CA-2014-133004,Standard Class,Standard Class
CA-2012-157287,First Class,Same Day
EG-2014-950,Standard Class,Standard Class
CA-2011-103100,First Class,Standard Class
CA-2012-166800,Standard Class,Standard Class
CA-2014-134306,Standard Class,Standard Class
ES-2012-4964549,Standard Class,Standard Class
CA-2014-110842,Standard Class,Standard Class
ES-2012-4989862,Standard Class,Second Class
ES-2014-3405973,Second Class,Second Class
ES-2014-1080192,Standard Class,Standard Class
ID-2013-33421,First Class,First Class
IN-2012-26274,Standard Class,Standard Class
CA-2013-152471,Same Day,Standard Class
ES-2013-4786711,Standard Class,Standard Class
ID-2014-10321,Same Day,Same Day
ID-2014-17517,Standard Class,Standard Class
CA-2011-109855,Standard Class,Standard Class
CA-2012-149993,First Class,Same Day
CA-2012-140718,First Class,First Class
CA-2013-153577,Standard Class,Standard Class
ID-2013-13191,Standard Class,Second Class
IT-2012-2157465,Standard Class,Standard Class
IN-2012-84808,Standard Class,Standard Class
IN-2014-44236,Standard Class,Standard Class
CM-2013-7780,Standard Class,Standard Class
CA-2013-145135,First Class,Same Day
ES-2011-1416586,Second Class,Standard Class
CA-2012-137512,Standard Class,Standard Class
AG-2014-2110,Second Class,Standard Class
CA-2013-149195,Second Class,Second Class
ES-2014-4790238,First Class,Second Class
ES-2011-2069466,Second Class,Same Day
IN-2011-70171,First Class,Second Class
IN-2014-65194,Second Class,Standard Class
CA-2013-116911,Standard Class,Standard Class
IN-2012-59874,Second Class,Second Class
ES-2014-1197792,First Class,Standard Class
ES-2013-3709304,Standard Class,Standard Class
ES-2011-5244045,Second Class,Second Class
ID-2012-83905,Standard Class,Standard Class
ID-2014-64830,First Class,First Class
IN-2014-74644,Second Class,First Class
IN-2014-10083,Second Class,Second Class
IN-2014-11672,Standard Class,Standard Class
CA-2013-113390,Standard Class,Same Day
ES-2012-4445402,Standard Class,Standard Class
CA-2013-123526,First Class,Standard Class
ES-2014-1976630,Standard Class,Standard Class
IN-2011-67392,Standard Class,Second Class
CA-2011-148915,Standard Class,First Class
CA-2013-134789,Standard Class,Standard Class
ID-2014-54589,Standard Class,Standard Class
IN-2012-28612,Standard Class,Standard Class
CA-2012-123568,Standard Class,Standard Class
CA-2012-128139,Standard Class,Standard Class
IN-2014-55296,Standard Class,Standard Class
ES-2014-4032097,First Class,First Class
EG-2011-7790,Standard Class,Second Class
ES-2012-1030632,Standard Class,Standard Class
IN-2012-86502,First Class,Second Class
ES-2012-2446694,Standard Class,Standard Class
IN-2011-34478,Same Day,First Class
CA-2012-128958,Standard Class,Standard Class
ID-2012-50354,Standard Class,First Class
ES-2014-5848816,Standard Class,Standard Class
CA-2011-164182,Standard Class,Standard Class
ES-2012-5307098,Second Class,Standard Class
ID-2013-35955,First Class,Standard Class
ID-2013-61155,First Class,Second Class
ID-2013-11322,Second Class,Second Class
CA-2011-164742,Second Class,Standard Class
ES-2012-2510515,Same Day,First Class
ID-2014-31440,Standard Class,Standard Class
CM-2014-820,Second Class,Standard Class
CM-2013-3920,Standard Class,Standard Class
IN-2013-34835,First Class,Standard Class
CA-2012-111073,Standard Class,Standard Class
IN-2014-59475,Second Class,Standard Class
ES-2012-3038461,Standard Class,Standard Class
ES-2013-1423228,Standard Class,Standard Class
AO-2014-4190,Standard Class,Standard Class
BO-2014-8690,Second Class,First Class
IT-2012-5199936,Standard Class,Standard Class
IN-2014-42213,Standard Class,Standard Class
CA-2014-160633,Standard Class,Standard Class
ES-2011-3793897,Standard Class,Second Class
CA-2014-157273,First Class,Second Class
CA-2014-117044,Second Class,Standard Class
CA-2012-124919,First Class,Second Class
ID-2013-80279,First Class,First Class
ES-2014-3977309,Standard Class,Standard Class
ID-2014-31160,First Class,Second Class
CA-2014-128335,Standard Class,Second Class
IN-2012-66342,First Class,Second Class
IN-2012-65537,Standard Class,Second Class
IT-2012-2825037,Standard Class,Standard Class
CA-2014-118199,First Class,First Class
CA-2013-113243,Standard Class,Standard Class
ES-2011-2729747,Standard Class,Standard Class
CA-2013-159765,Second Class,Standard Class
CA-2013-162138,Standard Class,First Class
IN-2012-68911,First Class,First Class
ID-2014-39525,Standard Class,Standard Class
ID-2013-85102,First Class,Second Class
IN-2011-13667,Second Class,Same Day
IN-2011-10286,First Class,First Class
IN-2012-68869,Second Class,Same Day
ID-2013-57634,First Class,First Class
ID-2013-53084,Second Class,First Class
ES-2014-3898681,Standard Class,Standard Class
IN-2014-14780,Standard Class,Standard Class
IT-2012-2701284,Second Class,Standard Class
CA-2014-108574,Standard Class,Standard Class
IR-2011-620,First Class,Standard Class
CA-2012-109736,First Class,Standard Class
CA-2012-109638,Standard Class,Standard Class
CA-2013-117660,Standard Class,Standard Class
ES-2014-1015287,Same Day,Second Class
IN-2014-84948,First Class,Second Class
IN-2011-14017,Second Class,Second Class
IN-2013-86803,Standard Class,Standard Class
ID-2013-72936,Standard Class,Standard Class
CA-2014-156272,Standard Class,Standard Class
ES-2014-5759001,Standard Class,Standard Class
CA-2014-132430,First Class,First Class
ES-2012-4021910,Standard Class,Standard Class
CA-2012-124499,Standard Class,Standard Class
IN-2013-25112,First Class,First Class
ID-2014-84269,First Class,First Class
ES-2014-5688470,First Class,First Class
CA-2014-119655,Standard Class,Standard Class
IN-2014-34632,First Class,First Class
ES-2011-3305419,Standard Class,Second Class
IN-2014-77290,Second Class,Standard Class
ID-2014-74238,First Class,First Class
CA-2012-131338,First Class,Second Class
CA-2013-113117,Standard Class,Standard Class
IN-2012-59874,Second Class,Standard Class
ES-2013-3851418,Second Class,Standard Class
AU-2012-5610,First Class,Second Class
ID-2013-20471,First Class,Second Class
ES-2012-2930401,Standard Class,Standard Class
ID-2012-73174,First Class,Standard Class
IR-2013-5070,Second Class,Standard Class
ES-2012-3239309,Standard Class,Second Class
CA-2014-121643,First Class,Second Class
CA-2013-168536,Standard Class,Standard Class
IN-2013-35542,Second Class,Second Class
IN-2011-67028,Standard Class,Standard Class
CA-2011-132913,First Class,Second Class
ES-2014-1311351,Standard Class,Standard Class
IN-2012-50207,Standard Class,Second Class
CA-2012-127173,Standard Class,Standard Class
CA-2011-145387,Second Class,First Class
IN-2011-84549,Standard Class,Standard Class
IN-2011-31020,Second Class,Second Class
IN-2011-41254,Standard Class,Standard Class
ES-2012-2651446,Same Day,Second Class
IN-2011-58278,Standard Class,Standard Class
CA-2013-156685,Second Class,Standard Class
ES-2011-1222857,Standard Class,Standard Class
CA-2012-111514,First Class,First Class
ID-2012-43900,Standard Class,First Class
ID-2011-80230,Standard Class,Standard Class
IT-2011-5015979,Standard Class,Standard Class
CA-2013-108364,Standard Class,Standard Class
ID-2014-16173,Standard Class,Standard Class
ID-2014-35521,Second Class,Second Class
ES-2012-2212320,Standard Class,Second Class
AO-2011-8260,Standard Class,First Class
AO-2011-8000,Standard Class,Standard Class
CA-2014-121048,Standard Class,Standard Class
AO-2013-1640,Second Class,First Class
AU-2012-7410,Standard Class,Standard Class
IN-2014-68337,Standard Class,Standard Class
ES-2012-5499117,Second Class,Standard Class
IR-2013-8520,Same Day,Same Day
CG-2013-8200,Second Class,Second Class
IN-2011-69429,Standard Class,Standard Class
IN-2011-23131,Standard Class,Standard Class
IR-2014-6580,Standard Class,Standard Class
ES-2013-3759039,Standard Class,Standard Class
IN-2013-78809,Second Class,Second Class
ID-2011-50802,Same Day,First Class
IN-2012-52076,Standard Class,Standard Class
ID-2014-10356,Standard Class,Standard Class
IT-2012-1084413,Same Day,First Class
CA-2014-118346,First Class,First Class
CA-2011-129091,Standard Class,Second Class
CA-2014-105487,Standard Class,Standard Class
CA-2014-153045,Second Class,Second Class
IN-2011-19295,Standard Class,Standard Class
ES-2014-5990473,Standard Class,Standard Class
ES-2013-5917617,Standard Class,Standard Class
IR-2014-9290,Standard Class,Standard Class
GH-2014-2840,Second Class,Second Class
ID-2013-50487,Standard Class,Standard Class
ID-2012-51677,Standard Class,Standard Class
IN-2011-59447,Standard Class,First Class
ES-2013-5782100,Standard Class,Second Class
ID-2014-32798,Second Class,Standard Class
ES-2013-5682943,Second Class,Second Class
CA-2011-121573,Standard Class,First Class
IN-2011-82078,Standard Class,Standard Class
ID-2012-16257,Standard Class,Standard Class
IR-2011-1690,Standard Class,Standard Class
BN-2011-2460,Standard Class,Second Class
CA-2012-101889,Standard Class,Standard Class
IN-2013-73951,Second Class,Same Day
ID-2011-30922,Standard Class,Standard Class
ES-2014-2440513,Standard Class,Standard Class
CA-2014-122280,Same Day,First Class
CA-2014-134285,Standard Class,Standard Class
CA-2012-107083,Standard Class,Standard Class
AO-2013-1640,Second Class,Standard Class
ES-2011-2736116,Standard Class,Standard Class
CA-2014-121300,Same Day,Standard Class
CA-2014-163860,Standard Class,Second Class
CA-2013-124352,Standard Class,Standard Class
IN-2012-68869,Second Class,Standard Class
IR-2013-230,Standard Class,Standard Class
IN-2014-44047,Standard Class,Standard Class
IN-2014-68463,Second Class,First Class
IN-2014-41436,Second Class,Second Class
IN-2013-36697,Second Class,First Class
ES-2013-1997936,Second Class,Second Class
ID-2013-15032,Standard Class,Second Class
CG-2013-8670,Standard Class,Standard Class
ES-2012-4527901,Second Class,First Class
CA-2014-118199,First Class,First Class
IN-2014-37320,Standard Class,Second Class
IN-2011-30033,Standard Class,Standard Class
IT-2012-1519794,Standard Class,Standard Class
CA-2014-138548,Standard Class,Standard Class
CG-2013-1420,Second Class,Standard Class
ES-2014-1808409,Second Class,Standard Class
IN-2012-28857,Standard Class,Standard Class
CA-2012-137302,Standard Class,Standard Class
CA-2013-117590,First Class,Second Class
ES-2014-4937476,Second Class,Standard Class
ES-2012-2826975,Standard Class,Standard Class
IN-2012-43165,Standard Class,Standard Class
ID-2012-50543,First Class,First Class
CA-2013-134348,Standard Class,Standard Class
ES-2013-5090419,Standard Class,Standard Class
IN-2011-71739,Standard Class,Second Class
ID-2012-58201,Standard Class,Second Class
AO-2011-4780,Standard Class,Standard Class
ES-2013-1827845,First Class,First Class
ES-2012-5285727,Second Class,Standard Class
ES-2013-5114360,Second Class,First Class
ES-2013-5379148,Standard Class,Standard Class
ID-2012-10230,First Class,Standard Class
IN-2014-28500,Standard Class,Standard Class
IN-2014-43263,Second Class,First Class
IT-2012-2834141,Standard Class,Standard Class
EG-2012-8470,First Class,First Class
ID-2013-28605,Second Class,Standard Class
ES-2012-4797383,Second Class,Standard Class
IN-2011-34478,Same Day,Second Class
CA-2012-121797,Standard Class,Standard Class
ES-2013-5716863,Standard Class,Standard Class
CA-2014-135937,Standard Class,Standard Class
IN-2011-76758,Standard Class,Standard Class
CA-2011-113271,Standard Class,Standard Class
ES-2014-4363806,First Class,Second Class
ID-2014-86733,Standard Class,Standard Class
ES-2013-5002794,Standard Class,Standard Class
ID-2011-85928,Standard Class,Standard Class
IN-2011-72502,Same Day,Standard Class
IN-2014-50473,First Class,Second Class
ES-2011-2140658,Second Class,Second Class
IN-2012-22466,Standard Class,Standard Class
CA-2014-147760,First Class,First Class
IN-2014-53077,Standard Class,Standard Class
IT-2012-5535658,Standard Class,Standard Class
CA-2013-135776,Standard Class,Standard Class
IN-2013-42311,First Class,Second Class
ES-2013-3078441,First Class,First Class
ES-2011-5834860,Second Class,Standard Class
IN-2012-23089,Standard Class,Standard Class
IN-2011-79397,Same Day,First Class
ES-2012-1572970,Second Class,Standard Class
CA-2011-141355,Standard Class,Standard Class
IN-2014-43571,Standard Class,Second Class
CA-2011-146885,Standard Class,Standard Class
ES-2014-1486090,Standard Class,Standard Class
EG-2013-8810,Second Class,Standard Class
EG-2013-8680,Standard Class,Standard Class
IN-2013-27639,Standard Class,Standard Class
IN-2013-22354,Standard Class,Standard Class
ID-2012-28402,First Class,First Class
IN-2012-53119,Standard Class,Standard Class
IN-2011-68526,Standard Class,Standard Class
ID-2011-61988,First Class,Second Class
IN-2013-20744,Same Day,Same Day
ES-2014-2194172,Standard Class,Standard Class
CA-2013-135461,Second Class,First Class
CA-2014-121615,Standard Class,Standard Class
IN-2014-22907,Standard Class,Standard Class
CA-2014-137876,Standard Class,Standard Class
ID-2013-28605,Second Class,Standard Class
IN-2013-20618,Standard Class,Standard Class
ES-2014-4714649,Standard Class,Standard Class
ES-2014-2332746,Standard Class,Standard Class
IN-2011-22396,First Class,First Class
IN-2012-22914,Standard Class,Standard Class
ID-2011-16551,Second Class,Standard Class
CA-2011-150581,Standard Class,Standard Class
BU-2012-4360,First Class,Same Day
ID-2012-66055,Standard Class,Second Class
IN-2014-75470,Second Class,Second Class
ID-2014-45349,First Class,First Class
CA-2012-121097,Standard Class,Standard Class
CA-2011-129364,Standard Class,Standard Class
ES-2011-5894162,Second Class,Standard Class
CA-2014-141439,Standard Class,Standard Class
CA-2012-121188,Standard Class,Standard Class
IN-2014-75603,Second Class,Standard Class
ES-2013-5039157,Standard Class,Standard Class
CA-2014-143112,Standard Class,Standard Class
IN-2011-34800,Standard Class,Second Class
ES-2014-1532030,Same Day,First Class
CA-2014-126396,Second Class,First Class
CA-2014-156664,Standard Class,Standard Class
CA-2014-103499,Standard Class,First Class
ES-2013-2161351,Standard Class,Standard Class
IT-2011-5361439,Standard Class,Standard Class
IN-2013-52944,Standard Class,Standard Class
CA-2014-110429,Standard Class,Standard Class
ID-2014-27765,First Class,First Class
CA-2013-164637,Standard Class,Standard Class
HR-2014-1830,First Class,First Class
ID-2012-77318,First Class,Standard Class
IN-2012-23551,Second Class,First Class
IN-2014-13639,Standard Class,Standard Class
CA-2012-110863,Standard Class,Standard Class
ES-2012-4797383,Second Class,Standard Class
CG-2012-8310,First Class,First Class
CA-2011-140732,Second Class,Second Class
CA-2012-123568,Standard Class,Second Class
CA-2014-168389,Standard Class,Standard Class
CG-2012-1650,Second Class,Second Class
IN-2013-22438,Second Class,First Class
IN-2012-14724,First Class,Second Class
IT-2011-1549226,First Class,First Class
IN-2012-45279,Standard Class,Standard Class
CA-2013-166772,Standard Class,Second Class
BN-2012-5720,First Class,Second Class
IN-2014-32378,Standard Class,Standard Class
CA-2011-116246,Second Class,Standard Class
ID-2012-34884,Standard Class,Standard Class
ES-2011-2246685,Second Class,Second Class
CA-2014-161970,Standard Class,Standard Class
ES-2011-2187197,Same Day,Standard Class
IN-2014-76135,Standard Class,Standard Class
CA-2013-116596,Standard Class,Standard Class
AG-2014-2280,Standard Class,Standard Class
ID-2012-53560,Standard Class,First Class
CA-2014-141873,Standard Class,Standard Class
ES-2012-3196841,Standard Class,Standard Class
ES-2013-3570218,Second Class,Second Class
IN-2013-34702,Standard Class,Standard Class
CA-2012-120551,Standard Class,Standard Class
ES-2012-3052180,Standard Class,Standard Class
IT-2011-5334146,Standard Class,Standard Class
CA-2014-161480,Standard Class,Standard Class
CA-2014-140480,Standard Class,Standard Class
ES-2011-3822720,Standard Class,Standard Class
CG-2013-7130,Standard Class,Standard Class
CA-2014-110212,Standard Class,Standard Class
CA-2013-106950,Standard Class,First Class
ID-2013-55401,First Class,Standard Class
ID-2014-71403,Standard Class,Standard Class
ES-2012-2574212,Standard Class,Standard Class
CA-2012-128013,Standard Class,Standard Class
ES-2013-2219658,Standard Class,Standard Class
ID-2011-57718,Standard Class,Second Class
CA-2013-153353,Standard Class,Standard Class
CA-2012-158554,Same Day,Same Day
IN-2011-26967,Standard Class,Standard Class
IN-2012-59139,Standard Class,Second Class
ID-2014-23796,Standard Class,Standard Class
IN-2014-44264,Standard Class,Standard Class
ES-2013-1138719,Standard Class,Standard Class
EG-2014-1710,Standard Class,Standard Class
CA-2013-152072,Standard Class,Second Class
ES-2013-3584378,Standard Class,Standard Class
CA-2013-128706,Standard Class,First Class
CA-2013-105781,Standard Class,Second Class
CA-2014-168193,Second Class,First Class
ID-2011-46553,Same Day,Second Class
ES-2011-3746760,Standard Class,Standard Class
CA-2014-135937,Standard Class,Standard Class
CA-2013-118052,Standard Class,Standard Class
IN-2012-56073,Standard Class,Standard Class
CA-2014-154816,Standard Class,Standard Class
IN-2012-32882,Standard Class,Standard Class
ID-2014-49808,Standard Class,Standard Class
IN-2014-33869,Standard Class,Standard Class
IN-2012-13772,Standard Class,Second Class
IN-2013-55555,Standard Class,Second Class
IN-2011-42024,Standard Class,Standard Class
CA-2013-158001,Standard Class,Standard Class
IN-2013-59958,Standard Class,Standard Class
ID-2014-40582,Standard Class,Standard Class
ES-2012-1242181,First Class,First Class
ES-2013-1603822,Second Class,Standard Class
IN-2014-58607,Standard Class,Second Class
IN-2013-75988,Standard Class,Second Class
ES-2014-5423169,Standard Class,Standard Class
IN-2014-78228,Standard Class,Standard Class
IN-2012-49220,Second Class,Same Day
CA-2013-134138,Standard Class,Second Class
IN-2013-36235,Standard Class,Standard Class
IN-2011-29634,Standard Class,Standard Class
IN-2013-25798,Second Class,Standard Class
ID-2011-49710,Standard Class,Standard Class
IN-2014-51635,Same Day,First Class
ES-2012-4138789,Standard Class,Standard Class
ID-2012-32427,Standard Class,Standard Class
GB-2012-6200,Standard Class,Second Class
IN-2012-51705,Standard Class,Standard Class
CA-2011-146843,Standard Class,Standard Class
ES-2013-4435948,Standard Class,Standard Class
ES-2013-3918046,First Class,Standard Class
ES-2012-5053715,Second Class,Standard Class
CA-2012-160472,Second Class,Standard Class
CA-2011-136399,First Class,First Class
ID-2013-23845,Standard Class,Standard Class
CA-2014-118360,Standard Class,Standard Class
IR-2013-7350,Standard Class,Second Class
ES-2012-5752326,Second Class,First Class
ES-2014-4098716,Standard Class,Standard Class
ES-2013-1109945,Standard Class,Standard Class
ES-2013-5523206,Standard Class,Standard Class
IN-2011-83583,Standard Class,Standard Class
ID-2012-34884,Standard Class,Standard Class
IN-2014-42801,Standard Class,Second Class
IN-2012-69072,Standard Class,Standard Class
IN-2011-62310,Standard Class,Standard Class
IN-2014-71067,Standard Class,Standard Class
CA-2011-111899,First Class,Same Day
EG-2013-1720,Standard Class,Standard Class
IN-2013-70353,Standard Class,Standard Class
AO-2012-7800,First Class,First Class
CA-2012-167269,Standard Class,Standard Class
ES-2011-4508489,Standard Class,Standard Class
ES-2012-4014694,Second Class,Same Day
IN-2012-51173,Standard Class,Second Class
ES-2013-5110658,First Class,Standard Class
ES-2013-5847726,Standard Class,Standard Class
ES-2013-1433183,Standard Class,Standard Class
ID-2014-68099,First Class,First Class
ID-2011-61876,Standard Class,Standard Class
CA-2011-150518,Standard Class,Standard Class
ES-2014-4578544,Standard Class,Standard Class
IN-2012-63255,Second Class,Second Class
IN-2013-12183,First Class,First Class
EG-2013-6390,Standard Class,Standard Class
CA-2011-110786,Standard Class,Second Class
CA-2013-133795,Standard Class,Standard Class
CA-2011-152562,Standard Class,Standard Class
IN-2013-77731,Standard Class,Standard Class
ES-2012-3374683,Standard Class,Standard Class
IN-2012-82918,Standard Class,Second Class
ES-2013-3167494,Standard Class,Standard Class
ES-2013-3568872,Standard Class,Standard Class
ES-2012-3791638,Second Class,Second Class
CA-2014-100384,Standard Class,Standard Class
CM-2012-6570,Standard Class,Standard Class
ES-2012-4656254,Standard Class,Standard Class
ES-2014-2670477,Standard Class,Standard Class
IN-2014-79005,Standard Class,Standard Class
CA-2011-113880,Standard Class,Second Class
IN-2014-20415,Standard Class,Standard Class
ES-2013-2220306,Second Class,Standard Class
CA-2013-9990,Same Day,Second Class
ID-2014-36263,First Class,Standard Class
CA-2011-107916,First Class,First Class
ID-2013-71522,Standard Class,Standard Class
ES-2014-2735083,Second Class,Second Class
ES-2012-2363775,Standard Class,Standard Class
CA-2014-2000,Standard Class,Standard Class
IN-2014-30852,Standard Class,Standard Class
ID-2013-50872,Standard Class,Standard Class
IN-2014-78900,Standard Class,Second Class
ES-2011-5912381,Same Day,Standard Class
IN-2014-33407,Standard Class,Standard Class
IN-2012-28668,Same Day,Standard Class
IN-2011-77892,Standard Class,Standard Class
IN-2014-23621,Standard Class,Standard Class
CA-2013-129714,First Class,First Class
ES-2014-3133751,Standard Class,Second Class
IN-2013-68708,Standard Class,Standard Class
ES-2014-5664853,Second Class,Second Class
CA-2014-118003,Standard Class,Standard Class
CG-2013-1800,Standard Class,Standard Class
ES-2013-5345443,Standard Class,Standard Class
CA-2014-148922,Second Class,First Class
ES-2013-2589732,Standard Class,Second Class
CA-2014-155880,Standard Class,Standard Class
IR-2012-4780,Standard Class,Second Class
ID-2011-57718,Standard Class,Second Class
IN-2014-13051,Standard Class,Second Class
ID-2012-55499,First Class,Second Class
IN-2014-71886,Standard Class,Standard Class
ES-2011-2950882,Standard Class,Standard Class
ES-2013-4405513,Standard Class,Standard Class
IN-2013-62527,Standard Class,Second Class
HU-2014-960,Standard Class,Standard Class
CA-2014-161410,Standard Class,Standard Class
IN-2014-80776,Standard Class,Standard Class
CA-2014-156363,Standard Class,Standard Class
CA-2011-169033,Standard Class,Standard Class
CA-2012-142237,First Class,Standard Class
ES-2014-4592758,Standard Class,Standard Class
ES-2014-4722906,Standard Class,Second Class
ID-2013-74357,Standard Class,Standard Class
ID-2012-57193,Standard Class,Standard Class
IN-2013-41534,Standard Class,Standard Class
CA-2013-133613,Standard Class,Same Day
ID-2013-61442,Standard Class,Standard Class
CG-2014-5820,Standard Class,Standard Class
ID-2012-50193,Second Class,First Class
IN-2013-37446,Second Class,First Class
ES-2014-2544561,Standard Class,Standard Class
IN-2011-37880,Standard Class,Standard Class
ES-2014-3878729,Standard Class,Standard Class
CA-2013-146836,Same Day,Second Class
IN-2014-54694,Standard Class,Standard Class
IN-2012-69765,Standard Class,Second Class
IN-2014-17027,First Class,First Class
CA-2014-132262,First Class,First Class
CA-2011-120243,Second Class,Standard Class
IN-2014-86810,Standard Class,Standard Class
IN-2011-43599,Standard Class,Standard Class
IN-2013-36970,Standard Class,Standard Class
CA-2014-122490,Standard Class,Standard Class
ES-2012-3241112,Standard Class,Second Class
CA-2012-102806,Standard Class,Standard Class
IN-2014-36690,Second Class,First Class
ES-2012-4541942,Standard Class,Standard Class
ES-2011-4632225,Standard Class,Second Class
IN-2014-45426,Standard Class,Standard Class
IR-2013-2540,Standard Class,Standard Class
ES-2014-5474746,Same Day,Second Class
ES-2014-5530354,Standard Class,Standard Class
ID-2012-82610,Same Day,Second Class
CA-2013-137043,Second Class,Standard Class
IN-2014-25854,Second Class,Standard Class
AO-2013-2100,Standard Class,Second Class
CA-2011-126760,Standard Class,Standard Class
CA-2012-110324,Standard Class,Standard Class
ID-2012-67707,Standard Class,Standard Class
IS-2013-8820,Standard Class,Standard Class
CA-2013-140641,Standard Class,Standard Class
AG-2012-170,Second Class,Second Class
ES-2013-2701752,Standard Class,Second Class
IN-2013-45636,Standard Class,Second Class
CA-2012-139850,Standard Class,Standard Class
IN-2014-52391,Standard Class,Standard Class
IR-2013-3590,Standard Class,Standard Class
IN-2012-38447,Second Class,Second Class
CA-2013-138520,Standard Class,Standard Class
CA-2011-124429,Same Day,First Class
ES-2012-5450436,Standard Class,Second Class
ES-2013-4349332,Standard Class,Standard Class
IN-2011-83583,Standard Class,Standard Class
ID-2014-26008,Standard Class,Standard Class
IN-2014-85018,First Class,Same Day
CA-2011-145317,Standard Class,Standard Class
IN-2011-85130,Standard Class,Second Class
CA-2013-150350,Standard Class,Standard Class
IN-2011-72334,Standard Class,Standard Class
ES-2012-2468694,Standard Class,Standard Class
ES-2012-2314672,Same Day,First Class
ES-2013-5612922,Standard Class,Standard Class
IN-2013-85186,Standard Class,Standard Class
IN-2013-83289,Standard Class,Standard Class
IR-2013-420,Standard Class,Standard Class
CA-2013-139689,Standard Class,Standard Class
ES-2014-1313311,Standard Class,Standard Class
ES-2011-1868803,Second Class,Standard Class
ES-2014-4592758,Standard Class,Standard Class
ES-2014-4385660,Second Class,Second Class
CA-2012-111094,Standard Class,Standard Class
IN-2014-10979,Standard Class,Standard Class
IN-2014-79327,Second Class,Standard Class
ID-2014-66174,Standard Class,Standard Class
CG-2014-7660,Standard Class,Standard Class
ES-2013-5634442,First Class,Same Day
ES-2013-2979012,Second Class,Standard Class
ID-2013-30201,Standard Class,Standard Class
CA-2014-146269,Same Day,Standard Class
CA-2012-132626,Standard Class,Standard Class
ES-2014-1077620,Second Class,Standard Class
IN-2014-46777,Standard Class,Second Class
CA-2012-149601,Standard Class,Standard Class
ID-2013-60329,Standard Class,Standard Class
CA-2014-136651,Second Class,Second Class
ES-2011-3711955,Standard Class,Standard Class
IN-2012-44194,First Class,First Class
CA-2011-138100,Standard Class,Standard Class
ID-2014-54589,Standard Class,Standard Class
CA-2014-117667,Standard Class,Standard Class
ID-2012-53497,Second Class,Second Class
CA-2014-100111,Standard Class,Standard Class
CA-2013-161095,Same Day,First Class
CA-2011-138100,Standard Class,Standard Class
IN-2013-15340,First Class,First Class
ID-2014-85851,Standard Class,Standard Class
ID-2014-44117,Standard Class,Standard Class
ES-2012-4229401,Standard Class,Standard Class
CA-2014-128769,Standard Class,Standard Class
ID-2012-18742,First Class,First Class
ES-2014-5579300,Second Class,First Class
CA-2014-167899,Standard Class,Standard Class
IT-2012-4967576,Standard Class,Standard Class
IN-2014-64137,Standard Class,Standard Class
ES-2011-3524149,Standard Class,Standard Class
IN-2013-62128,Standard Class,Standard Class
CA-2011-143637,Second Class,Second Class
ES-2014-5117456,Second Class,Standard Class
CA-2013-160745,Second Class,Standard Class
IN-2014-18252,Standard Class,Standard Class
CA-2013-131639,Standard Class,Standard Class
IT-2011-4752666,Second Class,Standard Class
IN-2012-60161,Standard Class,Standard Class
ES-2012-5016521,Standard Class,Standard Class
ID-2014-69233,Second Class,Standard Class
IN-2012-13359,Standard Class,First Class
IN-2014-86964,Standard Class,Second Class
ES-2013-1337779,Standard Class,Second Class
CG-2013-3660,Standard Class,Standard Class
CA-2013-124051,First Class,First Class
ES-2014-4147771,Standard Class,Standard Class
CA-2014-118542,Standard Class,Standard Class
EG-2014-9260,Second Class,Standard Class
ES-2013-2374863,Standard Class,Standard Class
ES-2014-5449438,Standard Class,Standard Class
IN-2011-86782,First Class,Standard Class
ES-2012-5285727,Second Class,Second Class
IN-2012-82204,Standard Class,Standard Class
ES-2012-1790498,Standard Class,Standard Class
CA-2014-107909,Standard Class,Standard Class
IN-2013-63745,Second Class,Standard Class
IR-2013-9270,First Class,Same Day
ES-2013-2847029,Standard Class,Standard Class
ES-2013-1218192,Second Class,Standard Class
IN-2014-19274,First Class,Standard Class
IN-2012-79649,Standard Class,Standard Class
CA-2011-160157,Standard Class,Standard Class
CA-2013-124814,Standard Class,Standard Class
ES-2014-1204770,Standard Class,Standard Class
IN-2013-18980,Standard Class,Standard Class
CA-2014-147452,First Class,First Class
ID-2011-11126,Standard Class,Standard Class
IN-2013-39686,Second Class,Standard Class
IN-2013-86754,Standard Class,Standard Class
IN-2011-12526,Standard Class,Second Class
IN-2014-60616,Second Class,Standard Class
IN-2014-60840,First Class,Standard Class
ID-2011-23012,Second Class,Second Class
ES-2013-5239932,First Class,Standard Class
CA-2013-101742,Second Class,First Class
IN-2014-34163,Standard Class,Standard Class
EG-2013-9910,First Class,Second Class
IN-2014-38517,Standard Class,Standard Class
CA-2012-125416,Same Day,Second Class
ID-2011-36011,First Class,First Class
CA-2012-137225,Standard Class,Standard Class
HU-2014-2470,Standard Class,Standard Class
CA-2013-109820,First Class,First Class
ES-2014-2790834,Standard Class,Standard Class
ES-2014-4842025,First Class,Second Class
CA-2014-132199,Standard Class,Standard Class
IN-2014-80286,Standard Class,Standard Class
IN-2013-46252,Standard Class,Standard Class
CA-2012-150308,Standard Class,Standard Class
ES-2012-4307683,Standard Class,Standard Class
IN-2013-30831,Standard Class,Standard Class
ID-2013-68757,Standard Class,Standard Class
CA-2012-120901,Standard Class,Standard Class
IN-2013-10489,First Class,First Class
IN-2013-41534,Standard Class,Second Class
IT-2012-5224735,Second Class,Second Class
IN-2012-22914,Standard Class,Standard Class
IN-2013-47393,First Class,Second Class
IN-2014-47946,First Class,Standard Class
ES-2013-2371724,Second Class,First Class
CA-2014-127313,First Class,First Class
CA-2012-157959,First Class,First Class
IN-2013-60504,First Class,Second Class
ES-2013-2830979,Standard Class,Second Class
IN-2012-59391,Second Class,Second Class
AU-2012-5610,First Class,Standard Class
ES-2014-5167464,Standard Class,Second Class
ID-2011-76884,Standard Class,Standard Class
IN-2013-36389,Second Class,Standard Class
ID-2012-84591,First Class,First Class
CM-2014-4170,Standard Class,Standard Class
CA-2014-169999,Standard Class,Standard Class
IN-2014-86047,Standard Class,Standard Class
CG-2013-2860,Second Class,Standard Class
CA-2011-134215,Standard Class,Second Class
ES-2013-2754415,First Class,Second Class
CA-2013-131744,Second Class,Second Class
ES-2013-2550984,Standard Class,Standard Class
CA-2012-107678,Standard Class,Standard Class
ES-2013-1001647,Standard Class,Standard Class
BO-2014-9810,Standard Class,Standard Class
IN-2014-79180,Second Class,Standard Class
IT-2011-4378136,Standard Class,Standard Class
ES-2012-5645358,Second Class,Standard Class
ES-2014-4442179,Second Class,Same Day
IN-2013-52804,Standard Class,Standard Class
CA-2014-157903,Standard Class,Standard Class
IT-2011-2289083,Standard Class,Standard Class
ES-2011-5430994,First Class,First Class
EG-2012-4660,Second Class,Second Class
IN-2014-61869,Standard Class,Standard Class
EG-2014-9910,First Class,First Class
CA-2011-104178,Standard Class,Standard Class
IN-2012-19015,Standard Class,Standard Class
IN-2014-21731,First Class,Standard Class
ES-2013-3159008,Standard Class,Standard Class
ES-2013-1166961,Standard Class,Standard Class
ES-2012-4765389,Second Class,First Class
CA-2014-120222,Standard Class,Standard Class
CA-2011-131310,Standard Class,Standard Class
IN-2011-26456,Standard Class,Standard Class
ES-2013-2991881,Second Class,Standard Class
IN-2014-66139,Standard Class,Standard Class
IN-2014-33407,Standard Class,Second Class
ID-2014-82848,First Class,Standard Class
ID-2014-70640,Standard Class,Standard Class
ES-2014-3659838,Standard Class,Standard Class
IN-2012-63395,Standard Class,Standard Class
CA-2013-108434,Second Class,Standard Class
ID-2012-46574,Second Class,Standard Class
CA-2013-124590,Standard Class,Standard Class
IN-2013-26911,Standard Class,Standard Class
CG-2013-4190,Second Class,Standard Class
CA-2014-151750,Standard Class,Standard Class
ID-2014-59713,Standard Class,Second Class
IN-2014-57011,Second Class,First Class
CA-2013-118759,First Class,Second Class
ES-2011-1818378,Standard Class,Standard Class
ES-2012-5499117,Second Class,Standard Class
ES-2012-4765389,Second Class,Same Day
CA-2011-149958,Standard Class,Standard Class
CA-2013-139556,Standard Class,Standard Class
IN-2014-11637,First Class,Standard Class
IN-2013-15732,First Class,First Class
IN-2012-60287,Second Class,Second Class
CA-2013-161025,Standard Class,Standard Class
CA-2012-150714,Standard Class,Standard Class
IN-2011-69751,Second Class,Standard Class
ID-2012-38209,Standard Class,Standard Class
IT-2012-4297670,Second Class,Standard Class
ES-2012-4635011,First Class,Same Day
CA-2014-156237,First Class,First Class
ID-2014-83198,Standard Class,Standard Class
IN-2013-86285,Second Class,Second Class
ID-2013-73475,First Class,First Class
ID-2013-32630,Standard Class,Standard Class
CA-2014-104220,Standard Class,Standard Class
ES-2012-3954494,Same Day,First Class
CA-2014-104136,Second Class,Second Class
IN-2014-52293,Standard Class,Standard Class
CA-2013-116526,Standard Class,Standard Class
CA-2014-164028,Standard Class,Standard Class
CA-2011-134313,Standard Class,Second Class
CG-2013-490,Standard Class,Standard Class
ES-2014-5283796,Standard Class,Second Class
ES-2011-4021337,Standard Class,Standard Class
CA-2014-118017,Second Class,Standard Class
IN-2014-82435,First Class,First Class
IT-2012-1779015,Same Day,Second Class
ID-2014-32238,Second Class,Standard Class
ES-2011-2613634,Standard Class,Standard Class
IN-2012-17363,Standard Class,Standard Class
CA-2011-154599,Standard Class,Standard Class
IN-2012-82981,First Class,Second Class
ES-2011-5340910,Same Day,First Class
HU-2013-3090,Standard Class,Standard Class
CA-2014-121839,Standard Class,Same Day
IN-2011-60322,Second Class,Standard Class
CA-2012-132941,First Class,Second Class
CA-2014-118773,Standard Class,Standard Class
ES-2014-2688044,Same Day,Standard Class
IN-2011-24062,Standard Class,Second Class
CA-2011-123225,First Class,Same Day
ID-2011-73202,Standard Class,Second Class
CA-2014-112515,Second Class,First Class
CA-2013-125087,Standard Class,Standard Class
IR-2014-3190,First Class,Same Day
IN-2013-65075,Standard Class,Standard Class
CA-2013-111682,First Class,First Class
CA-2013-145625,Standard Class,Standard Class
IN-2014-52174,Second Class,Second Class
IN-2014-84339,Second Class,Same Day
ID-2014-10783,Standard Class,Second Class
CA-2012-134117,Second Class,Second Class
CA-2012-103135,Standard Class,Second Class
IN-2014-78186,Standard Class,Standard Class
IT-2011-5015979,Standard Class,Standard Class
ES-2013-4276357,First Class,First Class
CA-2013-130225,Standard Class,Standard Class
GH-2014-8350,Standard Class,Standard Class
ID-2013-11322,Second Class,First Class
ID-2011-68372,Same Day,First Class
ES-2012-5776825,Second Class,Standard Class
ES-2013-1135121,Second Class,First Class
CA-2011-164385,Second Class,Standard Class
ID-2014-80930,First Class,Standard Class
CA-2013-137239,Standard Class,Standard Class
IN-2012-44943,First Class,Second Class
CA-2013-167241,Standard Class,Standard Class
IN-2014-52482,First Class,First Class
ID-2013-67952,Standard Class,Standard Class
IN-2012-26169,Standard Class,Standard Class
ES-2014-2022735,Second Class,Second Class
CA-2011-120544,Standard Class,First Class
CA-2011-151078,Same Day,First Class
IN-2012-26575,Second Class,Standard Class
ES-2011-3202814,Standard Class,Standard Class
ES-2013-4662682,Second Class,First Class
ES-2013-5506373,Second Class,Same Day
ES-2012-2170704,Standard Class,Standard Class
ID-2014-38433,Standard Class,Standard Class
ID-2012-73391,Standard Class,Standard Class
CA-2011-147298,Standard Class,Standard Class
CA-2011-141817,Standard Class,Standard Class
ES-2013-2212734,First Class,Same Day
CA-2012-149342,Standard Class,Standard Class
IN-2013-40477,Standard Class,Standard Class
IN-2013-10699,Second Class,Second Class
ES-2012-4662036,Standard Class,Second Class
IR-2011-4770,Standard Class,Standard Class
IN-2012-44180,Standard Class,Second Class
IN-2011-29998,Standard Class,Standard Class
CA-2013-109407,Second Class,First Class
IN-2012-12141,Standard Class,Standard Class
IN-2011-40568,Second Class,First Class
ES-2014-2271414,Standard Class,Standard Class
ID-2011-43480,First Class,Same Day
IN-2012-51495,Second Class,First Class
CA-2012-100146,Standard Class,Standard Class
ES-2013-1001647,Standard Class,Standard Class
ES-2011-4485758,Standard Class,Standard Class
CA-2011-150301,First Class,First Class
IT-2012-1125357,Standard Class,Second Class
ES-2014-1670293,Standard Class,Standard Class
IN-2013-64732,Second Class,First Class
ID-2013-80279,First Class,First Class
IR-2014-8540,First Class,Same Day
CA-2014-160927,Second Class,Second Class
IN-2014-65712,Standard Class,Second Class
ES-2014-2106732,Same Day,Standard Class
CA-2012-112571,Same Day,First Class
IN-2013-44740,First Class,First Class
ES-2012-2946531,Standard Class,Standard Class
ES-2014-4592758,Standard Class,Second Class
ES-2014-5566428,Standard Class,Standard Class
IN-2011-12806,First Class,First Class
CA-2014-155957,Standard Class,Standard Class
CA-2014-116680,Second Class,Standard Class
CA-2012-114503,Standard Class,Standard Class
ID-2012-69954,First Class,Second Class
IN-2013-81112,Second Class,Second Class
ES-2014-1102132,Second Class,First Class
CA-2014-137456,Same Day,Second Class
CA-2014-157833,First Class,First Class
IN-2012-24664,Standard Class,Standard Class
CA-2013-147109,Standard Class,Standard Class
ID-2011-23593,Standard Class,Standard Class
IN-2013-62723,Same Day,First Class
ID-2012-66055,Standard Class,Standard Class
CA-2011-112326,Standard Class,First Class
IN-2014-51950,Second Class,Second Class
CA-2011-101560,Second Class,First Class
ES-2014-4375159,Standard Class,Standard Class
BN-2012-3640,Standard Class,Standard Class
AO-2014-420,First Class,First Class
IN-2014-85151,Second Class,First Class
IR-2011-10,Second Class,First Class
CA-2012-136469,First Class,Second Class
IN-2013-64977,Second Class,Second Class
ID-2014-86033,Second Class,Standard Class
ES-2014-4165651,Second Class,Same Day
CA-2013-106656,First Class,Same Day
CA-2012-122973,Second Class,Second Class
CA-2014-109085,First Class,Second Class
IN-2014-38629,Standard Class,Standard Class
ID-2013-36662,Same Day,First Class
CA-2014-144526,Standard Class,Standard Class
IN-2014-51187,Second Class,Second Class
ID-2012-81056,Second Class,Second Class
ES-2012-3192468,First Class,First Class
IN-2011-50060,Standard Class,Standard Class
ES-2011-1228490,Second Class,Standard Class
CA-2013-131296,Standard Class,First Class
CA-2013-137337,Standard Class,Standard Class
ID-2014-73678,Standard Class,Standard Class
IN-2013-16026,Standard Class,Standard Class
CA-2012-112116,Second Class,Standard Class
ES-2014-2688044,Same Day,Same Day
ID-2011-73202,Standard Class,Second Class
ID-2014-86180,Standard Class,Standard Class
ID-2014-13338,Standard Class,Standard Class
ES-2013-4405513,Standard Class,Standard Class
ID-2013-66811,Standard Class,Second Class
CA-2011-143917,Second Class,First Class
CA-2013-122518,Second Class,First Class
CA-2014-115931,Standard Class,Standard Class
CA-2012-148628,Standard Class,Standard Class
ID-2013-20471,First Class,Second Class
IN-2014-33869,Standard Class,Standard Class
IN-2011-12806,First Class,First Class
ES-2014-3458802,Standard Class,Standard Class
IN-2013-81560,Second Class,Standard Class
CA-2013-113551,First Class,Second Class
IN-2012-33813,Standard Class,Second Class
ID-2013-34989,Second Class,Standard Class
ES-2013-1787717,Second Class,Second Class
ES-2013-2966180,Standard Class,Standard Class
CA-2014-148411,First Class,First Class
IN-2014-19274,First Class,Standard Class
CA-2014-123967,Second Class,Standard Class
ES-2014-4438910,Standard Class,Standard Class
ES-2014-2818758,Same Day,First Class
BO-2012-7320,Standard Class,Standard Class
ID-2011-58250,Standard Class,Standard Class
EG-2013-3220,Second Class,Standard Class
ID-2012-17601,First Class,Second Class
ES-2012-1762599,First Class,Second Class
CA-2011-130449,First Class,First Class
IN-2013-67938,Standard Class,Standard Class
ES-2011-2251272,Second Class,Standard Class
IN-2014-12911,Standard Class,Second Class
CA-2014-119004,Standard Class,Standard Class
IN-2012-33064,Standard Class,Standard Class
ES-2014-4417507,Standard Class,Standard Class
ES-2013-5488008,Standard Class,Standard Class
CA-2014-100524,Second Class,Second Class
IN-2013-28304,Standard Class,Standard Class
CA-2013-162390,Standard Class,Standard Class
ID-2011-35633,Standard Class,Standard Class
CA-2011-110639,Same Day,Same Day
IN-2011-33414,Standard Class,Standard Class
ID-2014-27163,Second Class,Same Day
ES-2012-4632904,Standard Class,Standard Class
CA-2013-144400,Standard Class,Second Class
IN-2014-15767,Standard Class,Second Class
IT-2011-3977380,Standard Class,First Class
IN-2013-83289,Standard Class,Standard Class
CA-2011-168158,Standard Class,Standard Class
CA-2014-117443,Second Class,First Class
IN-2011-23712,Second Class,Standard Class
IT-2011-3659171,Standard Class,Standard Class
CM-2011-5640,Standard Class,Standard Class
IT-2012-1319120,Standard Class,Standard Class
IN-2013-83688,Standard Class,Second Class
IN-2014-44012,Second Class,Second Class
IT-2011-4771701,Second Class,Second Class
EG-2014-670,Same Day,Standard Class
CA-2013-112102,Standard Class,Standard Class
IN-2013-16299,Standard Class,Standard Class
CA-2014-122175,Second Class,Standard Class
IN-2013-17699,Standard Class,Standard Class
IN-2014-37117,Standard Class,Standard Class
CA-2014-111262,Second Class,Same Day
ES-2014-3066003,Standard Class,Standard Class
ES-2012-2105894,First Class,First Class
ES-2012-3208808,First Class,First Class
IN-2012-30943,Standard Class,Standard Class
ES-2013-5941455,Second Class,Standard Class
CA-2011-100706,Second Class,Standard Class
CA-2011-124737,Standard Class,Second Class
IN-2011-30159,First Class,Second Class
ID-2014-56059,Second Class,First Class
CA-2014-129000,Second Class,Second Class
CA-2014-132262,First Class,First Class
IN-2014-61204,Standard Class,Standard Class
ID-2014-85970,Standard Class,Standard Class
ID-2014-76324,First Class,Standard Class
ES-2012-5557687,Standard Class,Standard Class
ES-2014-4030649,Second Class,First Class
CA-2012-121783,Standard Class,Standard Class
AJ-2011-4420,Same Day,First Class
ID-2013-73993,Standard Class,Standard Class
ES-2011-1974768,Standard Class,Standard Class
IN-2013-62030,Same Day,First Class
CA-2014-166093,Standard Class,Standard Class
IN-2014-31370,Standard Class,Standard Class
BU-2014-2850,Same Day,First Class
IN-2012-24146,First Class,Same Day
ID-2011-66475,Standard Class,Standard Class
IN-2011-29781,Standard Class,Standard Class
IN-2012-21507,Second Class,Second Class
CA-2013-110009,Standard Class,Standard Class
GV-2014-9540,Standard Class,Standard Class
IN-2012-48842,Standard Class,Standard Class
IN-2011-53658,First Class,First Class
ID-2011-73482,First Class,First Class
ES-2014-3810974,Standard Class,Standard Class
CA-2014-111262,Second Class,Same Day
ID-2012-39224,Standard Class,Standard Class
ES-2013-3420934,First Class,Second Class
CA-2013-111941,Second Class,Second Class
ES-2014-4722906,Standard Class,Second Class
IN-2012-31349,Same Day,Second Class
ES-2013-2522918,First Class,Second Class
IN-2012-86852,Standard Class,Second Class
EG-2013-8830,Standard Class,Standard Class
ID-2011-66412,Standard Class,Standard Class
IN-2013-67364,Standard Class,Standard Class
CA-2014-112725,Standard Class,Standard Class
CA-2013-129126,Standard Class,Standard Class
ES-2012-4959766,Second Class,First Class
CA-2013-151148,Same Day,Standard Class
AU-2012-9900,First Class,First Class
CA-2013-165316,Standard Class,First Class
CA-2012-139164,Standard Class,Standard Class
IN-2013-45692,Second Class,Second Class
ES-2012-4070273,Standard Class,Standard Class
CA-2013-103709,Standard Class,Standard Class
ES-2014-4112364,Standard Class,Standard Class
IN-2013-55205,First Class,Standard Class
CA-2013-2900,Standard Class,Standard Class
IN-2012-73006,Second Class,Standard Class
CA-2014-132346,Standard Class,Standard Class
ES-2011-5644297,First Class,First Class
ES-2012-2878323,Standard Class,Standard Class
IN-2012-83254,Standard Class,Standard Class
ID-2013-59244,Standard Class,Standard Class
CG-2014-4740,Standard Class,Standard Class
IN-2012-10986,Standard Class,Standard Class
ID-2014-33134,Standard Class,Standard Class
ID-2013-23845,Standard Class,Standard Class
CA-2013-169943,Standard Class,Standard Class
IT-2012-1252410,Second Class,First Class
IN-2011-44803,First Class,Second Class
CA-2012-104941,Standard Class,Standard Class
IN-2013-37796,Standard Class,Standard Class
IT-2012-1188964,Standard Class,Standard Class
ID-2011-83695,First Class,First Class
CA-2013-164511,Standard Class,Standard Class
CG-2012-4900,Standard Class,Standard Class
ES-2014-3388526,Same Day,Second Class
ES-2013-4441922,Standard Class,Standard Class
CA-2013-104969,Standard Class,Standard Class
CA-2014-135167,Standard Class,Standard Class
CA-2014-5120,Second Class,Standard Class
IN-2013-60931,Same Day,First Class
ES-2014-2039034,Standard Class,Standard Class
ES-2014-3571679,Standard Class,Standard Class
ES-2013-3667448,Standard Class,Standard Class
ID-2013-80552,Standard Class,Standard Class
ES-2013-3250735,Standard Class,Standard Class
CA-2012-137974,First Class,Standard Class
ES-2011-2009539,Second Class,Second Class
IN-2014-50473,First Class,First Class
ES-2013-5780552,Second Class,Standard Class
ES-2013-4847870,Second Class,Standard Class
ES-2013-5379148,Standard Class,Standard Class
CA-2014-133095,Same Day,First Class
ID-2012-86523,Second Class,Standard Class
ES-2014-5444511,Standard Class,Standard Class
IN-2013-41079,Second Class,Standard Class
CA-2014-145877,Second Class,Second Class
ES-2012-4825433,Same Day,First Class
CA-2013-125738,Standard Class,Second Class
CA-2014-124205,Standard Class,First Class
CA-2014-5050,Standard Class,Second Class
CA-2014-102099,First Class,Standard Class
ES-2011-4314394,Standard Class,Standard Class
IN-2012-81623,Standard Class,Standard Class
CA-2014-142867,Standard Class,Standard Class
CA-2014-105410,First Class,First Class
EG-2014-4970,Same Day,Second Class
IN-2012-44194,First Class,First Class
IN-2012-36053,Standard Class,Standard Class
ES-2014-5705147,Standard Class,Standard Class
IN-2011-43585,Second Class,Standard Class
ID-2013-71137,Standard Class,Standard Class
IN-2014-32665,Standard Class,Second Class
IT-2011-5340302,Standard Class,Standard Class
CA-2011-142048,First Class,First Class
ES-2012-1361094,Standard Class,Standard Class
CA-2012-152891,Standard Class,Standard Class
ES-2014-2318279,Second Class,Standard Class
ES-2013-3286671,Standard Class,Standard Class
IN-2012-12162,First Class,First Class
IT-2011-4770705,Standard Class,Standard Class
ES-2013-4637759,First Class,First Class
ES-2014-2434348,Standard Class,Second Class
IN-2014-82953,Same Day,First Class
CA-2014-148320,Standard Class,Standard Class
IN-2012-57823,Standard Class,Standard Class
IN-2013-57774,Standard Class,Standard Class
ES-2011-5185093,Standard Class,Standard Class
IN-2011-40155,Standard Class,Standard Class
IN-2012-29228,Standard Class,Standard Class
CA-2012-124450,Standard Class,Standard Class
IT-2011-1765076,Same Day,First Class
CA-2013-145982,Second Class,Standard Class
ID-2012-26778,Standard Class,Standard Class
ES-2014-5329048,Standard Class,Standard Class
ES-2014-5160531,Standard Class,Standard Class
IN-2012-74168,Standard Class,Standard Class
ES-2014-4443552,Standard Class,Standard Class
IN-2011-20639,Standard Class,Standard Class
ES-2014-2479976,Second Class,Standard Class
ID-2014-10076,Standard Class,Standard Class
ES-2013-5742886,Standard Class,Standard Class
ID-2012-63430,Standard Class,Standard Class
CA-2013-154403,Standard Class,Standard Class
ES-2014-2375662,Second Class,Second Class
IN-2011-51271,Standard Class,Second Class
IN-2013-12092,Standard Class,Standard Class
ES-2013-4015722,Second Class,Second Class
CA-2014-161592,Standard Class,Standard Class
CA-2014-112844,Second Class,Second Class
CA-2013-157714,Second Class,Standard Class
ID-2011-69716,Second Class,Second Class
IN-2013-60364,Standard Class,Standard Class
ES-2013-4467445,Standard Class,Standard Class
ID-2014-40372,Standard Class,Standard Class
IN-2013-53763,Standard Class,Standard Class
CA-2012-163181,Standard Class,Standard Class
CA-2014-108553,Standard Class,Second Class
CA-2013-165330,Same Day,First Class
IN-2011-51964,First Class,First Class
IN-2014-64529,Second Class,Standard Class
IN-2013-16544,Standard Class,Standard Class
CA-2011-124478,Standard Class,Second Class
CA-2014-109085,First Class,First Class
ES-2014-5199878,Same Day,First Class
ID-2012-69954,First Class,First Class
BO-2014-1160,Second Class,First Class
ES-2014-5474746,Same Day,Standard Class
CA-2012-157028,Standard Class,Standard Class
CA-2013-142097,Standard Class,Standard Class
ES-2013-1756896,Standard Class,Standard Class
IT-2012-4005393,Second Class,Standard Class
CA-2012-130785,Standard Class,Standard Class
CA-2013-153157,First Class,First Class
ES-2014-5374606,First Class,First Class
EG-2014-5820,Same Day,Second Class
CA-2011-163419,Second Class,Second Class
IN-2014-66965,Standard Class,Standard Class
IN-2014-61869,Standard Class,Standard Class
ES-2011-1881074,Standard Class,Standard Class
ES-2011-3948308,Second Class,Second Class
ES-2013-3105987,Standard Class,Standard Class
CA-2011-166086,Standard Class,Standard Class
CA-2014-148446,Second Class,Standard Class
CA-2013-123533,Standard Class,Standard Class
ES-2011-5338028,Second Class,Second Class
CA-2013-165918,Standard Class,Second Class
IN-2012-80783,Second Class,Standard Class
HU-2013-1550,Second Class,Same Day
IN-2012-75904,First Class,First Class
ES-2013-4510356,Second Class,Standard Class
ES-2014-5574162,Second Class,Standard Class
ID-2014-54687,First Class,Same Day
IN-2013-61288,Standard Class,Standard Class
ES-2011-3248922,Second Class,First Class
ID-2012-64655,Standard Class,Standard Class
ES-2011-2886437,First Class,Standard Class
ES-2011-3321216,Standard Class,Standard Class
ID-2013-69534,Second Class,Standard Class
IN-2013-42731,Standard Class,Standard Class
AO-2013-7170,Standard Class,Standard Class
IT-2011-3410434,Standard Class,Second Class
IN-2011-26946,Standard Class,First Class
ES-2012-1556733,Standard Class,Standard Class
CG-2012-7200,Standard Class,Second Class
CG-2012-9200,First Class,Second Class
IT-2012-3605163,Standard Class,Standard Class
IN-2012-10902,Standard Class,Standard Class
CA-2014-102204,Standard Class,Standard Class
CA-2011-130428,Same Day,First Class
ES-2013-1812049,Second Class,First Class
ES-2013-1222056,Standard Class,Standard Class
IN-2012-15830,Second Class,First Class
CA-2014-131618,First Class,First Class
ES-2013-4851162,Second Class,Second Class
AL-2014-8450,Second Class,Standard Class
IN-2014-60840,First Class,Standard Class
ID-2013-80314,Same Day,Standard Class
CA-2014-158407,Standard Class,Standard Class
IN-2012-29522,Same Day,First Class
ID-2012-71858,Standard Class,Standard Class
CA-2014-104136,Second Class,Standard Class
CA-2012-119942,First Class,Standard Class
ES-2014-1398657,Standard Class,Standard Class
ES-2011-1466305,Standard Class,Standard Class
ES-2013-5671907,Standard Class,Standard Class
CA-2014-164168,Standard Class,Standard Class
CA-2012-119879,Standard Class,Standard Class
ES-2014-1694278,First Class,Same Day
IN-2011-70402,Standard Class,Standard Class
ES-2014-1839297,Standard Class,Standard Class
ES-2014-2538638,Second Class,Second Class
CA-2011-135090,Standard Class,Second Class
ES-2013-1948810,First Class,First Class
CA-2011-167850,Standard Class,Standard Class
CA-2014-167640,Standard Class,Second Class
IN-2014-86096,Standard Class,Standard Class
CA-2013-150889,Second Class,Same Day
ES-2014-3451249,First Class,First Class
CA-2013-127775,Second Class,First Class
IN-2012-29228,Standard Class,Standard Class
CA-2014-116855,Standard Class,Standard Class
IN-2011-22249,Standard Class,Second Class
ID-2012-16257,Standard Class,Standard Class
ES-2014-2505511,Second Class,First Class
IN-2012-44194,First Class,Standard Class
CA-2011-129364,Standard Class,Standard Class
IT-2012-5228062,Standard Class,Standard Class
IN-2014-28675,Standard Class,Standard Class
IN-2014-36431,Second Class,Standard Class
ID-2011-41058,Standard Class,Standard Class
CA-2011-108147,Standard Class,Standard Class
ES-2011-3947498,Standard Class,Standard Class
CA-2013-127236,Standard Class,First Class
CA-2014-133928,Standard Class,Standard Class
IN-2012-72229,Second Class,Standard Class
IN-2012-54358,Second Class,Standard Class
IN-2014-41093,Second Class,Second Class
IN-2013-37628,Second Class,First Class
CA-2012-148873,Standard Class,Standard Class
IN-2014-60413,Standard Class,Standard Class
IN-2014-10258,Standard Class,Second Class
BU-2012-7980,Second Class,Second Class
CA-2014-137498,Second Class,Standard Class
CA-2014-167640,Standard Class,Standard Class
CA-2013-165848,Same Day,Standard Class
IN-2013-31083,Standard Class,Standard Class
ID-2014-51873,Standard Class,Standard Class
CA-2011-120768,Second Class,Standard Class
IN-2013-34506,Standard Class,Standard Class
IN-2014-34723,Standard Class,Standard Class
CA-2011-126200,Standard Class,Standard Class
IN-2013-81021,First Class,Same Day
CA-2014-168123,Same Day,Standard Class
IN-2012-36088,Standard Class,Standard Class
IN-2011-39308,Standard Class,Standard Class
ID-2014-48583,Second Class,Standard Class
CA-2013-107216,First Class,First Class
CA-2012-117772,Second Class,Standard Class
CA-2012-149713,Second Class,Standard Class
IN-2011-81826,First Class,Second Class
IN-2014-74987,Second Class,Standard Class
IN-2012-27975,Standard Class,First Class
ES-2014-2965756,Second Class,Standard Class
ES-2012-2332844,Standard Class,Standard Class
IN-2014-43382,Second Class,Second Class
ID-2014-27765,First Class,First Class
CA-2013-123617,Standard Class,Standard Class
ES-2012-3075381,Second Class,Second Class
ID-2014-35073,First Class,Standard Class
IN-2012-40253,Standard Class,Standard Class
IN-2014-58635,Standard Class,Standard Class
CA-2011-6800,First Class,First Class
IN-2014-44334,Standard Class,Standard Class
CA-2013-129280,First Class,First Class
ID-2011-77619,First Class,First Class
IN-2013-74329,Standard Class,Standard Class
CA-2013-167241,Standard Class,Standard Class
IN-2013-30929,Standard Class,Standard Class
ID-2011-21402,Second Class,Second Class
ES-2011-4178211,Standard Class,Second Class
IN-2012-64872,Same Day,First Class
ID-2014-65754,Standard Class,Standard Class
EG-2014-9160,Standard Class,First Class
IN-2012-45972,Standard Class,Standard Class
CA-2011-110219,First Class,Standard Class
EZ-2013-8910,Second Class,First Class
CA-2012-105102,Second Class,Standard Class
CA-2013-167556,Standard Class,Standard Class
IT-2011-3896198,Standard Class,Standard Class
CA-2014-138975,Standard Class,Standard Class
IN-2014-48982,Second Class,Second Class
ES-2014-2301611,Standard Class,Standard Class
CA-2012-149587,Second Class,Standard Class
IT-2011-2396037,Standard Class,Standard Class
IN-2012-85480,First Class,Second Class
CA-2013-126732,Standard Class,Standard Class
IN-2011-56213,Second Class,Standard Class
CA-2013-116526,Standard Class,Standard Class
CA-2013-106397,Standard Class,Standard Class
IN-2012-33218,Second Class,Standard Class
ES-2013-1874662,Standard Class,Standard Class
IN-2012-14724,First Class,Standard Class
EZ-2014-2460,Standard Class,Standard Class
IN-2011-18959,Standard Class,Standard Class
IR-2014-1430,Standard Class,Standard Class
IN-2013-40050,First Class,First Class
CA-2013-157266,Standard Class,Standard Class
IN-2012-53042,Second Class,First Class
CA-2013-137176,Second Class,Standard Class
ES-2012-2859554,First Class,Standard Class
CA-2013-146521,Second Class,Standard Class
ID-2014-38027,First Class,First Class
ES-2014-5527878,Standard Class,Standard Class
ES-2012-4319979,First Class,First Class
CA-2012-133242,Standard Class,Standard Class
CA-2013-166240,Standard Class,Standard Class
ES-2014-3424970,First Class,Second Class
ES-2014-3273293,Standard Class,Standard Class
CA-2014-155824,Standard Class,Standard Class
IN-2012-18588,Second Class,Standard Class
IN-2014-47036,Standard Class,Standard Class
IT-2011-2403893,Second Class,Same Day
ES-2014-1386555,Standard Class,Standard Class
ES-2013-3382466,Standard Class,Standard Class
CA-2013-109722,Second Class,First Class
IN-2013-35024,Same Day,Standard Class
CA-2014-3540,Standard Class,Second Class
ES-2013-2493030,Standard Class,Standard Class
CA-2014-131618,First Class,Same Day
IN-2012-67490,Standard Class,Standard Class
CA-2013-145730,Standard Class,Standard Class
IN-2014-32266,Second Class,Standard Class
CA-2013-163174,Standard Class,Second Class
IN-2013-17566,Standard Class,Standard Class
IN-2012-66580,First Class,First Class
CA-2014-125745,Standard Class,Standard Class
IN-2014-24447,First Class,Same Day
CA-2011-120544,Standard Class,Second Class
ID-2013-35948,Standard Class,Standard Class
CA-2011-131450,Standard Class,Standard Class
IN-2014-29270,Standard Class,Standard Class
IN-2013-71193,Standard Class,Standard Class
CA-2012-130855,Standard Class,Standard Class
IT-2011-5015979,Standard Class,Standard Class
IN-2014-31356,Standard Class,First Class
ID-2012-47995,First Class,Second Class
ID-2011-19512,Second Class,Standard Class
AE-2014-4120,Standard Class,Standard Class
CA-2011-134215,Standard Class,Standard Class
ID-2013-52594,Standard Class,Standard Class
IN-2012-82918,Standard Class,Standard Class
ES-2011-3906248,Standard Class,Second Class
IN-2012-49220,Second Class,First Class
ID-2013-18833,Second Class,Standard Class
IT-2011-5718509,Second Class,Standard Class
CA-2011-151162,Standard Class,Standard Class
ES-2014-5688470,First Class,First Class
IN-2012-51173,Standard Class,Second Class
CA-2012-154291,Standard Class,Standard Class
IN-2014-32000,Standard Class,Standard Class
ES-2014-3553827,Standard Class,Standard Class
CA-2014-5120,Second Class,Standard Class
ES-2014-5375749,First Class,First Class
ES-2013-2316903,Standard Class,Standard Class
IN-2011-72614,Second Class,Standard Class
IN-2014-56696,Same Day,First Class
IN-2012-30964,Standard Class,Standard Class
ES-2014-2421154,Same Day,First Class
ES-2014-1429134,Standard Class,Standard Class
IN-2014-56696,Same Day,First Class
IN-2013-16390,Second Class,First Class
IN-2012-59188,Standard Class,Standard Class
CA-2014-117261,Standard Class,Standard Class
CA-2014-102771,Standard Class,Standard Class
CA-2013-140382,Second Class,Second Class
ES-2014-2629745,Standard Class,Standard Class
EG-2012-6410,Second Class,Second Class
CA-2014-148404,Standard Class,Standard Class
IN-2012-60119,Standard Class,Second Class
IN-2011-45048,Standard Class,Standard Class
ES-2014-2949307,Second Class,First Class
CA-2014-100601,Standard Class,Standard Class
ES-2013-2624531,First Class,First Class
CA-2012-120845,Standard Class,Standard Class
CA-2014-135279,First Class,Second Class
IN-2014-42808,Standard Class,Standard Class
ES-2014-2057259,First Class,Standard Class
ES-2014-5291112,First Class,First Class
CA-2014-160962,Standard Class,Standard Class
ID-2013-15837,First Class,First Class
IN-2014-73447,Standard Class,Standard Class
ES-2011-3749098,Standard Class,Standard Class
IN-2013-46091,Standard Class,Standard Class
IN-2014-19904,Standard Class,Standard Class
CA-2013-132479,First Class,First Class
CA-2011-126683,Second Class,Second Class
ID-2013-14087,Standard Class,Standard Class
ES-2013-5488008,Standard Class,Standard Class
CA-2014-162481,Standard Class,Second Class
IN-2012-64403,Standard Class,Standard Class
CG-2013-6800,Standard Class,Standard Class
CA-2014-850,Standard Class,Standard Class
CA-2012-151624,Standard Class,Standard Class
CA-2011-140403,Same Day,First Class
CA-2014-142636,Standard Class,Standard Class
AG-2014-3710,Second Class,Second Class
ES-2014-2478031,Standard Class,Second Class
CA-2014-108322,Standard Class,Standard Class
ES-2011-2377967,Standard Class,Standard Class
IN-2011-77892,Standard Class,Standard Class
CA-2012-147788,Standard Class,Standard Class
IN-2013-35388,Standard Class,Standard Class
CA-2013-113733,Standard Class,Standard Class
ID-2012-24825,Standard Class,Second Class
IN-2014-54582,Standard Class,Standard Class
CA-2012-132388,First Class,First Class
IN-2013-60378,Standard Class,Standard Class
ID-2014-29004,Second Class,Second Class
ES-2012-2223892,First Class,Second Class
CA-2014-100230,Standard Class,Standard Class
CA-2011-126480,Standard Class,Standard Class
ES-2012-3438393,Standard Class,Second Class
ID-2013-57333,Second Class,Second Class
IN-2014-68617,Standard Class,Standard Class
IN-2012-48240,Second Class,First Class
CA-2013-149965,Standard Class,Second Class
IN-2014-62709,Second Class,Second Class
CA-2012-100685,Second Class,Second Class
CA-2014-163860,Standard Class,First Class
CA-2014-120999,Standard Class,Standard Class
IN-2013-83457,Standard Class,Standard Class
ES-2014-5679681,Standard Class,Standard Class
ES-2012-5808020,Second Class,First Class
IR-2014-6230,Second Class,Second Class
IN-2012-24230,Second Class,Standard Class
ID-2012-75316,Standard Class,Standard Class
ID-2014-69023,Standard Class,Same Day
IN-2014-36431,Second Class,Standard Class
ID-2011-35885,Standard Class,Standard Class
ID-2014-23201,Standard Class,Standard Class
ID-2011-72894,First Class,First Class
ES-2012-2268105,First Class,Standard Class
CA-2013-162187,Same Day,Same Day
IN-2012-82841,Same Day,First Class
ID-2014-26008,Standard Class,Standard Class
CA-2014-159282,Standard Class,Standard Class
IN-2012-62688,Standard Class,Standard Class
CA-2011-112403,Same Day,Standard Class
ES-2014-2524646,Standard Class,Standard Class
CG-2011-7070,Same Day,First Class
ES-2014-2882418,Standard Class,Standard Class
ES-2014-4799283,Standard Class,Standard Class
IN-2013-59160,Same Day,Second Class
IN-2013-66860,Standard Class,Standard Class
ES-2013-1099419,Standard Class,Standard Class
IR-2013-390,Same Day,First Class
IT-2011-2803139,Second Class,First Class
ES-2014-3754715,Standard Class,Standard Class
ES-2014-3405973,Second Class,Second Class
ES-2011-2566881,Same Day,First Class
ID-2014-55226,Standard Class,Standard Class
IN-2013-63717,Standard Class,Standard Class
CA-2013-101791,Standard Class,Standard Class
IN-2013-86754,Standard Class,Standard Class
CA-2012-142237,First Class,Same Day
ID-2013-30544,First Class,Standard Class
ES-2013-4817383,Standard Class,Standard Class
ES-2013-5160720,Second Class,Standard Class
CA-2014-108000,Standard Class,Standard Class
CA-2013-149314,Second Class,Standard Class
ID-2012-34884,Standard Class,Standard Class
IN-2012-84808,Standard Class,Standard Class
IN-2011-83583,Standard Class,Standard Class
IR-2012-9800,Standard Class,Standard Class
CA-2014-134096,Standard Class,Standard Class
IN-2014-39077,Standard Class,Same Day
CG-2014-1560,Standard Class,Second Class
CA-2012-164882,Same Day,First Class
CA-2012-119291,First Class,Standard Class
ES-2011-4237527,First Class,First Class
ID-2012-46210,Standard Class,Second Class
CA-2011-102673,Standard Class,Standard Class
ID-2011-50991,Standard Class,Standard Class
IN-2011-27702,Standard Class,Standard Class
CA-2012-113173,Second Class,Standard Class
IN-2011-33183,Second Class,Standard Class
IN-2014-69856,Standard Class,Standard Class
ES-2013-3223736,Standard Class,Standard Class
ES-2013-4700994,Standard Class,Standard Class
IN-2014-78816,Standard Class,Standard Class
CA-2013-140928,Standard Class,Standard Class
ES-2011-3862536,Same Day,First Class
ID-2014-52902,First Class,Standard Class
ES-2014-1282315,First Class,Second Class
ES-2013-1505656,Standard Class,Standard Class
IN-2014-41212,First Class,First Class
IN-2013-62205,First Class,First Class
IN-2014-61414,Standard Class,Standard Class
ID-2013-45650,Standard Class,Second Class
IN-2014-73258,Same Day,First Class
CA-2014-162173,Standard Class,Standard Class
CA-2011-159709,Standard Class,Standard Class
ES-2014-3319612,Standard Class,Standard Class
CA-2011-113047,Same Day,First Class
IN-2013-69128,Standard Class,Standard Class
ES-2014-5119760,First Class,First Class
ID-2012-38972,Second Class,Second Class
CA-2012-148635,Second Class,Same Day
ES-2012-2006883,First Class,Standard Class
IR-2014-2140,Second Class,Second Class
CA-2013-106278,Second Class,Standard Class
CA-2011-133158,Second Class,Second Class
ES-2014-5326009,First Class,Same Day
IR-2014-1860,Standard Class,Second Class
IN-2013-37929,Second Class,First Class
IN-2013-80594,Standard Class,Standard Class
IN-2013-78606,Standard Class,Standard Class
CA-2013-165995,Standard Class,Standard Class
ES-2013-1299121,Same Day,First Class
ID-2011-56129,Standard Class,Second Class
ES-2014-5395911,Standard Class,Same Day
CA-2014-100811,First Class,Standard Class
IN-2013-22746,Second Class,Standard Class
IN-2014-61967,Standard Class,Standard Class
ID-2014-72110,Standard Class,Standard Class
IN-2013-31678,Standard Class,Standard Class
CA-2014-134194,Standard Class,Standard Class
IN-2014-39105,Standard Class,Second Class
HU-2012-7730,First Class,Second Class
ES-2014-1277554,Standard Class,Standard Class
IN-2012-29046,Second Class,First Class
AG-2011-500,Standard Class,Standard Class
CA-2011-131387,First Class,Standard Class
ID-2012-70843,Second Class,Standard Class
CA-2012-144806,Standard Class,Standard Class
IT-2012-3839768,Standard Class,Second Class
CA-2014-128363,Standard Class,Standard Class
ES-2014-3775925,Second Class,Standard Class
ID-2014-46714,Standard Class,Standard Class
ES-2014-1282315,First Class,First Class
CA-2013-162355,Second Class,Second Class
ES-2012-2314672,Same Day,First Class
CA-2012-136735,Standard Class,Standard Class
CA-2012-167374,Second Class,Standard Class
CA-2011-119172,Standard Class,Standard Class
ES-2012-5238758,Standard Class,Standard Class
CA-2011-138527,Standard Class,Standard Class
ES-2012-2634073,Standard Class,Standard Class
CA-2013-113292,Second Class,Standard Class
CA-2013-157280,First Class,First Class
IN-2012-59433,First Class,First Class
IN-2011-39203,Second Class,Standard Class
CA-2013-126529,Second Class,Same Day
CA-2013-157749,Second Class,First Class
CA-2014-140872,Standard Class,Standard Class
ID-2014-65824,Standard Class,Standard Class
ES-2014-3157402,Standard Class,Standard Class
CA-2014-133256,First Class,First Class
CA-2013-120873,Second Class,Standard Class
CA-2013-168081,Second Class,Standard Class
CA-2014-156776,Standard Class,Second Class
CA-2011-111059,Second Class,Second Class
ES-2013-2335105,First Class,First Class
ES-2012-3231769,Same Day,First Class
CA-2013-163804,Standard Class,Standard Class
IN-2012-30145,Second Class,Standard Class
ID-2014-35836,Standard Class,Second Class
IN-2013-14535,Standard Class,Standard Class
CA-2013-110492,First Class,Second Class
IN-2013-69051,Standard Class,Standard Class
IN-2012-27072,Standard Class,Standard Class
ES-2011-5389104,Standard Class,First Class
IN-2014-17384,First Class,First Class
CA-2011-160766,Same Day,Same Day
ES-2014-3430575,Second Class,Standard Class
CA-2014-157196,Standard Class,Standard Class
CA-2012-118738,Standard Class,Standard Class
IN-2013-28731,Standard Class,Standard Class
ES-2014-3168055,First Class,Standard Class
IN-2013-70283,Second Class,Second Class
ES-2014-2769035,Standard Class,Second Class
ES-2012-4138789,Standard Class,Standard Class
CA-2012-142475,Standard Class,Standard Class
CA-2013-9030,Standard Class,Standard Class
IN-2014-33498,Standard Class,Standard Class
IR-2013-9360,Standard Class,Standard Class
IN-2013-31167,Standard Class,Standard Class
CA-2011-130673,Second Class,Same Day
CA-2014-122539,Standard Class,Standard Class
ES-2012-1536321,Standard Class,Standard Class
IN-2011-19330,Second Class,Second Class
IN-2012-67735,Second Class,Standard Class
IN-2014-56108,Standard Class,Standard Class
CA-2013-169334,Second Class,Standard Class
ES-2013-3657887,Standard Class,Standard Class
ES-2014-3977451,Standard Class,Standard Class
CA-2014-139304,Standard Class,Standard Class
CA-2012-134782,Standard Class,Standard Class
ES-2014-1933744,Standard Class,Standard Class
IT-2011-2516674,Standard Class,Standard Class
ES-2013-5345443,Standard Class,Standard Class
CA-2013-157511,First Class,First Class
CA-2012-153752,Second Class,Standard Class
IN-2012-43165,Standard Class,Standard Class
ID-2013-64060,Standard Class,Standard Class
CA-2012-132486,Second Class,First Class
CA-2012-149300,First Class,Standard Class
IT-2011-5348771,Standard Class,Standard Class
ID-2013-80279,First Class,Standard Class
CA-2014-133046,Second Class,Standard Class
ES-2012-1712951,Standard Class,Standard Class
CA-2013-113831,Standard Class,Standard Class
ID-2014-57368,Standard Class,Standard Class
IN-2013-18707,Standard Class,Second Class
ES-2014-5297510,Standard Class,Standard Class
AG-2011-380,Standard Class,Standard Class
ES-2013-1299501,Standard Class,Standard Class
IT-2012-3091951,Standard Class,Second Class
IN-2012-40603,Same Day,Standard Class
ES-2013-5668540,Standard Class,Standard Class
CM-2011-7200,Standard Class,Second Class
IT-2011-3708838,Standard Class,Standard Class
ID-2012-40176,Standard Class,Standard Class
ES-2013-3293691,Standard Class,Standard Class
IN-2014-27303,Standard Class,Standard Class
CG-2013-2610,Standard Class,Standard Class
CA-2014-115119,Standard Class,Standard Class
CA-2013-134691,Standard Class,Standard Class
AG-2012-1940,Standard Class,Second Class
IN-2013-72901,Second Class,Second Class
BO-2014-8490,Same Day,Second Class
ES-2012-3778678,First Class,Second Class
IN-2012-78886,Second Class,Standard Class
IT-2012-5509380,Standard Class,Standard Class
IN-2014-75470,Second Class,First Class
IN-2014-47806,Second Class,Standard Class
CA-2012-137064,Standard Class,Standard Class
IN-2012-37362,Standard Class,Standard Class
CA-2013-133550,Standard Class,Standard Class
EZ-2011-7050,Standard Class,Second Class
ES-2011-5158527,Standard Class,First Class
IN-2011-12554,Standard Class,Standard Class
EG-2014-4200,Standard Class,Standard Class
IN-2014-56962,Second Class,Second Class
ES-2013-5716863,Standard Class,Standard Class
ES-2014-5891109,Second Class,Standard Class
ES-2012-5011384,Second Class,Standard Class
ES-2012-3290357,Standard Class,Standard Class
IN-2011-38965,Second Class,Second Class
CA-2013-156503,Standard Class,Standard Class
CA-2011-109302,Standard Class,Standard Class
CA-2013-112025,Standard Class,Standard Class
ES-2011-3995423,First Class,First Class
ES-2013-3297532,Second Class,Standard Class
ES-2014-2710870,First Class,First Class
IR-2013-7350,Standard Class,Same Day
ID-2013-22725,Standard Class,Second Class
CA-2011-121762,Standard Class,Standard Class
IN-2013-17671,Same Day,Second Class
IN-2013-37628,Second Class,Standard Class
IN-2014-71417,Second Class,First Class
IT-2012-5509380,Standard Class,Standard Class
ID-2014-64830,First Class,First Class
ES-2012-5284545,Standard Class,Standard Class
CA-2012-143105,Same Day,First Class
CA-2011-127166,Second Class,Same Day
IN-2014-66888,Standard Class,Standard Class
ES-2014-5706242,Standard Class,Standard Class
IN-2011-40568,Second Class,Second Class
IN-2012-47757,Second Class,Standard Class
CA-2013-129308,Standard Class,Standard Class
IN-2011-85284,Standard Class,Standard Class
ID-2011-77906,Same Day,First Class
CA-2013-112256,Standard Class,Standard Class
CA-2012-139584,Standard Class,Second Class
ID-2012-66111,First Class,First Class
CA-2013-118178,Standard Class,Standard Class
CA-2014-133718,First Class,First Class
ID-2013-13625,Standard Class,Standard Class
IN-2011-37019,Standard Class,Standard Class
CA-2013-160535,Standard Class,Second Class
CA-2014-109757,Second Class,Standard Class
IN-2014-14374,Standard Class,Second Class
ES-2012-4160852,Second Class,Standard Class
IN-2012-69072,Standard Class,Standard Class
IN-2014-66853,Second Class,Standard Class
ES-2012-2510515,Same Day,First Class
IN-2012-39007,Standard Class,Standard Class
IN-2014-84969,Standard Class,Standard Class
CG-2012-3820,Standard Class,Second Class
ID-2011-34037,Same Day,Standard Class
IN-2012-37411,Second Class,Standard Class
ES-2014-4308323,First Class,Second Class
IN-2013-73608,Second Class,First Class
ID-2013-37495,First Class,First Class
CA-2012-135622,Second Class,Standard Class
IN-2011-49276,Second Class,Standard Class
ID-2014-13940,Second Class,Second Class
ID-2011-30922,Standard Class,Standard Class
IN-2014-77941,Standard Class,Second Class
ID-2014-32238,Second Class,Second Class
IN-2011-51859,First Class,First Class
ES-2013-2155035,Second Class,Second Class
ES-2014-5389384,Standard Class,Standard Class
CA-2013-150350,Standard Class,Standard Class
ES-2012-3301813,Standard Class,Standard Class
ES-2011-5693005,Same Day,Standard Class
CA-2012-113131,Same Day,Second Class
IN-2012-20779,Standard Class,Standard Class
CA-2013-126732,Standard Class,Standard Class
CA-2013-8330,First Class,First Class
ES-2011-3739047,First Class,Same Day
CA-2013-100468,Standard Class,Standard Class
CA-2013-128531,Second Class,Second Class
IN-2014-51628,Second Class,Standard Class
CA-2012-130659,Second Class,Standard Class
IN-2013-34135,Standard Class,Standard Class
IN-2014-40932,Standard Class,Standard Class
CA-2011-115980,Standard Class,Standard Class
IN-2011-62037,First Class,First Class
IN-2011-34191,First Class,First Class
ID-2011-68372,Same Day,Second Class
ES-2014-1139892,Standard Class,Standard Class
AG-2013-6520,Standard Class,Standard Class
CM-2013-5360,First Class,First Class
CA-2011-153983,Standard Class,Standard Class
CA-2013-149223,Standard Class,Second Class
CA-2011-121006,Standard Class,Standard Class
ID-2012-60980,Same Day,Standard Class
IS-2011-500,Standard Class,Standard Class
CA-2012-101091,Second Class,Standard Class
ID-2013-36809,Second Class,First Class
IN-2013-51775,Standard Class,Standard Class
IN-2012-82918,Standard Class,Standard Class
IN-2012-36655,Standard Class,Standard Class
IN-2011-17202,Standard Class,Standard Class
ES-2012-3699074,Same Day,Same Day
CA-2013-102981,Second Class,Standard Class
CA-2011-144414,Standard Class,Standard Class
IN-2014-62961,Standard Class,Standard Class
IN-2014-51684,Standard Class,Standard Class
ES-2011-3072555,Standard Class,Standard Class
CA-2012-142419,Second Class,First Class
ES-2012-3530985,Standard Class,Standard Class
ES-2014-2963892,Standard Class,Standard Class
ES-2014-1006059,Standard Class,Second Class
CA-2014-163860,Standard Class,Standard Class
CA-2014-151218,First Class,Same Day
ES-2013-2911640,First Class,Second Class
IN-2013-14346,Second Class,Standard Class
IT-2011-2536577,Second Class,Standard Class
ES-2014-5501051,First Class,Standard Class
IN-2011-72467,Standard Class,Standard Class
ES-2011-4509445,Standard Class,Standard Class
IN-2014-68008,Standard Class,Standard Class
ES-2014-2332714,Second Class,Standard Class
IN-2013-49423,Standard Class,Standard Class
ES-2014-1808409,Second Class,Standard Class
IN-2012-33708,Same Day,Second Class
CA-2012-106187,Standard Class,Standard Class
CA-2014-163265,Standard Class,Standard Class
ES-2014-5249912,Standard Class,Second Class
CM-2014-400,Standard Class,Standard Class
ID-2012-58348,First Class,Second Class
CA-2011-111150,Standard Class,Standard Class
CA-2011-124856,Second Class,Second Class
CA-2013-152289,First Class,Standard Class
IN-2011-50613,Second Class,Standard Class
GH-2014-7770,Second Class,Standard Class
EG-2014-7490,Standard Class,Standard Class
CA-2011-149958,Standard Class,Standard Class
IN-2012-45909,Standard Class,Standard Class
IN-2013-52804,Standard Class,Second Class
CA-2012-169397,First Class,Second Class
CA-2012-156153,Second Class,Standard Class
IN-2012-46560,Standard Class,Standard Class
CA-2013-146325,First Class,First Class
CA-2012-101910,Standard Class,Standard Class
ES-2012-1929989,Standard Class,First Class
ES-2014-1102132,Second Class,First Class
IN-2013-73825,Standard Class,Standard Class
ES-2013-3500321,Second Class,Second Class
CA-2013-108105,Standard Class,Standard Class
CA-2013-111213,Standard Class,Standard Class
IT-2011-4648014,Standard Class,Standard Class
ES-2012-5514830,Standard Class,Standard Class
CA-2013-139234,Standard Class,Same Day
ID-2012-19386,First Class,Standard Class
IR-2014-4150,Standard Class,Second Class
CA-2014-146185,Standard Class,Standard Class
ES-2014-4299662,Standard Class,Standard Class
ES-2014-4295205,First Class,First Class
IN-2014-71235,Same Day,Standard Class
IN-2014-28192,First Class,Same Day
IN-2012-40561,Standard Class,Second Class
ES-2014-2551017,Same Day,First Class
CA-2014-106068,Standard Class,Standard Class
ES-2011-4443251,First Class,Second Class
ID-2011-41751,Standard Class,Standard Class
IN-2011-58544,Standard Class,Standard Class
IN-2014-80629,Second Class,Second Class
CA-2012-151253,Standard Class,Standard Class
ES-2014-5263546,Standard Class,Standard Class
IN-2014-64396,Standard Class,Standard Class
CA-2014-161893,Standard Class,First Class
ES-2013-3499281,First Class,First Class
CA-2011-130421,Standard Class,Standard Class
CA-2013-164770,Second Class,Standard Class
IN-2013-47729,Same Day,Second Class
CA-2012-137946,Second Class,Same Day
IN-2012-51810,Standard Class,Standard Class
CA-2011-120096,First Class,Same Day
ID-2013-29564,First Class,First Class
ES-2014-5229497,Second Class,Standard Class
IR-2013-5360,First Class,First Class
CA-2011-167360,Second Class,Standard Class
ES-2011-1084683,Second Class,Standard Class
CA-2013-149979,Second Class,Standard Class
IN-2013-82519,Standard Class,Standard Class
CA-2014-130386,Standard Class,Standard Class
ES-2013-1954205,First Class,Second Class
CA-2013-123946,Standard Class,Standard Class
IN-2013-26799,Standard Class,Standard Class
ES-2013-4349332,Standard Class,Standard Class
BU-2011-5830,Standard Class,Standard Class
ES-2012-5016521,Standard Class,Standard Class
IN-2014-43039,Standard Class,Standard Class
ES-2013-1424248,Standard Class,Standard Class
ES-2013-3200273,Standard Class,Second Class
CA-2011-145541,Standard Class,Standard Class
CA-2012-130253,Standard Class,Standard Class
IN-2014-18441,Standard Class,Standard Class
IN-2011-68687,Second Class,Second Class
ES-2012-3874971,Standard Class,Standard Class
IR-2012-1470,Standard Class,Standard Class
IN-2013-29676,Standard Class,Standard Class
CA-2014-3210,Standard Class,Standard Class
ES-2012-3802742,Standard Class,Standard Class
CA-2011-109218,Second Class,Standard Class
IN-2014-18889,Second Class,Second Class
CA-2011-148040,Standard Class,Standard Class
ES-2014-4418227,Second Class,Second Class
CA-2013-5920,Standard Class,Standard Class
CA-2011-122931,Standard Class,Standard Class
CA-2014-152310,Standard Class,Second Class
CA-2014-122987,Same Day,Standard Class
CA-2012-135391,Second Class,Second Class
IN-2014-56353,Second Class,Standard Class
IN-2014-27100,Standard Class,Second Class
IR-2011-9930,Standard Class,Standard Class
CA-2012-153220,First Class,Same Day
CA-2013-165848,Same Day,First Class
ES-2013-4513317,First Class,First Class
CA-2014-141747,Second Class,Standard Class
ES-2011-4240072,First Class,First Class
CA-2014-137463,Second Class,Standard Class
IN-2013-85662,Second Class,Second Class
CA-2014-127096,Second Class,Standard Class
IN-2011-73335,First Class,Second Class
ID-2013-24545,Standard Class,Standard Class
IN-2014-14780,Standard Class,Second Class
IN-2014-34653,Standard Class,Standard Class
ES-2011-5497239,Standard Class,Standard Class
CA-2014-137624,Standard Class,Standard Class
IN-2013-49318,Second Class,Standard Class
CA-2014-107748,Second Class,Standard Class
CA-2014-109960,Second Class,Standard Class
EZ-2011-4800,Standard Class,Standard Class
ES-2013-5482499,Second Class,Second Class
IN-2011-41394,Standard Class,Standard Class
CA-2012-153535,Standard Class,Standard Class
CA-2014-136623,Standard Class,Standard Class
CA-2014-108854,Standard Class,Standard Class
ID-2014-58572,Standard Class,Standard Class
CA-2013-103730,First Class,First Class
IN-2014-10566,Standard Class,Standard Class
AO-2012-3210,Standard Class,Standard Class
IN-2013-46252,Standard Class,Standard Class
ES-2013-3584378,Standard Class,Standard Class
IN-2014-80958,Standard Class,Standard Class
ES-2012-3697227,Standard Class,Standard Class
ES-2013-5755406,Standard Class,Standard Class
CA-2012-162964,Standard Class,Standard Class
IN-2014-33498,Standard Class,Standard Class
CA-2012-167745,Standard Class,Standard Class
ID-2014-37187,Standard Class,Standard Class
ES-2013-5506373,Second Class,Standard Class
CA-2014-121314,First Class,Standard Class
IT-2012-3746228,Standard Class,First Class
CA-2014-162691,Standard Class,Standard Class
ID-2013-27135,Second Class,Standard Class
IN-2012-61785,Standard Class,Second Class
IN-2013-68456,Same Day,Standard Class
IN-2011-31020,Second Class,Second Class
ES-2013-4670866,First Class,Standard Class
IT-2012-5141433,First Class,Second Class
CA-2011-6880,First Class,First Class
CA-2014-160927,Second Class,Same Day
IN-2012-81133,Standard Class,Standard Class
IN-2014-26470,Standard Class,Standard Class
IN-2014-56920,Standard Class,Standard Class
IN-2013-69121,Standard Class,Standard Class
ES-2014-3632460,Standard Class,Standard Class
IN-2012-82918,Standard Class,Standard Class
ES-2014-1656071,First Class,Second Class
ES-2011-4731879,Second Class,First Class
IN-2012-48303,Standard Class,Second Class
IN-2011-45538,Standard Class,Standard Class
ES-2013-2219250,Standard Class,Standard Class
CA-2012-144274,Second Class,Second Class
CA-2014-164707,Second Class,Standard Class
IN-2011-31692,Second Class,Same Day
HU-2011-1380,Same Day,First Class
IN-2014-64410,Standard Class,Standard Class
CA-2011-118276,Standard Class,Standard Class
ID-2012-12519,First Class,First Class
ES-2012-1760393,Standard Class,Standard Class
ID-2014-35836,Standard Class,Second Class
GH-2013-2810,Second Class,Standard Class
AE-2014-3830,Standard Class,Standard Class
IN-2012-47008,Standard Class,Standard Class
IR-2014-1640,Second Class,Standard Class
CA-2013-169922,Standard Class,Standard Class
CA-2013-101161,Standard Class,Standard Class
ID-2014-40358,Standard Class,Standard Class
IN-2014-69660,Standard Class,First Class
IN-2012-52524,Second Class,Second Class
IN-2014-51222,First Class,Standard Class
ID-2012-72558,Standard Class,Standard Class
ES-2013-4374499,Standard Class,Standard Class
CA-2014-166128,Standard Class,Standard Class
IN-2013-53609,Standard Class,Standard Class
IN-2013-36130,Standard Class,Standard Class
IN-2012-19078,First Class,First Class
ES-2014-3931503,Standard Class,Standard Class
IN-2014-23621,Standard Class,Standard Class
IN-2011-43109,Standard Class,Standard Class
IN-2011-50641,Standard Class,Standard Class
ES-2013-4034655,Standard Class,Standard Class
ES-2013-2934598,Standard Class,Second Class
ID-2013-74357,Standard Class,Standard Class
CA-2014-164329,Same Day,Standard Class
ES-2011-2969148,Standard Class,Standard Class
ID-2013-60896,First Class,First Class
CA-2013-165330,Same Day,Same Day
CA-2011-104738,Second Class,First Class
IN-2012-21234,Standard Class,Second Class
ES-2013-4301750,First Class,First Class
HU-2011-1380,Same Day,First Class
CA-2013-162236,Second Class,First Class
CA-2012-156755,Standard Class,Standard Class
CA-2011-104563,Standard Class,Standard Class
ES-2014-3147119,Standard Class,Second Class
CA-2012-164084,Standard Class,Standard Class
ES-2013-4242041,Standard Class,Standard Class
IN-2014-84843,Standard Class,Standard Class
CA-2014-139787,Standard Class,Standard Class
EG-2014-5430,Standard Class,Standard Class
CA-2013-157749,Second Class,Standard Class
IN-2014-44152,Second Class,First Class
ES-2014-5781303,Standard Class,Standard Class
CA-2014-145429,Standard Class,Second Class
IN-2013-64984,Second Class,Standard Class
CA-2014-6550,Second Class,First Class
EG-2013-8810,Second Class,Second Class
IN-2014-49549,Standard Class,Standard Class
CA-2011-143182,Standard Class,First Class
CA-2014-161102,First Class,Second Class
CA-2014-127705,Standard Class,Standard Class
ES-2012-1517831,Standard Class,Standard Class
ID-2014-85543,Standard Class,Standard Class
IR-2014-6800,Second Class,Standard Class
CA-2012-111164,Standard Class,Standard Class
CA-2012-169397,First Class,First Class
ES-2014-2637929,Standard Class,Second Class
CA-2011-111451,First Class,First Class
IN-2014-32665,Standard Class,Standard Class
AG-2014-2280,Standard Class,Standard Class
ES-2012-5600285,Same Day,First Class
IN-2014-41786,Standard Class,Standard Class
BO-2012-6660,Standard Class,Second Class
GG-2014-4090,Standard Class,Standard Class
CA-2014-169859,Standard Class,Standard Class
CA-2012-114300,Standard Class,Standard Class
IN-2012-56017,Second Class,Standard Class
IN-2013-22578,First Class,Standard Class
IN-2014-13331,Standard Class,Standard Class
ES-2014-5773112,Second Class,First Class
IR-2014-6100,Second Class,Standard Class
ES-2011-4919091,Second Class,Standard Class
CA-2012-111206,Standard Class,Second Class
ID-2011-60833,Same Day,First Class
ES-2013-1608190,Standard Class,Second Class
ID-2012-39903,Standard Class,Second Class
ES-2013-1212086,Second Class,Standard Class
BO-2013-1280,Standard Class,Second Class
IN-2011-32196,Standard Class,Standard Class
ID-2013-65432,Standard Class,Standard Class
ES-2012-5796869,Standard Class,Standard Class
ES-2012-5613626,Standard Class,Standard Class
IN-2014-65334,First Class,First Class
IN-2011-13506,Standard Class,Second Class
CA-2014-151750,Standard Class,Standard Class
CA-2014-144904,Standard Class,Standard Class
CA-2012-161263,Standard Class,Second Class
ES-2011-5498995,Second Class,Same Day
ES-2011-1196075,Standard Class,Standard Class
IT-2011-4320455,Standard Class,Standard Class
EG-2013-2770,First Class,Second Class
EZ-2014-8670,Second Class,Second Class
CM-2014-9300,Standard Class,Second Class
IN-2012-77045,Standard Class,Standard Class
ES-2013-5326756,Standard Class,Second Class
CA-2013-123337,Standard Class,Standard Class
CA-2012-142734,Standard Class,Standard Class
IN-2012-35143,Second Class,Standard Class
CA-2013-159016,First Class,Second Class
CA-2012-124058,Standard Class,Standard Class
CA-2011-146990,First Class,Standard Class
ES-2011-4932761,Standard Class,Standard Class
IN-2014-71907,Second Class,Second Class
IS-2011-9650,Second Class,Standard Class
IN-2012-50942,Second Class,Second Class
CA-2013-145261,First Class,Standard Class
IN-2011-52783,First Class,First Class
CA-2013-123533,Standard Class,Standard Class
ID-2011-32819,Standard Class,Standard Class
CA-2011-123260,Standard Class,Standard Class
IN-2013-65068,First Class,First Class
IN-2013-34135,Standard Class,Standard Class
IN-2012-17783,Standard Class,Standard Class
ID-2011-84941,First Class,Standard Class
IT-2011-1765076,Same Day,Standard Class
CA-2014-124191,Second Class,Standard Class
IN-2012-55387,Standard Class,Second Class
IN-2012-44180,Standard Class,Standard Class
ES-2014-2943839,Second Class,Standard Class
ES-2012-1191624,Standard Class,Standard Class
ID-2011-86950,First Class,First Class
ES-2013-1353166,Standard Class,Standard Class
ES-2013-1946968,Standard Class,Standard Class
IN-2012-63290,Second Class,First Class
EZ-2013-3030,Standard Class,Second Class
ID-2011-66412,Standard Class,Standard Class
CA-2012-116484,Standard Class,Standard Class
CA-2014-142867,Standard Class,Standard Class
IT-2011-3702883,Standard Class,Standard Class
IN-2012-35668,Standard Class,Standard Class
CA-2011-141838,Second Class,Standard Class
ID-2014-65551,First Class,First Class
ES-2011-2464932,First Class,First Class
ES-2014-2718788,Second Class,Second Class
ES-2012-1431851,Standard Class,Standard Class
ID-2013-69170,Second Class,Standard Class
IN-2011-72502,Same Day,Second Class
ES-2014-4689230,Standard Class,Standard Class
IN-2014-45188,First Class,Second Class
ID-2012-86957,Standard Class,First Class
ES-2013-5958799,Second Class,Second Class
CA-2013-159912,Standard Class,Standard Class
ES-2014-3407020,Second Class,Second Class
IT-2011-3462831,Standard Class,Standard Class
IT-2012-5647122,Standard Class,Standard Class
IN-2011-14983,Standard Class,Standard Class
DJ-2013-9080,Standard Class,Standard Class
ES-2012-2223892,First Class,First Class
IN-2014-21143,Standard Class,Standard Class
CA-2014-102736,Standard Class,Standard Class
ES-2011-3822720,Standard Class,Standard Class
ES-2011-3749098,Standard Class,Standard Class
CA-2011-118304,Standard Class,Standard Class
ID-2014-57781,Standard Class,Standard Class
ID-2013-64970,Standard Class,Standard Class
IN-2012-56150,Standard Class,Standard Class
IN-2014-64396,Standard Class,Standard Class
ES-2013-5065624,Standard Class,Standard Class
IN-2011-49234,Standard Class,Standard Class
ID-2014-11910,First Class,First Class
CA-2014-121559,Second Class,Standard Class
ID-2014-30418,Same Day,First Class
ES-2012-1354648,Standard Class,Standard Class
CA-2014-122987,Same Day,First Class
ES-2014-3406497,Second Class,Standard Class
CA-2014-152310,Standard Class,Second Class
ID-2014-75281,Same Day,Second Class
CG-2011-8750,Standard Class,Standard Class
CA-2011-100293,Standard Class,Standard Class
ID-2013-37964,Standard Class,First Class
ES-2011-5335946,Standard Class,Standard Class
ES-2013-1621921,First Class,Second Class
ES-2014-2271414,Standard Class,Second Class
ES-2013-1032140,Standard Class,Standard Class
CA-2014-135909,Standard Class,Standard Class
CA-2014-144491,Standard Class,Second Class
IN-2014-30453,First Class,Same Day
ES-2012-2922477,Standard Class,Standard Class
ES-2014-3096832,Standard Class,Standard Class
ES-2014-2546078,Second Class,Second Class
CA-2014-138380,Standard Class,First Class
ES-2012-3308849,Standard Class,Standard Class
IN-2014-14402,Second Class,Standard Class
ID-2013-32903,Second Class,First Class
HR-2014-2520,Standard Class,Standard Class
IR-2012-3790,Standard Class,Standard Class
ES-2013-5491146,Standard Class,Standard Class
GH-2012-8470,Second Class,Second Class
ES-2014-1325616,Standard Class,First Class
GH-2012-4620,Standard Class,Standard Class
ES-2014-2624465,Standard Class,Standard Class
CA-2012-108665,Standard Class,Standard Class
CA-2012-165057,Standard Class,Standard Class
CA-2014-103443,Standard Class,Standard Class
ES-2013-5645871,Standard Class,First Class
IN-2012-77773,Standard Class,First Class
CA-2013-152072,Standard Class,Standard Class
CA-2011-124478,Standard Class,Same Day
ID-2014-49696,Standard Class,Standard Class
CA-2013-152247,Standard Class,Standard Class
ES-2013-5424830,First Class,Second Class
CA-2013-130078,Standard Class,Second Class
ES-2012-1210194,Standard Class,Standard Class
ES-2011-2880425,Second Class,Standard Class
CA-2014-147228,Standard Class,Standard Class
IT-2011-1925845,Second Class,First Class
CA-2014-154466,First Class,Second Class
CA-2011-166863,Standard Class,Standard Class
ID-2013-24587,Second Class,First Class
IN-2014-72481,Standard Class,Standard Class
IT-2012-3170764,First Class,Second Class
CA-2014-112004,First Class,First Class
IN-2013-78004,Standard Class,Standard Class
CA-2012-100454,Standard Class,Standard Class
CA-2013-165330,Same Day,First Class
IN-2012-70087,Same Day,Same Day
IN-2011-71739,Standard Class,Standard Class
CA-2011-168592,Standard Class,Standard Class
ID-2011-69716,Second Class,Standard Class
ID-2013-72915,Standard Class,Standard Class
IN-2014-14780,Standard Class,Standard Class
CA-2011-113768,Standard Class,Standard Class
IN-2012-56178,First Class,Second Class
CA-2014-143798,First Class,Same Day
ES-2014-5981155,First Class,Standard Class
IN-2012-31958,Second Class,Same Day
ES-2014-5590313,First Class,Standard Class
CA-2013-120082,Second Class,Second Class
CA-2014-100314,Standard Class,Standard Class
CA-2013-112102,Standard Class,Standard Class
IN-2012-76093,Standard Class,Second Class
CA-2014-128426,Standard Class,Standard Class
ES-2014-2512437,Same Day,First Class
IN-2012-71459,First Class,Second Class
ES-2012-4769211,Standard Class,Standard Class
IN-2011-46413,Same Day,Second Class
AU-2014-7090,Standard Class,Standard Class
IN-2014-45188,First Class,Standard Class
CA-2013-126627,First Class,First Class
CA-2011-167927,Standard Class,Standard Class
CA-2013-158610,First Class,Second Class
CM-2014-4270,Second Class,Standard Class
IN-2012-43291,Standard Class,Standard Class
IN-2013-16544,Standard Class,Standard Class
ID-2014-29641,Standard Class,Standard Class
CA-2014-117807,Standard Class,Standard Class
ES-2014-2683001,First Class,Second Class
ID-2013-12309,Standard Class,Standard Class
ES-2014-1879715,Second Class,Standard Class
IN-2014-30593,Standard Class,Standard Class
ES-2013-2229883,Standard Class,Standard Class
GH-2014-4170,First Class,First Class
IN-2012-17986,Second Class,Second Class
CA-2011-162775,Second Class,Second Class
CA-2014-161172,Same Day,First Class
ES-2012-5138595,Standard Class,Standard Class
IN-2014-38342,Standard Class,Standard Class
CA-2012-162621,Standard Class,Standard Class
IT-2012-3605163,Standard Class,Standard Class
CA-2014-140508,First Class,Standard Class
CA-2011-131926,Second Class,Standard Class
BN-2013-6580,First Class,Second Class
CA-2013-121377,Standard Class,Standard Class
CA-2013-149272,Standard Class,Standard Class
ES-2011-3906248,Standard Class,Standard Class
ID-2014-20205,Standard Class,Standard Class
ES-2012-3520629,Second Class,First Class
ES-2014-4613373,Second Class,Standard Class
ES-2011-3192576,Second Class,Second Class
CA-2011-144281,Second Class,Standard Class
ES-2013-1715609,Second Class,Standard Class
ES-2014-2938679,Standard Class,Standard Class
ES-2014-3096832,Standard Class,Standard Class
ES-2013-5482499,Second Class,Second Class
IN-2011-74490,First Class,First Class
CM-2012-6400,Standard Class,Standard Class
ES-2012-1028780,Standard Class,Second Class
IN-2013-41667,Standard Class,First Class
IN-2014-29207,Standard Class,Standard Class
ID-2012-14500,Standard Class,Standard Class
CA-2011-126193,Standard Class,Standard Class
ID-2013-13072,Standard Class,Standard Class
ES-2013-1068972,Standard Class,Standard Class
CA-2013-169943,Standard Class,Standard Class
ES-2012-1881846,Standard Class,Standard Class
CA-2012-111780,Second Class,First Class
IN-2012-11812,Standard Class,Standard Class
ES-2014-3977309,Standard Class,Standard Class
AO-2014-2110,Second Class,Second Class
IN-2014-13296,Standard Class,Standard Class
CA-2012-127509,Standard Class,Standard Class
BO-2011-470,Second Class,Second Class
IN-2012-44194,First Class,Second Class
IN-2011-13030,Standard Class,Standard Class
ES-2012-5972682,Second Class,Second Class
CA-2014-121293,Second Class,First Class
ES-2014-2366626,First Class,First Class
ES-2014-2637929,Standard Class,Second Class
ES-2012-5233735,Standard Class,Standard Class
IN-2014-35507,First Class,First Class
CA-2013-127243,Standard Class,Standard Class
ID-2012-75309,Standard Class,Standard Class
IN-2013-61288,Standard Class,Standard Class
ID-2012-59181,First Class,First Class
ES-2011-4549921,Standard Class,Standard Class
ES-2013-3467296,Same Day,Second Class
CA-2012-111780,Second Class,Standard Class
HR-2014-3840,Standard Class,Standard Class
ES-2011-3525697,Standard Class,Standard Class
IN-2013-84178,Second Class,Second Class
CA-2012-164567,Standard Class,Standard Class
CA-2013-113425,Same Day,First Class
CA-2011-154592,First Class,First Class
ID-2011-15802,Standard Class,Standard Class
CA-2014-123001,Standard Class,Standard Class
ES-2013-2354581,Second Class,Second Class
CA-2014-163006,Second Class,Standard Class
CA-2012-155453,Standard Class,Standard Class
ES-2014-2331802,Second Class,First Class
IN-2014-48611,Standard Class,Standard Class
IN-2011-59685,Standard Class,Standard Class
CA-2014-142342,Second Class,Standard Class
ES-2014-2888626,Standard Class,Standard Class
ID-2014-65327,Standard Class,Standard Class
ES-2012-4485887,Second Class,First Class
IR-2012-5730,Standard Class,Second Class
ES-2014-4111468,Standard Class,Standard Class
ES-2014-2756281,Standard Class,Standard Class
CA-2012-137281,Standard Class,Standard Class
CA-2012-133452,Standard Class,Standard Class
ES-2014-2959093,Standard Class,Same Day
IN-2011-70269,Standard Class,Second Class
ES-2014-3625378,Standard Class,Standard Class
CA-2014-143021,Same Day,First Class
IN-2014-67504,Standard Class,Standard Class
ID-2013-58642,First Class,Second Class
IN-2011-73734,Standard Class,Standard Class
IN-2014-41044,First Class,Standard Class
CA-2014-121538,First Class,Second Class
CA-2012-143147,Second Class,Second Class
ES-2012-2055382,Standard Class,Same Day
CA-2014-117198,Standard Class,Standard Class
CA-2012-129546,Standard Class,Standard Class
EG-2014-3590,Second Class,First Class
CA-2013-164511,Standard Class,First Class
ES-2011-2470488,Second Class,First Class
CA-2014-141733,Standard Class,Same Day
IR-2013-9090,First Class,Standard Class
CA-2012-113131,Same Day,Second Class
ES-2014-2458882,Same Day,First Class
CA-2013-108616,Standard Class,Second Class
CG-2013-4980,Standard Class,Standard Class
ES-2011-2046816,Standard Class,Standard Class
ID-2013-23971,Second Class,Standard Class
IN-2014-80293,Standard Class,Standard Class
ES-2013-4349332,Standard Class,Standard Class
CA-2014-139353,Second Class,Standard Class
AE-2013-1530,Second Class,Standard Class
CA-2011-127866,First Class,Standard Class
ES-2014-3179581,First Class,Standard Class
EG-2011-4270,Standard Class,Standard Class
ES-2014-4438910,Standard Class,Standard Class
CA-2014-143665,Standard Class,Standard Class
IN-2014-65992,Standard Class,Standard Class
CA-2014-123071,First Class,Same Day
ES-2012-3540273,Standard Class,Standard Class
CA-2011-133809,Second Class,First Class
ES-2012-4907139,Standard Class,Standard Class
IN-2014-77941,Standard Class,Standard Class
ID-2013-43025,First Class,First Class
IR-2012-2940,Second Class,Same Day
IN-2014-44397,Standard Class,Standard Class
ES-2012-2994105,First Class,Standard Class
ID-2013-67105,Standard Class,Standard Class
IN-2013-49024,Standard Class,Standard Class
IN-2012-11812,Standard Class,Second Class
IN-2012-29522,Same Day,Second Class
IN-2013-28542,Standard Class,Standard Class
IN-2011-78823,Standard Class,Standard Class
IN-2014-21171,Standard Class,Standard Class
CA-2014-160899,Second Class,Standard Class
IN-2014-70871,Standard Class,Standard Class
ES-2014-5900887,Standard Class,Standard Class
IN-2012-40547,First Class,Standard Class
ID-2014-74238,First Class,First Class
CA-2011-124856,Second Class,Standard Class
ES-2014-3513084,First Class,Same Day
IN-2013-33995,First Class,First Class
ES-2012-4711076,Standard Class,Standard Class
CA-2013-163328,Second Class,Standard Class
CG-2014-5060,Standard Class,Second Class
CA-2014-107958,First Class,First Class
CA-2013-127243,Standard Class,Standard Class
ES-2013-2963054,Standard Class,Standard Class
CA-2012-103716,Standard Class,Standard Class
IN-2012-86635,Second Class,Second Class
ES-2013-5791015,Standard Class,Standard Class
ES-2011-3058868,Standard Class,Standard Class
CA-2012-154795,Standard Class,Standard Class
CA-2014-151596,First Class,First Class
CA-2011-148915,Standard Class,Standard Class
ES-2011-2187197,Same Day,Standard Class
ID-2013-68568,Standard Class,Standard Class
ID-2013-32252,Standard Class,Standard Class
ES-2013-3667448,Standard Class,Standard Class
CA-2013-129308,Standard Class,Standard Class
BO-2014-8690,Second Class,Standard Class
ID-2014-74315,First Class,Second Class
IN-2011-53469,Standard Class,Standard Class
CA-2013-149111,Second Class,Standard Class
IT-2011-3461936,Standard Class,Standard Class
ES-2012-4003155,Second Class,First Class
IN-2014-42437,Standard Class,Standard Class
EG-2013-4910,Second Class,Second Class
IT-2011-1181278,Same Day,First Class
CA-2014-107517,Standard Class,Standard Class
CA-2014-110310,Standard Class,Standard Class
CA-2013-138233,Standard Class,Standard Class
CA-2014-140963,First Class,Second Class
CA-2012-103177,First Class,First Class
ID-2011-58040,First Class,First Class
CA-2014-101182,First Class,First Class
CA-2011-9510,First Class,First Class
IN-2013-54673,Standard Class,Standard Class
IN-2013-36158,Standard Class,Standard Class
ES-2011-4302063,Second Class,Standard Class
AG-2012-4910,Standard Class,Standard Class
ES-2013-2186227,Standard Class,Standard Class
CA-2013-128531,Second Class,First Class
IN-2011-67392,Standard Class,Second Class
CG-2014-6270,First Class,Second Class
IN-2011-30586,Second Class,Standard Class
ES-2012-5195118,Standard Class,Standard Class
CA-2012-130183,Standard Class,Standard Class
ES-2014-3850519,Standard Class,Standard Class
IN-2014-23383,Second Class,Second Class
IN-2014-34842,Standard Class,Standard Class
ID-2013-66405,Standard Class,Standard Class
CA-2012-135020,Standard Class,Standard Class
ES-2012-4913400,Standard Class,Standard Class
CA-2013-117681,Standard Class,Second Class
CG-2013-3660,Standard Class,Standard Class
CA-2014-147228,Standard Class,Standard Class
CA-2014-160983,Second Class,Standard Class
ES-2012-3185515,Standard Class,Second Class
CA-2012-134894,Standard Class,First Class
CA-2014-128335,Standard Class,Standard Class
ID-2011-83562,First Class,Standard Class
ES-2014-1969776,Second Class,Standard Class
ES-2011-3002504,Same Day,Standard Class
ES-2013-2523030,Second Class,Second Class
EG-2013-5760,First Class,First Class
CA-2011-108189,First Class,Standard Class
CA-2012-200,Standard Class,Second Class
CA-2011-120775,Standard Class,Second Class
CA-2014-126046,Standard Class,Standard Class
ES-2013-3066853,Standard Class,Standard Class
CA-2014-155705,Second Class,Standard Class
CA-2013-117919,Second Class,Standard Class
ID-2013-13562,Standard Class,Standard Class
CA-2014-121580,Standard Class,Standard Class
CA-2014-121790,Standard Class,Standard Class
IN-2013-30194,Standard Class,Standard Class
CA-2012-107902,Standard Class,Standard Class
IN-2014-61974,Standard Class,Standard Class
IT-2011-2159764,First Class,Standard Class
IN-2014-37789,Same Day,Standard Class
ES-2013-2734435,Second Class,Standard Class
CA-2014-163860,Standard Class,Second Class
CA-2011-130729,Standard Class,Standard Class
ID-2013-53833,Standard Class,Standard Class
IN-2014-60840,First Class,Standard Class
ES-2014-3132105,Second Class,Standard Class
GH-2014-2800,Standard Class,Standard Class
IN-2014-23894,Second Class,First Class
IN-2012-32441,Second Class,Standard Class
CA-2011-128209,Standard Class,Standard Class
CA-2014-126074,Standard Class,Second Class
CA-2012-142237,First Class,Standard Class
IN-2013-14437,Standard Class,Standard Class
ES-2013-4954697,Standard Class,Standard Class
ES-2012-1790498,Standard Class,Standard Class
IN-2013-44537,Standard Class,Standard Class
BN-2012-3640,Standard Class,Standard Class
CA-2013-141082,Standard Class,Standard Class
CA-2014-101581,Standard Class,Standard Class
CA-2013-114104,Standard Class,Second Class
ID-2014-17265,Standard Class,Standard Class
IR-2012-3550,Standard Class,First Class
CA-2011-158281,Standard Class,Standard Class
ID-2013-54029,Second Class,First Class
ES-2011-2258386,Second Class,Standard Class
ES-2013-1417572,Standard Class,Standard Class
IN-2012-78067,Second Class,Second Class
ES-2012-2694947,Standard Class,Standard Class
BO-2014-2670,Standard Class,Standard Class
IN-2011-70864,Standard Class,Second Class
ES-2014-3488377,Standard Class,Standard Class
IN-2014-32812,Standard Class,Standard Class
IN-2011-60406,First Class,Standard Class
ES-2013-2335535,Standard Class,Standard Class
IN-2012-22305,First Class,Same Day
ES-2014-3187939,Standard Class,Standard Class
CA-2011-157147,Standard Class,Standard Class
CA-2014-169859,Standard Class,Second Class
IN-2014-59146,Standard Class,First Class
IT-2011-1165265,Same Day,Second Class
ID-2014-84661,Second Class,Standard Class
ES-2014-2794530,Second Class,Second Class
ES-2012-5188979,First Class,First Class
ES-2013-4708384,Standard Class,Same Day
CA-2012-139374,Standard Class,Second Class
CA-2013-8330,First Class,Standard Class
CA-2014-4170,Standard Class,Standard Class
IN-2012-31944,Standard Class,Standard Class
CA-2013-127194,Standard Class,Standard Class
CA-2013-103730,First Class,First Class
IT-2011-4626649,Standard Class,Standard Class
CA-2013-157161,Second Class,Standard Class
CA-2013-112109,Standard Class,Standard Class
ES-2012-4198217,Standard Class,Standard Class
ES-2014-4017894,Standard Class,First Class
ES-2011-5433855,First Class,Standard Class
CG-2014-3890,First Class,Second Class
CA-2013-1140,Second Class,First Class
IT-2012-2549772,Standard Class,Standard Class
ES-2012-3802742,Standard Class,Standard Class
IN-2014-14780,Standard Class,Standard Class
IN-2012-42668,Second Class,Standard Class
CA-2014-154074,Second Class,Standard Class
ID-2014-11098,Standard Class,Second Class
ES-2013-5210417,Standard Class,Standard Class
CA-2011-127166,Second Class,First Class
ES-2012-4602933,Standard Class,Standard Class
ES-2012-5202527,Second Class,Standard Class
ES-2012-5769431,Standard Class,Standard Class
CA-2014-122035,Standard Class,Standard Class
ES-2012-1001305,First Class,First Class
ID-2013-18952,Same Day,First Class
ID-2012-67707,Standard Class,Standard Class
ES-2014-4107155,Second Class,Second Class
IN-2013-67098,Standard Class,Second Class
CA-2014-116225,Standard Class,Standard Class
ID-2014-65824,Standard Class,Second Class
ES-2012-3229508,Standard Class,Second Class
IN-2014-74805,Second Class,First Class
ES-2014-3513084,First Class,Same Day
CA-2011-131541,Same Day,First Class
ID-2012-35276,Same Day,Standard Class
CA-2014-143434,Standard Class,Standard Class
ES-2013-4117792,Standard Class,First Class
ID-2013-73069,Same Day,Standard Class
ES-2011-1136913,Standard Class,Standard Class
CA-2013-158001,Standard Class,Standard Class
ID-2012-57907,First Class,First Class
ES-2011-1351543,Standard Class,Standard Class
CA-2014-167395,First Class,Same Day
ES-2012-3637663,Second Class,First Class
CA-2014-113873,Standard Class,Standard Class
IN-2013-22823,Standard Class,Standard Class
IN-2011-38895,First Class,First Class
ID-2014-51509,Second Class,Same Day
IN-2012-63290,Second Class,Same Day
ID-2013-63514,Second Class,Standard Class
ES-2014-5489270,Standard Class,Standard Class
ID-2012-79789,Standard Class,Standard Class
IN-2014-15809,Second Class,Second Class
EG-2013-1510,Standard Class,Standard Class
IN-2014-39427,Standard Class,Second Class
IN-2012-48744,Standard Class,Standard Class
IT-2012-5214692,First Class,First Class
ES-2014-5500680,Standard Class,Standard Class
IR-2011-630,Second Class,Same Day
IR-2014-7020,Standard Class,Standard Class
IN-2012-32343,Standard Class,Standard Class
IN-2013-11063,Second Class,Second Class
CA-2014-134845,Standard Class,Standard Class
ES-2012-2280466,Standard Class,Second Class
CA-2012-105613,Standard Class,Standard Class
CA-2011-140732,Second Class,Standard Class
CA-2014-130386,Standard Class,Standard Class
CA-2012-156608,Standard Class,Standard Class
CA-2014-134096,Standard Class,Standard Class
ES-2012-5205311,Second Class,Second Class
ID-2012-61659,Standard Class,Standard Class
EZ-2014-3100,Standard Class,Second Class
ES-2013-5442738,First Class,First Class
CA-2011-150245,Second Class,Standard Class
CA-2013-168956,Standard Class,Standard Class
IN-2014-73545,Standard Class,Standard Class
ES-2011-3793897,Standard Class,Standard Class
ID-2012-45363,Standard Class,Standard Class
ES-2014-5545008,Same Day,Standard Class
CA-2013-165169,Standard Class,Standard Class
IN-2013-41051,Standard Class,First Class
CA-2012-144267,First Class,First Class
IN-2011-53217,Second Class,Standard Class
CA-2013-3370,First Class,Second Class
CA-2012-160227,First Class,Standard Class
CA-2012-161767,Standard Class,Standard Class
ID-2014-85032,Same Day,First Class
ID-2014-69233,Second Class,Standard Class
CA-2014-145506,Standard Class,Standard Class
CA-2013-1620,Standard Class,Standard Class
ES-2012-3770443,Standard Class,Standard Class
CA-2011-103744,Standard Class,Standard Class
CA-2014-121258,Standard Class,Standard Class
IR-2013-9810,Standard Class,Standard Class
CA-2012-131856,Standard Class,Standard Class
CA-2014-167626,Standard Class,Standard Class
IN-2013-48394,Second Class,First Class
ES-2014-4359397,First Class,Standard Class
IR-2012-4630,Standard Class,Standard Class
ES-2014-2013796,Second Class,Second Class
IN-2012-30943,Standard Class,Standard Class
CA-2014-158883,Same Day,Standard Class
CA-2013-1140,Second Class,Second Class
CA-2014-125913,Same Day,Standard Class
CA-2013-151372,First Class,Same Day
IR-2013-9390,Standard Class,Standard Class
ES-2011-4184901,Second Class,Second Class
ES-2014-4296634,Standard Class,Standard Class
CA-2013-111913,Second Class,Standard Class
CG-2014-5280,First Class,First Class
CA-2012-162047,First Class,Second Class
IN-2014-85823,First Class,Second Class
ES-2013-1337770,Second Class,Second Class
ID-2014-75190,Standard Class,Standard Class
IN-2014-20191,Second Class,Standard Class
ID-2014-78942,Standard Class,Standard Class
IN-2014-84234,Second Class,Standard Class
IN-2013-84087,Standard Class,Standard Class
ES-2012-4698340,Standard Class,Standard Class
CA-2013-124590,Standard Class,Standard Class
CA-2011-163552,Standard Class,Standard Class
CA-2014-145128,Standard Class,Standard Class
CA-2012-129532,Standard Class,Second Class
CA-2014-145037,Second Class,Standard Class
GH-2012-2610,Second Class,Second Class
ES-2013-1185240,Standard Class,Standard Class
IN-2011-10552,Standard Class,Standard Class
ES-2013-5007470,Standard Class,Second Class
IN-2012-30572,Standard Class,Standard Class
CA-2014-128363,Standard Class,Standard Class
ID-2014-37516,Standard Class,Standard Class
CA-2012-116750,Second Class,Standard Class
CA-2013-153598,First Class,First Class
ID-2014-86887,Standard Class,Standard Class
CA-2014-143378,Standard Class,Standard Class
CA-2012-145401,Standard Class,Standard Class
ES-2013-1586341,First Class,Standard Class
IN-2014-29116,Standard Class,Standard Class
ID-2014-25497,Second Class,Standard Class
CA-2013-128531,Second Class,Same Day
IN-2013-27695,First Class,First Class
CA-2014-102610,Standard Class,Standard Class
ID-2013-21437,First Class,Standard Class
ES-2012-3181108,Standard Class,Standard Class
IN-2011-36375,Second Class,Standard Class
CA-2014-117947,Second Class,Standard Class
IN-2014-57151,Standard Class,Standard Class
ES-2012-3208808,First Class,Second Class
ES-2013-5002794,Standard Class,Standard Class
CA-2011-107398,Standard Class,Standard Class
ID-2013-53224,First Class,Same Day
IN-2014-85018,First Class,Same Day
CA-2014-104885,Standard Class,Standard Class
IN-2014-62275,Second Class,Second Class
ID-2013-59062,Standard Class,Standard Class
IR-2014-6760,Standard Class,Standard Class
HU-2013-6070,Standard Class,Standard Class
ES-2012-4080677,Standard Class,Standard Class
CA-2012-137106,Standard Class,Standard Class
CA-2013-156748,Standard Class,Standard Class
CA-2013-140018,Standard Class,Standard Class
CA-2012-114468,Same Day,Same Day
ES-2011-2566881,Same Day,First Class
CM-2012-5610,Standard Class,Standard Class
IN-2012-46112,First Class,Second Class
ES-2011-1586186,First Class,Standard Class
CA-2013-118255,First Class,Second Class
IN-2011-10286,First Class,First Class
IN-2014-75267,Second Class,Second Class
ES-2012-2368795,Standard Class,Standard Class
EG-2014-480,First Class,Standard Class
IR-2013-7220,Second Class,First Class
IR-2011-9930,Standard Class,Second Class
ID-2013-51880,Standard Class,First Class
CA-2012-155761,Same Day,First Class
IN-2014-30516,Standard Class,Standard Class
ES-2014-1009946,Second Class,Second Class
IN-2013-83191,Standard Class,Standard Class
CA-2012-124653,First Class,First Class
ID-2013-34051,Second Class,Standard Class
ES-2013-2219250,Standard Class,Standard Class
ES-2014-2947135,Second Class,Second Class
ES-2014-2978156,Standard Class,Standard Class
ES-2014-5296123,Standard Class,Standard Class
CA-2011-131450,Standard Class,Standard Class
ID-2014-68029,Standard Class,Standard Class
GB-2012-6200,Standard Class,Second Class
BU-2012-1740,Standard Class,Standard Class
AL-2011-4500,Standard Class,Standard Class
ID-2011-22172,First Class,Standard Class
IN-2014-78368,Standard Class,Standard Class
ES-2013-2522918,First Class,First Class
CA-2011-164469,Second Class,First Class
ES-2012-2890249,Second Class,Standard Class
CA-2014-102099,First Class,First Class
CA-2014-152310,Standard Class,Standard Class
ES-2014-1572368,Same Day,First Class
ES-2014-1913133,Second Class,Standard Class
ES-2014-3005382,Standard Class,Standard Class
CA-2014-4080,Standard Class,Standard Class
CA-2011-450,Standard Class,Second Class
IN-2014-49619,First Class,Second Class
IN-2012-59433,First Class,First Class
CA-2013-113138,Standard Class,Standard Class
ID-2014-28003,Standard Class,Standard Class
ID-2012-53497,Second Class,Second Class
ES-2011-4926746,Second Class,Standard Class
IN-2014-51572,Standard Class,Standard Class
IN-2012-38657,First Class,First Class
CA-2012-146262,Standard Class,Standard Class
CA-2014-120327,Standard Class,Standard Class
CA-2012-140830,Second Class,Second Class
CA-2014-125367,Standard Class,Standard Class
IT-2011-1320928,Standard Class,Standard Class
IN-2012-26141,Standard Class,Standard Class
CA-2013-138695,Standard Class,Standard Class
CA-2011-106572,Standard Class,Standard Class
IN-2014-68218,Standard Class,Second Class
ID-2011-74539,Standard Class,Standard Class
CA-2013-145548,Standard Class,Second Class
CA-2012-146486,Second Class,Standard Class
IN-2011-45867,Standard Class,Standard Class
CA-2011-148614,Standard Class,Standard Class
IN-2011-74490,First Class,Standard Class
CA-2011-159520,Standard Class,Standard Class
IN-2014-22228,Second Class,Standard Class
IN-2013-34702,Standard Class,Second Class
ES-2013-4866061,Second Class,Standard Class
CA-2014-158379,Second Class,Second Class
IN-2014-17069,Standard Class,Standard Class
AO-2014-650,Same Day,Standard Class
CA-2012-121650,Standard Class,Standard Class
ES-2014-3426802,Standard Class,Standard Class
ES-2012-5708011,Standard Class,Standard Class
ID-2011-65705,First Class,First Class
ID-2012-40176,Standard Class,Standard Class
IN-2013-82603,Second Class,Second Class
CA-2011-141110,Standard Class,Standard Class
CA-2012-112214,Standard Class,Standard Class
ES-2013-2374863,Standard Class,Standard Class
ID-2011-80230,Standard Class,Standard Class
CA-2013-105354,Standard Class,Standard Class
CA-2011-108189,First Class,Standard Class
DJ-2013-3190,First Class,First Class
IN-2012-63654,Standard Class,Standard Class
IN-2014-74805,Second Class,First Class
CA-2011-142769,Same Day,Same Day
ES-2013-1525878,Second Class,First Class
IN-2013-77731,Standard Class,Standard Class
CA-2011-155852,Second Class,Standard Class
CA-2011-122336,Second Class,Standard Class
ES-2012-5796869,Standard Class,Standard Class
ES-2013-5734148,Standard Class,Standard Class
IN-2012-78403,Standard Class,Standard Class
IN-2011-64466,Standard Class,Standard Class
IN-2013-31153,Second Class,Same Day
ES-2011-1426891,Second Class,First Class
ES-2012-5823618,Standard Class,Standard Class
CA-2014-136364,Second Class,Standard Class
ES-2013-3688439,First Class,First Class
IN-2014-48632,Second Class,Second Class
ID-2011-29389,Standard Class,Standard Class
ID-2013-61442,Standard Class,Standard Class
CA-2011-137911,Standard Class,Standard Class
ID-2012-24510,Standard Class,Standard Class
GH-2014-2090,Standard Class,Standard Class
CA-2012-165624,Standard Class,Standard Class
IR-2014-8690,Standard Class,Second Class
IN-2014-31587,Standard Class,Second Class
ID-2013-80552,Standard Class,Standard Class
ES-2011-2382517,Standard Class,Standard Class
ES-2014-2958500,Standard Class,Standard Class
CA-2011-108707,Standard Class,Standard Class
IN-2011-83107,Standard Class,Second Class
CA-2014-163160,First Class,First Class
ID-2012-86607,Second Class,Second Class
CA-2011-108273,Standard Class,Standard Class
IN-2014-50109,First Class,First Class
ES-2014-2677615,Same Day,Standard Class
CA-2013-151498,First Class,Standard Class
IN-2012-29977,Second Class,Standard Class
IN-2014-45426,Standard Class,Standard Class
IN-2012-43165,Standard Class,Standard Class
IN-2013-34702,Standard Class,Second Class
IN-2014-20961,First Class,First Class
IN-2012-30166,Standard Class,Standard Class
CA-2012-129896,Standard Class,First Class
AO-2013-4310,Second Class,Standard Class
ES-2012-1590834,Second Class,Second Class
CA-2013-119935,Standard Class,Standard Class
ES-2014-5915369,Standard Class,Standard Class
CA-2011-127012,Standard Class,Standard Class
CA-2014-167395,First Class,First Class
CA-2012-100818,Second Class,Second Class
CA-2014-133333,Standard Class,Standard Class
ID-2014-32119,Standard Class,Standard Class
IN-2014-19904,Standard Class,Standard Class
ES-2011-1831867,First Class,First Class
CA-2014-132584,First Class,Second Class
ES-2011-5693005,Same Day,Second Class
CA-2013-155516,Same Day,Second Class
IN-2014-66895,Standard Class,Standard Class
ES-2014-5230839,Second Class,Second Class
ES-2014-4055964,Second Class,Standard Class
IN-2014-12232,Standard Class,Standard Class
ES-2013-4301750,First Class,Same Day
CA-2014-6960,Standard Class,Standard Class
IN-2012-13919,Second Class,Standard Class
IN-2012-36396,Second Class,Standard Class
IN-2013-82127,First Class,Same Day
CA-2013-158834,First Class,First Class
EG-2014-3340,Standard Class,First Class
CA-2013-145135,First Class,First Class
CA-2013-140081,Standard Class,Second Class
ES-2013-5905207,First Class,First Class
IN-2013-73608,Second Class,Second Class
IN-2014-23621,Standard Class,Standard Class
CA-2012-149566,Standard Class,Standard Class
ID-2011-78102,Standard Class,Standard Class
IN-2012-69086,Standard Class,Standard Class
IT-2011-4480159,Standard Class,Standard Class
CA-2011-142769,Same Day,Standard Class
IT-2011-5521557,Second Class,Second Class
ID-2012-75141,Standard Class,Standard Class
IT-2011-2396037,Standard Class,Standard Class
IN-2011-49752,Second Class,Second Class
ID-2012-48037,Second Class,Second Class
CA-2011-142979,Standard Class,Standard Class
ES-2014-3880005,Standard Class,Second Class
ES-2011-4806518,Standard Class,Standard Class
CA-2014-147725,Same Day,Standard Class
IN-2013-45692,Second Class,Standard Class
ID-2013-85347,Standard Class,Standard Class
IN-2011-26057,Standard Class,First Class
CA-2012-149909,Standard Class,Standard Class
CA-2013-100993,Standard Class,Standard Class
ES-2014-5438886,Same Day,Second Class
ES-2014-5185744,First Class,First Class
IN-2013-67966,First Class,Standard Class
ES-2012-5745179,Standard Class,Standard Class
CA-2012-115392,Second Class,Standard Class
IN-2014-76114,Same Day,Standard Class
IN-2013-10174,First Class,Standard Class
IR-2011-9730,Standard Class,Same Day
ID-2013-12148,Standard Class,Standard Class
IN-2014-84843,Standard Class,Standard Class
IT-2011-4565126,Second Class,Standard Class
CA-2013-132829,Second Class,Standard Class
ID-2014-85984,Second Class,First Class
IN-2014-14129,Second Class,Second Class
BO-2014-2490,Standard Class,Standard Class
ES-2013-3016012,Standard Class,Second Class
ID-2014-26960,Second Class,Standard Class
IT-2012-5224735,Second Class,First Class
CA-2013-142097,Standard Class,Standard Class
CA-2013-108196,Standard Class,Standard Class
CA-2014-127306,Standard Class,Standard Class
ES-2012-4346320,Standard Class,Standard Class
IN-2014-60175,Standard Class,Standard Class
IN-2013-25448,Standard Class,Standard Class
CA-2012-128167,Second Class,Standard Class
ES-2011-2571502,Second Class,Standard Class
IN-2012-62842,Second Class,First Class
IN-2014-39077,Standard Class,Standard Class
IT-2012-2737300,Standard Class,Same Day
CA-2013-101651,Standard Class,Standard Class
IN-2012-42766,Standard Class,Second Class
GH-2014-6410,First Class,First Class
ID-2011-85396,Standard Class,Standard Class
CA-2014-106103,Standard Class,Second Class
ES-2012-2130247,Standard Class,Standard Class
CA-2014-117128,Second Class,Standard Class
IN-2014-41212,First Class,First Class
CA-2014-166415,Standard Class,Second Class
IN-2013-25560,First Class,Standard Class
CA-2013-152534,Second Class,Standard Class
IN-2014-11763,First Class,Second Class
ES-2014-4957212,First Class,First Class
CA-2012-147851,Standard Class,Standard Class
CA-2014-141103,Standard Class,Standard Class
GV-2012-1920,Standard Class,Second Class
IN-2014-13835,Standard Class,Standard Class
IN-2013-54260,Standard Class,Standard Class
ES-2014-2413465,Second Class,First Class
EG-2014-8040,Standard Class,Standard Class
ID-2014-67168,Standard Class,Standard Class
CA-2012-144722,Standard Class,Standard Class
ES-2013-2062612,Standard Class,Standard Class
CA-2013-149685,Standard Class,Standard Class
IN-2013-33302,Same Day,Second Class
ID-2014-83275,Standard Class,Standard Class
CA-2014-104864,Second Class,First Class
IN-2014-45573,Standard Class,Standard Class
CA-2013-133795,Standard Class,First Class
CA-2012-151043,Standard Class,Standard Class
IN-2011-51740,Second Class,First Class
CA-2013-152289,First Class,Standard Class
ES-2014-3754715,Standard Class,Standard Class
CA-2012-145065,First Class,Standard Class
ES-2014-5298968,Second Class,Second Class
CA-2014-142776,Second Class,Second Class
CA-2012-135391,Second Class,Standard Class
ES-2013-1586341,First Class,First Class
CA-2012-105690,Second Class,Standard Class
CA-2013-130029,First Class,First Class
CA-2011-153808,Second Class,Second Class
IN-2011-59328,Standard Class,Standard Class
IN-2013-35024,Same Day,Same Day
IN-2013-79530,Standard Class,Standard Class
ES-2011-2413369,Standard Class,Standard Class
CA-2011-154963,Standard Class,Standard Class
EG-2014-1610,First Class,Standard Class
ES-2014-1080192,Standard Class,First Class
ES-2013-1526338,Second Class,First Class
CA-2014-125451,First Class,First Class
CA-2012-161452,Standard Class,Standard Class
ES-2011-1720401,Standard Class,Standard Class
IN-2013-76737,Standard Class,Standard Class
ES-2013-5690968,Standard Class,Standard Class
CA-2012-2920,Second Class,Standard Class
IN-2014-10111,First Class,Standard Class
ES-2012-2716574,Standard Class,Standard Class
IN-2013-10776,Second Class,First Class
ES-2013-5782100,Standard Class,Standard Class
ES-2013-3167494,Standard Class,Second Class
ES-2011-1290469,First Class,First Class
BN-2013-9770,Second Class,Second Class
CA-2011-138317,Standard Class,Standard Class
IN-2014-85242,Second Class,Standard Class
ES-2013-1364758,Same Day,Standard Class
IN-2012-38958,Standard Class,Standard Class
IN-2012-14276,First Class,First Class
IR-2012-3550,Standard Class,Standard Class
CA-2012-138954,First Class,First Class
ID-2013-85732,Second Class,Second Class
IN-2013-70948,Standard Class,Second Class
CA-2014-166128,Standard Class,Standard Class
IT-2011-5810579,Standard Class,Standard Class
CA-2014-140949,Second Class,Standard Class
CA-2013-151372,First Class,Second Class
IN-2013-55639,Standard Class,Standard Class
IN-2012-50886,First Class,First Class
IN-2014-54050,Standard Class,Standard Class
ES-2013-5579249,Standard Class,Standard Class
IT-2012-1856860,Standard Class,Second Class
BO-2013-2880,Standard Class,Standard Class
IN-2013-59888,First Class,First Class
CA-2011-151162,Standard Class,Standard Class
CM-2014-4270,Second Class,Standard Class
CA-2011-164973,Standard Class,Standard Class
IN-2011-12526,Standard Class,First Class
HU-2014-6130,Standard Class,Standard Class
ES-2014-4822413,Standard Class,Standard Class
CA-2014-104220,Standard Class,Standard Class
CA-2012-153794,Standard Class,Standard Class
CA-2014-118199,First Class,First Class
IN-2013-61274,Standard Class,Standard Class
ID-2013-21129,First Class,First Class
ID-2013-65369,Standard Class,Standard Class
ES-2014-1631439,Standard Class,Standard Class
ES-2013-2388994,First Class,Second Class
ES-2014-3941562,Standard Class,Standard Class
ES-2012-3247635,Standard Class,Standard Class
CA-2014-110905,Second Class,Standard Class
CA-2013-139010,Second Class,Second Class
ES-2014-3327928,Same Day,Second Class
BN-2013-9770,Second Class,Second Class
CA-2013-103464,Standard Class,Standard Class
CA-2014-141992,Standard Class,Standard Class
IN-2011-12890,Standard Class,Standard Class
ES-2011-2093980,Standard Class,Standard Class
ES-2012-2814022,Standard Class,Standard Class
ES-2013-1776729,Standard Class,Standard Class
ID-2012-17006,Standard Class,Standard Class
ID-2011-13170,Standard Class,Standard Class
ES-2013-1205816,Second Class,Standard Class
CA-2014-122798,Standard Class,Standard Class
ES-2014-2578018,Standard Class,Standard Class
ES-2011-3739047,First Class,First Class
ES-2012-4668554,Second Class,Second Class
CM-2013-7060,Standard Class,Second Class
ES-2012-2209297,Standard Class,Second Class
ES-2013-5958799,Second Class,Standard Class
CA-2014-162880,Standard Class,Standard Class
ID-2013-50928,First Class,Second Class
CA-2013-112382,Standard Class,Standard Class
IN-2014-45426,Standard Class,Standard Class
ES-2013-2807164,First Class,First Class
ID-2011-36333,Standard Class,Standard Class
CA-2014-141446,Second Class,First Class
IN-2014-38335,First Class,Second Class
IN-2014-63766,Standard Class,Standard Class
CA-2014-164098,First Class,Second Class
CG-2013-8430,Standard Class,Standard Class
CA-2014-134880,Standard Class,Standard Class
ES-2013-3093926,Standard Class,Standard Class
ES-2011-1712442,Standard Class,Standard Class
ES-2014-1518275,Same Day,Standard Class
ES-2013-3126391,Second Class,Standard Class
ES-2014-1578661,Standard Class,Standard Class
ES-2013-5114628,Second Class,Second Class
IN-2012-40029,Standard Class,Standard Class
CA-2014-133256,First Class,Standard Class
ES-2013-1596350,Standard Class,Standard Class
ID-2011-41751,Standard Class,Standard Class
IN-2014-56164,Standard Class,Standard Class
ES-2014-5590313,First Class,Standard Class
CA-2014-149559,Same Day,Second Class
ES-2013-4895029,Second Class,First Class
ID-2014-72110,Standard Class,Standard Class
IN-2012-12162,First Class,Standard Class
IN-2011-85872,Standard Class,Standard Class
IN-2013-54260,Standard Class,Standard Class
ID-2012-50543,First Class,Standard Class
CA-2012-146087,Standard Class,Standard Class
IN-2012-18434,Second Class,Same Day
ES-2011-4932761,Standard Class,Standard Class
ES-2014-2947135,Second Class,Second Class
IT-2011-2911544,Standard Class,Standard Class
ES-2014-1817870,Second Class,First Class
CA-2014-121559,Second Class,Second Class
ID-2014-39784,Standard Class,Standard Class
ES-2012-1369374,Standard Class,Standard Class
ES-2013-5114628,Second Class,Standard Class
ES-2013-2905051,First Class,Second Class
CA-2014-104731,Standard Class,Standard Class
CA-2011-149958,Standard Class,Standard Class
CA-2014-133431,Standard Class,Standard Class
BU-2013-3760,Second Class,First Class
CA-2011-154095,Standard Class,First Class
IN-2014-66769,Standard Class,Standard Class
IN-2014-74588,Standard Class,Standard Class
CA-2013-167241,Standard Class,Standard Class
CA-2014-164168,Standard Class,Standard Class
EG-2012-3660,Standard Class,Standard Class
ES-2014-4612740,Standard Class,Standard Class
CA-2014-108539,Second Class,Same Day
IT-2011-3731484,Standard Class,Standard Class
IN-2011-62331,Standard Class,Standard Class
AG-2013-5820,First Class,Standard Class
IR-2013-3430,Second Class,Same Day
CA-2012-123092,Standard Class,Second Class
CA-2011-125514,First Class,First Class
IN-2014-78256,Second Class,Second Class
ES-2012-5252305,Second Class,Second Class
CA-2014-162250,Same Day,Standard Class
ID-2014-38433,Standard Class,Standard Class
CA-2014-121083,Standard Class,Standard Class
CA-2012-146563,Standard Class,Standard Class
ES-2012-5924445,Second Class,First Class
AJ-2013-1340,Second Class,Standard Class
CA-2013-138037,Standard Class,Standard Class
ID-2013-83065,Standard Class,Standard Class
IN-2011-85459,Standard Class,Standard Class
IN-2014-32084,Second Class,Second Class
CG-2014-5570,Standard Class,Second Class
IN-2014-10020,Standard Class,Standard Class
IN-2011-59685,Standard Class,Standard Class
IN-2011-35808,Standard Class,Second Class
CA-2014-104619,Standard Class,Standard Class
CA-2012-102491,Standard Class,Second Class
IN-2011-51740,Second Class,First Class
IN-2014-83268,First Class,Second Class
IN-2012-80055,First Class,First Class
CA-2014-162978,Standard Class,Standard Class
CA-2012-154921,Standard Class,Standard Class
ID-2014-18665,Standard Class,Standard Class
CA-2011-107706,Second Class,Standard Class
ID-2014-71081,Standard Class,Standard Class
ES-2011-1647855,Standard Class,Standard Class
ID-2014-40939,Standard Class,Same Day
IN-2011-70584,Second Class,Standard Class
IT-2012-2505922,Standard Class,Second Class
CA-2014-107125,Standard Class,Standard Class
ID-2014-39616,First Class,Standard Class
CA-2011-165379,Standard Class,Standard Class
IN-2013-77444,First Class,Second Class
ID-2014-52797,Standard Class,Standard Class
CA-2013-7340,Second Class,Second Class
ID-2014-54057,Standard Class,Standard Class
IN-2012-44572,Standard Class,Standard Class
IR-2013-5070,Second Class,Standard Class
CA-2012-110548,Standard Class,Standard Class
ID-2011-49311,Standard Class,Standard Class
IN-2014-35983,Same Day,First Class
ES-2012-3868505,Second Class,First Class
CA-2013-157266,Standard Class,Standard Class
ES-2012-1526126,Standard Class,Standard Class
ID-2011-84136,Standard Class,Standard Class
IT-2012-2737300,Standard Class,Second Class
ES-2013-4727168,First Class,Second Class
IN-2014-43571,Standard Class,Standard Class
CA-2012-127754,Standard Class,Standard Class
CA-2012-163181,Standard Class,Standard Class
IN-2012-83380,Standard Class,Standard Class
CA-2014-106859,Second Class,Standard Class
IT-2012-2655811,Standard Class,Standard Class
CA-2013-124352,Standard Class,Standard Class
CA-2012-113215,Standard Class,Standard Class
ES-2013-3947822,Same Day,First Class
IT-2012-5703527,Second Class,First Class
ES-2014-4032097,First Class,Same Day
CA-2014-130505,Same Day,Standard Class
IN-2013-11063,Second Class,Standard Class
IN-2013-41639,Second Class,Standard Class
IN-2011-46581,Second Class,Second Class
IR-2014-440,Second Class,First Class
IN-2012-47008,Standard Class,Standard Class
IN-2014-64186,Standard Class,Standard Class
CA-2014-167941,Second Class,First Class
IN-2013-40218,Standard Class,First Class
CA-2013-126270,Standard Class,Standard Class
IN-2011-22928,First Class,First Class
ES-2014-3273293,Standard Class,Standard Class
ID-2014-26827,Standard Class,Standard Class
IT-2012-2166139,Standard Class,Standard Class
IN-2014-62135,Standard Class,Standard Class
IN-2012-44096,Standard Class,Standard Class
BU-2013-9480,First Class,First Class
IT-2011-3760449,Second Class,Second Class
IN-2011-72467,Standard Class,Standard Class
CA-2013-127250,Standard Class,Standard Class
IN-2012-48338,Standard Class,Second Class
IN-2014-67462,Standard Class,Standard Class
IN-2011-40652,First Class,Second Class
ID-2012-68050,Standard Class,Standard Class
CA-2013-143924,Standard Class,Standard Class
IN-2013-22648,Standard Class,Standard Class
ID-2011-72096,Standard Class,Second Class
EG-2012-8940,Standard Class,Standard Class
CA-2013-164399,First Class,First Class
CA-2014-107629,Same Day,Second Class
IN-2014-69408,Second Class,Standard Class
CA-2014-5020,Same Day,First Class
IN-2013-84479,Standard Class,Second Class
IN-2014-76205,Standard Class,Standard Class
CA-2011-133592,Standard Class,Standard Class
CA-2012-160472,Second Class,Standard Class
IN-2013-59748,Standard Class,Standard Class
IR-2012-3630,Standard Class,Standard Class
EG-2012-4680,Standard Class,Second Class
IN-2012-25371,Standard Class,Standard Class
CA-2013-111913,Second Class,Standard Class
ES-2014-3307571,Standard Class,Standard Class
ES-2013-5782657,Standard Class,Standard Class
ES-2012-1481252,Standard Class,Standard Class
IN-2012-18518,Standard Class,Second Class
IN-2014-61932,Same Day,First Class
IN-2014-62604,Second Class,Standard Class
CA-2013-168032,Standard Class,Standard Class
IT-2011-4233239,Standard Class,Standard Class
CA-2013-167115,Standard Class,Second Class
CM-2011-8550,Standard Class,Standard Class
CA-2012-5670,Second Class,Second Class
CA-2014-161774,First Class,First Class
CA-2014-119004,Standard Class,Standard Class
CA-2011-164182,Standard Class,Standard Class
CA-2013-126158,Standard Class,Standard Class
IN-2014-85760,Second Class,Second Class
IN-2014-40484,Standard Class,Standard Class
CA-2014-136448,First Class,First Class
CA-2011-126403,Second Class,Standard Class
CA-2014-156720,Standard Class,Standard Class
CA-2011-127614,Standard Class,Second Class
IN-2011-30306,Standard Class,Standard Class
IN-2011-47183,Standard Class,First Class
CA-2014-163405,Standard Class,Standard Class
CA-2014-141789,First Class,First Class
ID-2012-59181,First Class,Same Day
CA-2011-460,Second Class,Standard Class
CA-2011-137351,Standard Class,Standard Class
IN-2014-67504,Standard Class,Standard Class
IN-2014-19820,First Class,First Class
CA-2012-104941,Standard Class,Standard Class
IN-2014-58957,First Class,First Class
ID-2011-84738,Standard Class,Second Class
ES-2012-5158081,Standard Class,Standard Class
CA-2012-105725,Standard Class,Standard Class
ES-2012-5522696,First Class,First Class
ES-2014-5621218,First Class,Second Class
ES-2011-4256146,Standard Class,Standard Class
IN-2013-15277,Same Day,First Class
CA-2012-160787,Same Day,First Class
IN-2011-10426,First Class,First Class
IR-2011-3500,Same Day,First Class
ES-2013-4513317,First Class,Second Class
ID-2014-13940,Second Class,Standard Class
CA-2014-124436,Second Class,Standard Class
CA-2012-156510,Standard Class,Standard Class
ES-2013-1622008,Standard Class,Standard Class
ES-2014-3712711,Second Class,Standard Class
CA-2012-105158,Standard Class,Standard Class
IN-2014-40932,Standard Class,Second Class
CA-2011-103317,First Class,Standard Class
ES-2012-5578260,Standard Class,Standard Class
CG-2013-4480,Standard Class,Standard Class
IS-2012-2990,First Class,Standard Class
ES-2014-3881453,Standard Class,First Class
ES-2011-2087362,Standard Class,Standard Class
ES-2014-1224526,Standard Class,Second Class
IT-2011-1765076,Same Day,Standard Class
CA-2012-124058,Standard Class,Standard Class
CA-2012-158456,Standard Class,Standard Class
ES-2012-2287053,First Class,Second Class
IN-2014-31643,Standard Class,Standard Class
CA-2013-139381,Standard Class,Standard Class
ES-2012-4139746,Second Class,Standard Class
CA-2014-152583,Same Day,First Class
ES-2012-2922477,Standard Class,Standard Class
CA-2011-103310,Standard Class,Standard Class
CA-2012-162950,Second Class,Standard Class
ES-2011-5605335,Second Class,Same Day
CA-2014-106852,Standard Class,Standard Class
IN-2014-57410,Standard Class,Standard Class
ES-2011-3058868,Standard Class,Standard Class
CA-2013-123274,Standard Class,Standard Class
IN-2013-64984,Second Class,Standard Class
IT-2011-3784375,Second Class,Standard Class
ID-2013-20100,Standard Class,Standard Class
CA-2014-119494,Standard Class,Standard Class
ID-2013-58740,Standard Class,Standard Class
ES-2011-4342226,Same Day,First Class
CA-2014-155698,First Class,Second Class
ES-2011-5239101,Standard Class,Second Class
IN-2014-24622,Standard Class,Standard Class
IN-2013-69730,First Class,First Class
CA-2014-139402,Standard Class,Standard Class
IN-2011-57144,First Class,First Class
CA-2014-106033,Second Class,Standard Class
CA-2011-127446,Standard Class,Standard Class
ES-2013-1713812,Same Day,First Class
IR-2014-4120,Standard Class,Standard Class
EZ-2014-4000,Second Class,Same Day
CA-2011-114321,Standard Class,Standard Class
IN-2014-14059,Standard Class,Standard Class
ID-2014-33659,Standard Class,Standard Class
IN-2014-13821,Standard Class,Standard Class
CA-2014-159597,Standard Class,Second Class
IN-2011-50361,Standard Class,Standard Class
CA-2013-137239,Standard Class,Standard Class
IN-2014-34877,Standard Class,Standard Class
ID-2012-86229,First Class,Standard Class
EG-2013-3040,Second Class,First Class
IN-2011-76625,Standard Class,Standard Class
CA-2013-100671,First Class,First Class
IN-2014-16635,Second Class,Standard Class
ES-2014-3229561,Standard Class,Standard Class
ID-2014-59776,First Class,Standard Class
CA-2014-138975,Standard Class,Second Class
CA-2011-141313,Standard Class,Standard Class
EG-2013-1510,Standard Class,Standard Class
ID-2014-71683,Standard Class,Standard Class
ES-2013-2754415,First Class,Same Day
IR-2014-1950,First Class,Second Class
IT-2011-4752666,Second Class,First Class
ES-2014-2128184,Second Class,Same Day
IN-2011-73055,Standard Class,Standard Class
IN-2011-33183,Second Class,Standard Class
ES-2014-3986366,Standard Class,Standard Class
CA-2013-126627,First Class,First Class
IN-2014-44719,Same Day,Standard Class
CA-2014-127026,Standard Class,Standard Class
CA-2013-163594,First Class,Standard Class
CA-2011-106439,Standard Class,Standard Class
IN-2012-46903,Second Class,Second Class
CA-2014-133263,Second Class,First Class
ID-2014-57501,First Class,Standard Class
ES-2011-1640672,First Class,First Class
ES-2013-1013413,First Class,Second Class
ES-2014-1133803,Same Day,First Class
ES-2012-3109926,Standard Class,Standard Class
ES-2014-3243241,Standard Class,Standard Class
CA-2012-130218,First Class,Standard Class
ID-2011-50655,Standard Class,Standard Class
IN-2012-40253,Standard Class,Standard Class
IN-2012-41590,Second Class,Standard Class
IN-2011-76625,Standard Class,Standard Class
CA-2012-112130,Standard Class,Same Day
CA-2011-165806,Same Day,Second Class
EG-2013-8450,Standard Class,Standard Class
ES-2012-1059749,First Class,First Class
CA-2013-149783,Second Class,First Class
IN-2012-84675,Standard Class,Second Class
ID-2014-16474,Standard Class,Standard Class
ID-2014-40358,Standard Class,Standard Class
IN-2013-12036,Standard Class,Standard Class
CA-2012-162201,Standard Class,Standard Class
ID-2014-27912,Standard Class,Standard Class
ES-2012-3539223,Standard Class,Same Day
IN-2011-50641,Standard Class,Standard Class
IN-2012-29354,Second Class,Same Day
CA-2011-460,Second Class,Standard Class
ES-2013-4569090,Standard Class,Standard Class
IN-2012-64081,Standard Class,Standard Class
IN-2013-64368,Standard Class,Standard Class
ES-2012-3346085,Standard Class,Standard Class
ES-2014-4794612,Second Class,Standard Class
IR-2011-7690,Second Class,Second Class
ES-2012-1724662,Standard Class,Standard Class
CA-2012-2740,Standard Class,Standard Class
CA-2014-110884,Standard Class,Standard Class
CA-2014-158407,Standard Class,Standard Class
CA-2013-133711,First Class,Standard Class
CA-2014-146164,Standard Class,Standard Class
IN-2014-18917,Second Class,Standard Class
CA-2012-166464,Standard Class,Standard Class
IT-2012-3009110,Standard Class,Second Class
IN-2012-79145,Standard Class,First Class
IR-2014-340,Standard Class,Standard Class
ES-2012-5207465,Standard Class,Standard Class
IN-2013-55170,Standard Class,Second Class
IN-2013-51285,Standard Class,Standard Class
IN-2014-37117,Standard Class,Standard Class
IN-2014-65488,First Class,First Class
CA-2011-112158,First Class,Standard Class
IT-2012-2805634,Standard Class,Standard Class
ES-2011-1228490,Second Class,Standard Class
CA-2013-138478,Second Class,Standard Class
CA-2014-6280,First Class,First Class
IT-2012-1125357,Standard Class,Standard Class
ES-2011-3285117,Standard Class,Standard Class
CA-2011-111962,Standard Class,Standard Class
CA-2014-3540,Standard Class,Standard Class
ES-2013-1001647,Standard Class,Second Class
IN-2013-64515,Standard Class,Standard Class
ID-2013-57004,Standard Class,Standard Class
ES-2014-3346135,Standard Class,Standard Class
ES-2014-5468847,Standard Class,Second Class
ES-2014-4673578,Second Class,Same Day
ES-2012-4352460,First Class,Standard Class
CA-2011-7860,Standard Class,Standard Class
IN-2011-70780,Same Day,Second Class
CA-2014-149048,Standard Class,Standard Class
CA-2014-117009,Standard Class,Standard Class
IN-2012-60714,Standard Class,Standard Class
ES-2013-2847029,Standard Class,Standard Class
ES-2012-4076315,Standard Class,Standard Class
CA-2011-146591,First Class,First Class
IN-2011-28087,Second Class,Second Class
CA-2014-147039,Standard Class,Standard Class
GG-2013-40,Standard Class,Standard Class
CA-2014-8740,Standard Class,Standard Class
ID-2014-57368,Standard Class,Standard Class
ES-2014-2826329,Second Class,Standard Class
IN-2013-12204,Standard Class,Standard Class
IN-2013-86488,Standard Class,Second Class
ES-2013-2368528,Standard Class,Standard Class
ES-2012-3025991,Standard Class,Standard Class
IN-2013-86061,Second Class,Second Class
CA-2012-100685,Second Class,Second Class
ES-2013-2161351,Standard Class,Standard Class
IN-2013-61274,Standard Class,Standard Class
ES-2012-2522694,Standard Class,Standard Class
CA-2014-127922,Standard Class,Standard Class
IN-2014-45734,Standard Class,Standard Class
CA-2014-4170,Standard Class,Standard Class
CA-2012-121188,Standard Class,Standard Class
ES-2011-3321216,Standard Class,Standard Class
CA-2012-113110,Standard Class,Standard Class
IN-2014-86341,First Class,Standard Class
GH-2014-4170,First Class,Standard Class
ID-2012-41408,Standard Class,Standard Class
ID-2011-64088,Standard Class,Standard Class
CA-2014-106180,Standard Class,Second Class
IR-2014-1640,Second Class,Second Class
ID-2014-43690,Standard Class,First Class
CM-2014-8250,Same Day,First Class
ES-2014-3206195,Standard Class,Standard Class
IN-2014-14402,Second Class,Standard Class
IN-2014-78151,Standard Class,Standard Class
ES-2013-4142253,Standard Class,Standard Class
CA-2012-8790,First Class,Second Class
IN-2013-37929,Second Class,Second Class
CA-2013-136126,Same Day,First Class
CA-2011-111857,Second Class,Standard Class
IN-2014-33666,Standard Class,Standard Class
CA-2012-131338,First Class,First Class
CA-2011-127866,First Class,Second Class
IT-2011-3513943,Standard Class,Standard Class
ES-2013-4798193,Second Class,Standard Class
CA-2014-113453,Standard Class,Standard Class
ES-2013-3878132,Standard Class,Standard Class
CA-2013-169838,Standard Class,Standard Class
ES-2012-4727188,Second Class,Standard Class
IT-2012-2805634,Standard Class,Standard Class
ES-2011-3091823,Standard Class,Second Class
CA-2011-111871,Second Class,Same Day
IN-2012-63080,Standard Class,Standard Class
IN-2014-26260,Second Class,Standard Class
CA-2012-123456,Standard Class,Standard Class
IN-2014-68057,Standard Class,Standard Class
IN-2011-75673,First Class,First Class
IN-2011-45048,Standard Class,Standard Class
ID-2014-72047,Standard Class,Standard Class
CA-2014-169124,Standard Class,Standard Class
CA-2014-141439,Standard Class,Standard Class
ES-2014-3977309,Standard Class,Standard Class
CA-2014-143378,Standard Class,Standard Class
ES-2014-1120216,Standard Class,Standard Class
ES-2014-3147119,Standard Class,Second Class
CA-2011-138072,Standard Class,Standard Class
IN-2014-53070,Same Day,First Class
CA-2011-169775,Second Class,Standard Class
ID-2014-37579,Second Class,Standard Class
ID-2011-28395,Standard Class,Standard Class
ES-2012-1030632,Standard Class,Standard Class
CA-2012-118955,Standard Class,Standard Class
ES-2011-2287259,Standard Class,Standard Class
ES-2014-1415600,Standard Class,Standard Class
ES-2014-3277356,Second Class,Standard Class
GG-2014-7290,Standard Class,Standard Class
BU-2013-5320,First Class,First Class
IN-2011-71242,Standard Class,Standard Class
IR-2014-6250,Second Class,Standard Class
IN-2014-52034,Standard Class,Standard Class
CA-2011-148285,Standard Class,Standard Class
ID-2014-85655,Standard Class,Standard Class
IN-2011-63577,First Class,First Class
ES-2013-2700779,Standard Class,Standard Class
IT-2012-2825037,Standard Class,Standard Class
ES-2014-3994900,Second Class,Standard Class
ES-2013-1449332,Standard Class,Standard Class
IN-2014-34317,Second Class,Standard Class
CA-2014-169054,Standard Class,Second Class
ID-2014-43060,Standard Class,Standard Class
IN-2014-72796,Standard Class,Standard Class
ES-2014-5326009,First Class,Same Day
IN-2014-71291,Standard Class,Standard Class
ID-2013-38776,Standard Class,Standard Class
IN-2012-33848,Second Class,Standard Class
CA-2013-162726,Standard Class,Standard Class
IN-2014-44047,Standard Class,Standard Class
IN-2012-55289,Standard Class,Standard Class
CA-2013-163328,Second Class,Standard Class
CA-2011-101560,Second Class,First Class
ES-2014-4717877,First Class,First Class
CA-2014-163566,First Class,Second Class
ES-2014-2689172,Standard Class,Standard Class
IN-2014-63213,First Class,First Class
CA-2013-100041,Standard Class,Standard Class
IN-2011-86572,Second Class,Second Class
CA-2014-112725,Standard Class,Standard Class
EG-2012-1490,Standard Class,Second Class
IT-2011-5515844,First Class,First Class
ES-2014-5547121,First Class,First Class
GH-2013-8500,Standard Class,Standard Class
CA-2012-118871,Second Class,Standard Class
CA-2013-157217,First Class,Standard Class
ES-2014-2298874,Standard Class,Standard Class
ES-2013-2811578,Standard Class,Standard Class
CA-2011-101931,First Class,First Class
ID-2012-62807,Second Class,Standard Class
CA-2014-101728,Standard Class,First Class
CA-2013-118913,Standard Class,Standard Class
ID-2011-65117,Standard Class,Second Class
IN-2014-37117,Standard Class,Standard Class
ES-2011-2969148,Standard Class,Standard Class
ES-2011-5630309,First Class,First Class
ID-2011-72894,First Class,First Class
CA-2012-143616,Second Class,Second Class
ES-2014-5160531,Standard Class,Standard Class
ES-2012-1361094,Standard Class,Standard Class
CA-2012-158421,Standard Class,Standard Class
IN-2014-16635,Second Class,First Class
IR-2011-7730,Standard Class,Standard Class
IR-2013-7870,Standard Class,Standard Class
IN-2014-26106,Standard Class,Standard Class
ID-2011-58726,Second Class,Standard Class
IN-2011-78823,Standard Class,Standard Class
CA-2012-137113,Second Class,Standard Class
ES-2013-2385611,Second Class,Same Day
CA-2013-120250,First Class,First Class
IN-2014-23173,Standard Class,Standard Class
ID-2014-47554,Standard Class,Standard Class
AO-2014-8250,Standard Class,Standard Class
CA-2012-128027,Second Class,Standard Class
ES-2011-5008680,Standard Class,Standard Class
ES-2012-4702768,Standard Class,Standard Class
IN-2014-25266,Standard Class,Same Day
CA-2011-166863,Standard Class,Standard Class
CA-2013-113243,Standard Class,Standard Class
IN-2014-74294,Standard Class,Standard Class
ES-2013-2235900,Standard Class,Standard Class
IN-2011-67651,Second Class,First Class
AG-2014-4840,Standard Class,Second Class
IN-2014-47218,Standard Class,Second Class
IN-2014-29753,Standard Class,Standard Class
CA-2012-159786,Second Class,Second Class
CA-2011-164861,Second Class,Standard Class
IN-2014-23663,Standard Class,Standard Class
CA-2014-112515,Second Class,Standard Class
CA-2014-100013,Standard Class,Standard Class
ES-2011-4691256,Second Class,Second Class
CA-2013-1140,Second Class,Standard Class
IN-2014-32812,Standard Class,Standard Class
CA-2011-131800,Standard Class,Second Class
IS-2012-3230,Standard Class,Same Day
CA-2012-136469,First Class,First Class
IN-2014-45755,Standard Class,Standard Class
CA-2012-103933,First Class,First Class
ES-2012-1491373,Standard Class,Standard Class
ES-2014-5605089,Standard Class,Standard Class
IN-2012-63878,Standard Class,Standard Class
IN-2013-11973,Standard Class,Second Class
CA-2014-100902,Standard Class,Standard Class
ES-2011-1818378,Standard Class,Standard Class
CG-2014-1140,Second Class,Standard Class
CA-2014-103380,Standard Class,Second Class
IN-2011-10363,First Class,Same Day
IN-2011-40323,First Class,First Class
ES-2014-1867993,First Class,Second Class
ES-2014-2919686,Second Class,First Class
ES-2012-1790498,Standard Class,Standard Class
IN-2014-61932,Same Day,First Class
CA-2013-138583,Standard Class,Second Class
IN-2014-17104,Second Class,Standard Class
IN-2013-46455,Standard Class,Standard Class
CA-2012-127453,First Class,First Class
IN-2013-35745,Standard Class,Standard Class
IN-2014-75379,Standard Class,Standard Class
CG-2011-6250,Standard Class,Standard Class
ES-2014-2332714,Second Class,Standard Class
ES-2012-3412393,Standard Class,Standard Class
ES-2011-4942506,Second Class,Second Class
ES-2014-4506815,Standard Class,Second Class
ES-2012-2874029,Standard Class,Standard Class
IN-2012-71977,Second Class,Second Class
CA-2013-110982,First Class,Second Class
IN-2014-31132,Standard Class,Standard Class
BU-2012-4360,First Class,First Class
IT-2012-3985205,Second Class,Standard Class
IN-2013-36158,Standard Class,Standard Class
BN-2014-9200,Standard Class,Standard Class
CA-2013-9550,Same Day,First Class
CA-2014-147144,First Class,Second Class
IN-2013-83534,Standard Class,Standard Class
ES-2012-3083992,First Class,First Class
ID-2011-76884,Standard Class,Standard Class
IN-2014-54547,Standard Class,Standard Class
ES-2014-3880005,Standard Class,Second Class
ES-2012-2766375,Standard Class,Second Class
IN-2013-20303,Standard Class,Standard Class
CA-2012-112053,Second Class,Second Class
ES-2014-3986128,Standard Class,Standard Class
ES-2011-5235241,Same Day,First Class
HU-2011-630,Standard Class,Standard Class
CA-2014-121909,Standard Class,Standard Class
ID-2011-77619,First Class,Second Class
ES-2012-5755966,Standard Class,Standard Class
ES-2012-1558843,Standard Class,Standard Class
IN-2014-62849,Standard Class,Standard Class
IN-2014-16579,Second Class,Standard Class
AG-2012-8490,Standard Class,Standard Class
ES-2013-4250046,Second Class,Standard Class
IN-2014-21241,Standard Class,Standard Class
CA-2014-124744,Standard Class,Standard Class
CA-2012-157035,First Class,Standard Class
ID-2014-59769,First Class,First Class
IN-2013-60224,First Class,First Class
ES-2014-4697376,Standard Class,Standard Class
IN-2012-10209,Standard Class,Standard Class
ID-2011-74091,Standard Class,Standard Class
IN-2014-30817,Standard Class,Standard Class
IN-2013-69009,Standard Class,Standard Class
IN-2014-40484,Standard Class,Standard Class
CG-2011-9150,Standard Class,First Class
CA-2012-127824,Standard Class,Standard Class
IN-2013-64977,Second Class,Second Class
IN-2014-82939,Standard Class,Standard Class
ES-2013-1295215,Standard Class,Standard Class
CA-2013-158435,First Class,Standard Class
CA-2014-102407,Second Class,Standard Class
IN-2014-26981,Standard Class,First Class
CA-2012-149972,First Class,Same Day
ID-2013-49248,First Class,First Class
ES-2014-5530354,Standard Class,Standard Class
IN-2014-31559,Standard Class,Standard Class
CA-2011-107454,Standard Class,Standard Class
CA-2011-140165,First Class,First Class
IN-2011-48009,Standard Class,Standard Class
ES-2014-2845977,Standard Class,Standard Class
IN-2012-40638,Second Class,Second Class
IR-2012-3810,First Class,Same Day
CA-2014-143651,Standard Class,Standard Class
ES-2012-1462152,Second Class,Second Class
CA-2014-131632,Standard Class,Standard Class
CA-2011-100363,Standard Class,Standard Class
ES-2011-4154564,Standard Class,Standard Class
IN-2014-83919,Standard Class,Standard Class
ES-2013-3108011,Standard Class,Standard Class
IN-2012-76093,Standard Class,Standard Class
IN-2013-17188,Standard Class,Standard Class
CG-2014-5280,First Class,Second Class
IN-2014-79229,Standard Class,Standard Class
IN-2013-78711,Same Day,Second Class
CA-2011-130624,First Class,Standard Class
IN-2011-13723,First Class,Standard Class
ES-2013-4487295,First Class,Standard Class
ES-2014-5041758,Same Day,First Class
CA-2014-105214,First Class,Standard Class
CA-2012-107678,Standard Class,Standard Class
IN-2012-65915,Second Class,Standard Class
CA-2014-112844,Second Class,First Class
CA-2014-110,Second Class,Same Day
IN-2013-74231,First Class,First Class
IR-2014-6800,Second Class,First Class
IN-2013-58222,Standard Class,Standard Class
IN-2014-72348,Standard Class,Standard Class
ID-2012-30838,Standard Class,Standard Class
EG-2014-3540,Standard Class,Standard Class
IR-2014-4680,Standard Class,Standard Class
CA-2012-125066,Standard Class,Second Class
IN-2012-11812,Standard Class,Standard Class
ES-2011-4557691,Standard Class,Standard Class
IT-2012-5580946,Second Class,Standard Class
CA-2013-149111,Second Class,Standard Class
CA-2013-121671,Standard Class,Standard Class
CA-2014-126956,Standard Class,Standard Class
IN-2012-84157,Second Class,Second Class
CA-2012-137113,Second Class,First Class
ID-2013-54029,Second Class,Standard Class
CA-2011-139423,Standard Class,Second Class
GH-2012-2610,Second Class,Standard Class
CA-2014-150987,Standard Class,Standard Class
IN-2013-15396,Standard Class,Standard Class
ES-2013-5377036,Standard Class,Second Class
IN-2011-56990,First Class,Standard Class
IN-2011-42542,Second Class,Standard Class
CA-2012-113152,Standard Class,Standard Class
CA-2014-126914,Standard Class,Standard Class
EG-2013-8450,Standard Class,Standard Class
ES-2011-5298002,First Class,First Class
IN-2012-47750,First Class,Same Day
IN-2011-36494,Standard Class,Standard Class
CA-2013-114307,Standard Class,Standard Class
GH-2014-2800,Standard Class,Second Class
IN-2012-74168,Standard Class,Standard Class
ID-2014-81875,First Class,Standard Class
CA-2011-120838,Second Class,Second Class
CA-2012-126557,Second Class,First Class
CA-2014-104318,Standard Class,Second Class
IN-2013-31055,Standard Class,Second Class
IN-2014-66377,Standard Class,Standard Class
IR-2011-6620,First Class,Standard Class
ES-2014-1995148,Standard Class,Standard Class
ES-2011-3832823,First Class,Standard Class
IN-2013-16712,Second Class,First Class
ES-2012-5575159,Same Day,First Class
CA-2014-580,Second Class,First Class
CA-2013-130638,Second Class,Standard Class
IN-2012-65915,Second Class,Standard Class
ES-2011-2117222,Standard Class,Standard Class
IN-2012-75512,Second Class,First Class
ID-2011-57179,Standard Class,Standard Class
IN-2012-53175,Standard Class,Standard Class
IN-2014-48870,Standard Class,Standard Class
CA-2011-142965,Same Day,First Class
CA-2012-128083,Standard Class,Standard Class
ES-2013-3007238,Standard Class,Standard Class
CA-2012-112130,Standard Class,Second Class
IT-2012-1201809,Second Class,Standard Class
CA-2011-104738,Second Class,First Class
IN-2011-46322,First Class,Second Class
IN-2011-56948,Standard Class,Standard Class
CA-2011-111157,Standard Class,Standard Class
CA-2012-137302,Standard Class,Standard Class
ES-2014-4506815,Standard Class,Standard Class
CA-2014-149559,Same Day,Second Class
CA-2013-156265,Second Class,First Class
ES-2014-3290601,Standard Class,Same Day
ID-2013-83226,Standard Class,Standard Class
CA-2012-115798,Standard Class,Standard Class
EG-2012-3660,Standard Class,Standard Class
CA-2014-160724,Standard Class,First Class
IN-2013-74182,Standard Class,Standard Class
ES-2012-4180291,Standard Class,Standard Class
IN-2012-16845,Standard Class,Standard Class
IR-2012-1100,Standard Class,Standard Class
CA-2011-139892,Standard Class,Standard Class
ES-2013-3724793,Standard Class,Standard Class
CA-2014-100622,Standard Class,Standard Class
IN-2012-33064,Standard Class,Standard Class
CA-2012-107468,Standard Class,Second Class
ES-2012-3082564,Standard Class,Standard Class
ES-2013-5504883,Standard Class,Standard Class
ID-2013-64011,Standard Class,Standard Class
IN-2014-35171,Standard Class,Standard Class
GH-2012-9310,Standard Class,Standard Class
ID-2014-58572,Standard Class,Standard Class
ES-2013-2409754,First Class,First Class
ES-2013-3161182,Standard Class,Standard Class
CA-2011-100916,Standard Class,Standard Class
IN-2014-34632,First Class,Standard Class
CA-2011-105165,First Class,Standard Class
CA-2011-113887,First Class,First Class
ES-2011-2302372,Same Day,Second Class
CA-2011-141278,First Class,Same Day
IN-2011-14612,Same Day,Second Class
ES-2012-4765389,Second Class,First Class
CA-2013-9030,Standard Class,Second Class
CA-2013-140501,Standard Class,Standard Class
ID-2013-12624,Second Class,Standard Class
CA-2013-152471,Same Day,Standard Class
IT-2012-4844477,Standard Class,First Class
CA-2014-151358,Standard Class,Standard Class
IN-2013-83485,Standard Class,Standard Class
IN-2014-17223,Second Class,First Class
IN-2012-50886,First Class,Second Class
CA-2014-6810,Same Day,Standard Class
CA-2012-119480,Standard Class,Standard Class
ID-2013-64970,Standard Class,Second Class
ID-2014-84661,Second Class,Standard Class
IN-2013-85550,First Class,Second Class
IR-2013-8370,Second Class,Second Class
BU-2012-9650,First Class,Same Day
ES-2011-1875818,Standard Class,Standard Class
ES-2013-1621921,First Class,Same Day
CA-2014-112774,First Class,First Class
ID-2014-15578,Second Class,Standard Class
CA-2014-162929,First Class,First Class
IN-2013-55933,Standard Class,Second Class
ES-2012-4311074,Standard Class,Second Class
IN-2011-76163,Second Class,Standard Class
ES-2014-4957212,First Class,Standard Class
CA-2012-100545,Standard Class,Standard Class
CA-2013-100244,Standard Class,Second Class
IN-2013-69541,Second Class,Second Class
CA-2014-106831,First Class,First Class
ES-2014-5060319,First Class,Standard Class
IR-2012-1910,Second Class,Standard Class
CA-2014-163139,Second Class,First Class
ID-2014-56983,Standard Class,Standard Class
CA-2013-144855,Second Class,Same Day
CA-2013-165918,Standard Class,Standard Class
HU-2014-1960,Second Class,Second Class
IN-2012-45097,Standard Class,Same Day
CA-2014-124744,Standard Class,Standard Class
IN-2013-52552,Second Class,First Class
CA-2013-153661,First Class,Standard Class
IR-2014-9290,Standard Class,Standard Class
IN-2014-33099,First Class,First Class
IN-2014-85207,Standard Class,Standard Class
IN-2012-67084,Same Day,Second Class
IN-2014-64347,Standard Class,Standard Class
ES-2012-3877819,Standard Class,Standard Class
ES-2012-4424003,Standard Class,Standard Class
ID-2012-67126,Second Class,Standard Class
CA-2014-150266,Standard Class,Standard Class
CA-2011-123400,Standard Class,Standard Class
ES-2013-5376470,Standard Class,Standard Class
IN-2014-41093,Second Class,Standard Class
ES-2013-4362848,Same Day,First Class
CA-2011-102869,Second Class,Standard Class
ES-2012-2123999,Standard Class,Standard Class
IN-2012-41233,Standard Class,Standard Class
IN-2014-69576,Standard Class,Second Class
ES-2012-4904223,Same Day,Standard Class
CA-2014-121888,Second Class,Second Class
ES-2014-5075420,Standard Class,Second Class
ES-2013-2417633,Standard Class,Standard Class
ES-2013-3158245,Standard Class,Standard Class
IN-2011-69366,Standard Class,Standard Class
CA-2012-166492,First Class,Standard Class
IN-2012-84080,Same Day,Same Day
IN-2014-52412,Second Class,Standard Class
IR-2012-1430,Standard Class,Same Day
CA-2012-128608,Standard Class,Second Class
ES-2012-5659427,Standard Class,Second Class
IR-2014-1180,Standard Class,Standard Class
ES-2013-1788644,Standard Class,Standard Class
ES-2012-1530191,First Class,First Class
ES-2014-3811628,Standard Class,Standard Class
CA-2013-140501,Standard Class,Standard Class
ES-2013-4034655,Standard Class,Standard Class
IN-2014-15263,Standard Class,Standard Class
IT-2011-5001014,Standard Class,Standard Class
IT-2012-2699123,Second Class,First Class
IT-2012-5141433,First Class,Second Class
IN-2014-27303,Standard Class,Second Class
CA-2014-100615,Standard Class,Standard Class
ID-2013-10909,Standard Class,Second Class
IN-2012-40785,Standard Class,Second Class
ES-2011-2382517,Standard Class,Standard Class
IT-2011-2226067,Second Class,First Class
CA-2011-153479,Standard Class,First Class
IN-2012-22431,First Class,Second Class
EG-2013-8450,Standard Class,Standard Class
IN-2014-29893,Standard Class,Standard Class
ES-2014-2426460,Same Day,Standard Class
ES-2013-4477075,First Class,Second Class
IN-2013-17566,Standard Class,Standard Class
IN-2012-50886,First Class,First Class
CA-2013-123050,Second Class,Standard Class
IN-2013-26519,First Class,Standard Class
CA-2012-136224,Same Day,First Class
ES-2013-2639112,Standard Class,Standard Class
ES-2012-4002217,Standard Class,Standard Class
CA-2011-116239,Same Day,First Class
IN-2014-46777,Standard Class,Standard Class
ES-2012-1671236,First Class,First Class
ID-2011-53525,First Class,First Class
ES-2012-1030632,Standard Class,Standard Class
IN-2012-39777,Standard Class,Standard Class
CA-2011-114643,Standard Class,Second Class
ES-2013-4434786,Second Class,Second Class
IN-2014-62275,Second Class,Second Class
ID-2014-84269,First Class,Second Class
CA-2011-138681,First Class,Standard Class
ES-2014-1275584,Standard Class,Standard Class
CA-2014-137428,Second Class,First Class
IN-2014-50977,Standard Class,Second Class
IN-2014-84339,Second Class,Same Day
IN-2013-22578,First Class,First Class
IN-2012-46952,Second Class,Standard Class
IR-2013-7320,Standard Class,Standard Class
CA-2011-114510,Standard Class,Standard Class
IN-2014-69205,Standard Class,Standard Class
ID-2012-10139,Standard Class,Standard Class
ID-2012-10230,First Class,First Class
CA-2012-150749,Second Class,First Class
IN-2013-53882,First Class,First Class
CA-2014-117821,Standard Class,First Class
ID-2014-25175,Standard Class,Standard Class
CG-2013-6800,Standard Class,Standard Class
GH-2012-3930,Second Class,Second Class
HU-2011-1380,Same Day,Same Day
IN-2013-79929,Standard Class,Standard Class
IN-2012-40029,Standard Class,Standard Class
ES-2013-2493030,Standard Class,Standard Class
AO-2013-1140,Standard Class,Standard Class
ES-2014-3243241,Standard Class,Standard Class
CA-2012-109337,Second Class,Same Day
IN-2013-79600,First Class,Standard Class
ES-2012-1473317,Standard Class,Standard Class
ES-2011-5540627,Standard Class,Standard Class
IN-2011-69429,Standard Class,Standard Class
CA-2013-103107,Same Day,Second Class
ES-2014-2707054,Standard Class,Second Class
CA-2013-137729,Standard Class,Standard Class
IN-2014-65817,Standard Class,Standard Class
CA-2014-144932,First Class,Standard Class
CA-2013-168893,Second Class,Second Class
IN-2011-47526,Standard Class,Standard Class
ES-2011-1436413,Standard Class,Standard Class
IN-2013-20177,First Class,First Class
IN-2011-22830,First Class,Second Class
EG-2012-3660,Standard Class,Standard Class
CA-2012-127509,Standard Class,Standard Class
CA-2011-128055,Standard Class,Standard Class
IN-2014-61967,Standard Class,Standard Class
ES-2013-5080538,Second Class,Standard Class
CA-2014-147207,Second Class,Standard Class
CA-2012-121965,Standard Class,Standard Class
CA-2012-124107,Second Class,Same Day
IN-2012-12841,Standard Class,Standard Class
IN-2014-44257,Second Class,Standard Class
ES-2012-3631542,Standard Class,Standard Class
ES-2013-1830556,Standard Class,Second Class
ES-2011-1916591,Standard Class,Standard Class
CG-2012-3820,Standard Class,First Class
IT-2011-4977940,First Class,First Class
ID-2012-31118,Second Class,First Class
CA-2012-126725,Standard Class,Second Class
ES-2011-3523269,Standard Class,Standard Class
ES-2012-1355636,Second Class,Standard Class
CA-2012-117884,Same Day,Second Class
CA-2011-123064,First Class,Same Day
IN-2013-46609,Standard Class,Standard Class
IR-2011-4770,Standard Class,Standard Class
AG-2012-4060,First Class,Standard Class
CA-2013-153577,Standard Class,Standard Class
ID-2014-57081,Standard Class,Standard Class
CA-2013-155747,Standard Class,Standard Class
ES-2011-3814733,Standard Class,Standard Class
IN-2014-79775,Standard Class,Standard Class
IN-2014-35157,Second Class,Standard Class
IN-2013-24790,Standard Class,Second Class
ID-2013-37495,First Class,Standard Class
CA-2014-124716,Standard Class,Second Class
ID-2014-81329,Second Class,Second Class
ES-2014-2280822,Second Class,First Class
ES-2012-3131770,Standard Class,Standard Class
ES-2014-3540279,Standard Class,Standard Class
ID-2012-81189,Standard Class,Standard Class
ID-2014-83415,Second Class,Same Day
ES-2014-2018081,Standard Class,Standard Class
IN-2013-33372,Standard Class,Standard Class
CA-2014-125290,Second Class,Same Day
CA-2014-4720,Standard Class,Second Class
ES-2011-2619050,First Class,Standard Class
ES-2013-1220787,First Class,First Class
IN-2011-16362,Standard Class,Standard Class
IR-2013-2540,Standard Class,Standard Class
CA-2014-151799,Standard Class,Same Day
ID-2014-38027,First Class,Same Day
CA-2014-168193,Second Class,Second Class
ES-2014-4937476,Second Class,Standard Class
ES-2013-1135793,Standard Class,Standard Class
IN-2014-22718,Second Class,First Class
IN-2014-40484,Standard Class,Standard Class
ES-2014-3931503,Standard Class,Standard Class
ID-2013-31720,Second Class,First Class
IN-2013-42234,Standard Class,Standard Class
CA-2012-100818,Second Class,First Class
CA-2012-153325,Second Class,Standard Class
CA-2013-106075,Standard Class,Standard Class
IN-2013-58691,Standard Class,Standard Class
IN-2014-79544,First Class,First Class
ES-2014-3986842,Standard Class,Standard Class
IN-2013-76667,Second Class,Standard Class
CA-2014-102925,Second Class,Standard Class
ID-2013-81525,Standard Class,Standard Class
IN-2011-47701,Same Day,First Class
ES-2013-1295215,Standard Class,Standard Class
CA-2013-148684,Standard Class,Standard Class
IN-2014-61211,Standard Class,Standard Class
ES-2012-1382586,Standard Class,Standard Class
ES-2012-3877819,Standard Class,Second Class
ES-2012-3540273,Standard Class,Standard Class
CA-2011-166191,Second Class,Second Class
IN-2014-14780,Standard Class,Second Class
ES-2012-5414152,Standard Class,Standard Class
IT-2012-4853510,Second Class,Second Class
IN-2012-59391,Second Class,First Class
CA-2013-152646,Standard Class,Standard Class
IN-2014-66755,Standard Class,Standard Class
IN-2014-34639,Standard Class,Standard Class
CA-2014-153654,Second Class,Standard Class
CA-2014-162978,Standard Class,Standard Class
IN-2014-51222,First Class,First Class
CA-2013-110044,Second Class,Second Class
ID-2014-42717,Standard Class,Standard Class
IN-2011-81833,Standard Class,Standard Class
IR-2013-3590,Standard Class,Standard Class
ES-2013-2527425,Same Day,First Class
ES-2011-1043483,Standard Class,Second Class
CA-2011-149104,Second Class,Same Day
CA-2013-158925,Standard Class,Standard Class
IN-2011-43375,Standard Class,Second Class
ID-2014-38069,Standard Class,Standard Class
IN-2014-61869,Standard Class,Second Class
ES-2013-1169960,Standard Class,Standard Class
IN-2011-50704,Standard Class,Standard Class
IN-2013-46406,Standard Class,Standard Class
IN-2013-82771,Same Day,Same Day
ES-2014-5900887,Standard Class,Standard Class
CA-2013-155166,Standard Class,Standard Class
IR-2014-6850,Second Class,Same Day
IN-2014-21451,Standard Class,Standard Class
CA-2011-103310,Standard Class,Standard Class
ES-2011-1539879,Standard Class,Standard Class
ID-2013-66559,Standard Class,Standard Class
IN-2013-26148,Same Day,First Class
CA-2014-141873,Standard Class,Standard Class
ID-2013-11462,Second Class,Second Class
ES-2012-4291867,Standard Class,Standard Class
ES-2013-5079814,Second Class,First Class
CA-2013-109666,Standard Class,Standard Class
CM-2014-8250,Same Day,Second Class
CA-2012-2420,Standard Class,Standard Class
IT-2011-1802563,Second Class,First Class
CA-2013-157161,Second Class,Standard Class
ES-2011-2542245,Same Day,Second Class
CA-2012-137750,Standard Class,Standard Class
IN-2011-10419,Standard Class,Standard Class
ES-2013-4937270,Standard Class,Standard Class
ES-2013-4569090,Standard Class,Standard Class
ID-2014-57221,Standard Class,Standard Class
CA-2014-127705,Standard Class,Standard Class
CA-2013-162383,Standard Class,Standard Class
ES-2012-3429212,Second Class,Standard Class
ES-2011-3717351,Standard Class,Second Class
IN-2014-15872,Second Class,Standard Class
ES-2013-1925248,Standard Class,Standard Class
IN-2011-82533,Standard Class,Standard Class
CA-2014-135279,First Class,Second Class
ES-2012-3246286,Standard Class,Standard Class
CA-2014-117870,Second Class,First Class
IN-2012-41261,Standard Class,Standard Class
ES-2014-1928209,Second Class,Standard Class
ES-2012-3613797,Second Class,Standard Class
IN-2013-66776,Standard Class,Standard Class
ID-2014-57627,Standard Class,Standard Class
IT-2012-1125357,Standard Class,Same Day
ID-2012-62345,First Class,Second Class
CA-2014-135937,Standard Class,Standard Class
ES-2011-4237527,First Class,Second Class
CA-2011-139542,Standard Class,Standard Class
ES-2012-5507408,Second Class,First Class
ID-2012-31118,Second Class,Second Class
ES-2014-2901676,Standard Class,Standard Class
ES-2013-1964432,Standard Class,Standard Class
IN-2013-22109,Standard Class,Standard Class
IN-2014-76282,Second Class,Standard Class
IR-2013-8920,Standard Class,Standard Class
IN-2011-45993,Second Class,Standard Class
CA-2013-111213,Standard Class,Standard Class
AJ-2011-4460,Same Day,First Class
CA-2014-117485,Standard Class,Standard Class
IN-2011-75806,Standard Class,Standard Class
ES-2014-4221464,Standard Class,Standard Class
CA-2013-169887,Same Day,Same Day
ID-2013-49248,First Class,Second Class
ID-2013-16593,Standard Class,Standard Class
CA-2014-139493,Standard Class,Standard Class
IT-2011-4770705,Standard Class,Standard Class
ES-2013-3159008,Standard Class,Second Class
CA-2014-105487,Standard Class,Standard Class
CA-2011-151792,Second Class,Standard Class
ES-2014-1237764,Standard Class,Standard Class
IN-2013-82323,Standard Class,Second Class
CA-2014-152961,Standard Class,Standard Class
IN-2012-60161,Standard Class,Standard Class
IT-2011-2852736,Standard Class,Standard Class
IS-2013-8240,Standard Class,Standard Class
ES-2012-3079444,First Class,Second Class
CA-2014-147354,Standard Class,Standard Class
IN-2014-12911,Standard Class,Second Class
IN-2014-85823,First Class,Second Class
CA-2013-133550,Standard Class,Standard Class
CA-2012-109638,Standard Class,Standard Class
ES-2014-5931653,Standard Class,Standard Class
IN-2014-33792,Standard Class,Standard Class
ES-2012-4928233,Standard Class,Standard Class
CA-2014-116939,Standard Class,Second Class
CA-2011-113320,Second Class,Standard Class
IN-2011-67784,Standard Class,Standard Class
ES-2011-1705541,Standard Class,Standard Class
ES-2012-5186485,First Class,First Class
IN-2014-20408,Standard Class,Standard Class
IT-2012-4058325,First Class,First Class
ES-2014-3066003,Standard Class,Standard Class
IT-2011-3459226,Standard Class,Standard Class
ES-2014-4490505,Second Class,Standard Class
ID-2012-79999,Standard Class,Standard Class
CA-2013-166618,Standard Class,Standard Class
ID-2013-33967,First Class,Second Class
IT-2011-4913699,First Class,First Class
ES-2013-1243709,Second Class,First Class
CA-2013-132997,First Class,Standard Class
ID-2012-63535,Standard Class,Standard Class
CA-2012-135020,Standard Class,Standard Class
ES-2014-4319234,First Class,Standard Class
ES-2014-2683298,Standard Class,Standard Class
GH-2014-2840,Second Class,Standard Class
CA-2014-106852,Standard Class,Standard Class
CA-2013-145499,First Class,First Class
ES-2012-2939495,Standard Class,Standard Class
CA-2013-169887,Same Day,Same Day
IR-2012-3790,Standard Class,Standard Class
ES-2014-4361506,Standard Class,Standard Class
CA-2013-163216,First Class,First Class
CA-2013-125843,First Class,First Class
CA-2014-148999,Standard Class,Standard Class
CA-2011-133424,Standard Class,Standard Class
IN-2012-39777,Standard Class,Standard Class
IS-2013-7490,First Class,Same Day
ID-2014-48191,Standard Class,Second Class
ES-2013-5271850,Standard Class,Standard Class
CA-2012-130883,Standard Class,Standard Class
IN-2011-19323,Standard Class,Standard Class
IR-2012-6980,Standard Class,Standard Class
ID-2012-35276,Same Day,Standard Class
ID-2014-86670,Standard Class,Standard Class
CA-2012-154200,Standard Class,First Class
ES-2014-1839297,Standard Class,Second Class
IN-2012-13933,Standard Class,Standard Class
CA-2013-105816,Standard Class,Standard Class
ES-2014-1931437,Standard Class,Standard Class
EG-2014-4750,Standard Class,Standard Class
IN-2013-59132,Standard Class,Standard Class
IN-2011-83107,Standard Class,Standard Class
IN-2013-44936,Standard Class,Second Class
CA-2013-167507,Standard Class,Standard Class
IN-2013-60546,Standard Class,Standard Class
CA-2011-161634,Standard Class,Standard Class
BO-2014-620,Standard Class,Standard Class
IN-2012-63878,Standard Class,Standard Class
CA-2011-152905,Standard Class,Standard Class
IN-2013-58873,Standard Class,Standard Class
IN-2014-56528,Second Class,Standard Class
ES-2013-5310113,Standard Class,Standard Class
ES-2014-2992535,Standard Class,Standard Class
ES-2013-1686888,Second Class,First Class
ES-2012-3947984,Standard Class,Standard Class
ID-2014-11910,First Class,Same Day
CA-2014-138149,First Class,First Class
CA-2012-127173,Standard Class,Standard Class
IN-2013-55814,Standard Class,Standard Class
IN-2012-42605,First Class,Same Day
CA-2011-135993,Standard Class,Standard Class
IT-2011-1320928,Standard Class,Standard Class
CA-2013-105459,Second Class,Standard Class
CA-2012-140221,Second Class,First Class
CA-2013-157588,Standard Class,Standard Class
ES-2014-2624465,Standard Class,Standard Class
ID-2013-75820,Standard Class,Standard Class
CA-2012-156335,Second Class,Standard Class
ID-2013-35640,Second Class,Second Class
IN-2014-68638,Second Class,First Class
IN-2012-86698,Same Day,Second Class
ID-2012-72558,Standard Class,Standard Class
ES-2013-2222698,Same Day,Second Class
IN-2013-72068,Standard Class,Standard Class
IR-2012-1650,Second Class,Second Class
ES-2011-3121115,Standard Class,Standard Class
IN-2013-79530,Standard Class,First Class
CA-2011-126200,Standard Class,Standard Class
IN-2014-14780,Standard Class,Standard Class
CA-2011-122336,Second Class,Standard Class
ID-2011-23992,Same Day,Standard Class
IN-2013-42087,Standard Class,Standard Class
CA-2013-128412,Standard Class,Standard Class
EG-2013-6390,Standard Class,Second Class
ES-2011-1537002,Second Class,Standard Class
CA-2011-115812,Standard Class,Standard Class
CA-2013-139381,Standard Class,Standard Class
CM-2012-6440,First Class,Second Class
CA-2013-133144,Second Class,Standard Class
IN-2013-51243,Standard Class,Second Class
ES-2011-4450781,First Class,First Class
ES-2013-1001647,Standard Class,Standard Class
AO-2014-7960,Second Class,Standard Class
AG-2011-4450,Same Day,Same Day
IN-2013-33883,Second Class,Standard Class
CA-2011-146843,Standard Class,Standard Class
IT-2011-1780558,Standard Class,Standard Class
CA-2011-153808,Second Class,Second Class
CA-2013-125850,Standard Class,Standard Class
CA-2011-113271,Standard Class,Standard Class
CA-2014-139311,First Class,Second Class
IN-2014-53427,Standard Class,Standard Class
IN-2013-15921,Standard Class,Second Class
ES-2013-3621706,Second Class,Same Day
IN-2014-73258,Same Day,First Class
IN-2014-61813,Standard Class,Standard Class
ES-2012-4556851,First Class,Standard Class
ID-2014-41597,Second Class,First Class
EZ-2014-6060,Standard Class,Same Day
IN-2011-38349,Standard Class,Standard Class
AU-2014-1530,Standard Class,Standard Class
ES-2012-1404439,Standard Class,Standard Class
ID-2012-37082,Standard Class,Standard Class
CA-2014-118213,First Class,Standard Class
ID-2011-36172,Standard Class,Standard Class
CA-2011-100678,Standard Class,Standard Class
IN-2014-56108,Standard Class,Standard Class
IN-2014-69205,Standard Class,Standard Class
IN-2012-42479,Second Class,First Class
ES-2014-5566428,Standard Class,Standard Class
CA-2014-156958,First Class,First Class
IN-2013-84997,Second Class,Second Class
IN-2014-20226,First Class,First Class
CA-2014-4720,Standard Class,Standard Class
ID-2012-63899,Standard Class,Second Class
ES-2014-1166113,Second Class,Standard Class
IR-2012-7970,Standard Class,Same Day
ES-2013-2453999,Standard Class,Second Class
ID-2013-51446,Standard Class,Standard Class
ES-2014-3977309,Standard Class,Standard Class
CA-2013-118101,Same Day,Second Class
CA-2013-131065,Second Class,First Class
IN-2011-38202,Standard Class,Standard Class
ES-2013-1912825,Standard Class,Standard Class
ES-2012-3231769,Same Day,First Class
ID-2012-85522,First Class,Standard Class
CA-2013-130050,Second Class,Standard Class
ES-2011-1010958,Standard Class,Second Class
IN-2012-59874,Second Class,Standard Class
ES-2014-4023075,Standard Class,Standard Class
ES-2011-5338028,Second Class,Standard Class
CA-2013-119186,Same Day,First Class
CA-2012-115392,Second Class,Standard Class
CA-2014-144932,First Class,Standard Class
IN-2013-57641,Second Class,Second Class
AG-2011-9670,First Class,Standard Class
IN-2012-21234,Standard Class,Standard Class
CA-2014-111556,First Class,First Class
CA-2013-110772,Second Class,Standard Class
IN-2014-71886,Standard Class,First Class
ES-2013-3595472,Standard Class,Standard Class
ES-2012-3944475,Standard Class,Standard Class
IN-2014-53070,Same Day,Standard Class
CA-2013-106243,Standard Class,Standard Class
CA-2014-151750,Standard Class,Standard Class
IN-2013-51103,Second Class,First Class
CA-2012-146262,Standard Class,Standard Class
IR-2011-770,Standard Class,Standard Class
ES-2013-4599518,Standard Class,Standard Class
CA-2014-142034,Standard Class,First Class
ES-2014-5822421,Standard Class,Standard Class
EZ-2014-2460,Standard Class,Standard Class
CA-2011-117464,Second Class,Second Class
CA-2013-123512,First Class,Second Class
IN-2011-79663,Standard Class,Standard Class
IN-2012-33218,Second Class,Second Class
IN-2013-15277,Same Day,First Class
IN-2013-78970,Standard Class,Standard Class
ES-2013-1777796,Standard Class,Standard Class
IT-2011-2323076,Second Class,Standard Class
CA-2012-2740,Standard Class,Standard Class
IN-2013-58481,Standard Class,Standard Class
ES-2013-3904236,Standard Class,Standard Class
CA-2011-128888,Standard Class,Second Class
CA-2014-140760,Second Class,Standard Class
CA-2011-103401,Standard Class,Standard Class
CA-2012-159534,First Class,First Class
IN-2014-65992,Standard Class,Standard Class
IN-2014-30264,Standard Class,Standard Class
ID-2012-47190,Second Class,First Class
ID-2012-22858,Standard Class,Standard Class
IR-2013-4780,Standard Class,Standard Class
IN-2014-66755,Standard Class,Standard Class
ID-2013-25742,First Class,Standard Class
IN-2013-60812,First Class,Same Day
ES-2013-4429605,First Class,Second Class
CA-2013-106950,Standard Class,First Class
IN-2014-53574,Standard Class,Standard Class
ID-2013-78382,First Class,Second Class
CA-2013-113845,Standard Class,Standard Class
CA-2013-129126,Standard Class,Standard Class
ES-2011-1761215,Second Class,Second Class
CA-2014-101049,Second Class,Standard Class
EZ-2014-2460,Standard Class,Standard Class
CA-2012-113628,Standard Class,Standard Class
IN-2012-78886,Second Class,Standard Class
IN-2013-55555,Standard Class,Second Class
CA-2014-126074,Standard Class,Standard Class
ID-2013-29151,Standard Class,Standard Class
CA-2011-114195,First Class,Second Class
CA-2014-151855,Standard Class,Standard Class
ID-2012-13058,Standard Class,Standard Class
CG-2011-30,Standard Class,Standard Class
CA-2012-112767,Standard Class,Standard Class
ES-2013-1436499,Standard Class,Second Class
CA-2012-126725,Standard Class,Second Class
ES-2014-3381506,Standard Class,Standard Class
CA-2014-130904,Standard Class,Standard Class
CG-2014-80,Standard Class,Standard Class
IN-2013-48324,Standard Class,Same Day
EG-2014-9970,First Class,First Class
CA-2013-147536,Standard Class,Second Class
IN-2013-27492,Standard Class,Standard Class
CA-2011-128237,Standard Class,Standard Class
ES-2013-1446055,Standard Class,Second Class
ES-2012-2809459,Standard Class,Same Day
CA-2012-156734,First Class,First Class
BU-2014-370,Second Class,Second Class
ES-2014-2896926,Standard Class,Standard Class
IN-2014-48275,Standard Class,Standard Class
CA-2012-110093,Standard Class,Standard Class
ES-2013-2573970,Standard Class,Standard Class
CG-2014-7050,Second Class,Second Class
CA-2014-137463,Second Class,Standard Class
CA-2014-118521,Standard Class,Standard Class
CA-2011-149958,Standard Class,Standard Class
ES-2013-2791758,Standard Class,Standard Class
CA-2011-138128,Standard Class,Standard Class
ES-2013-2522918,First Class,First Class
ES-2014-5767912,Standard Class,Standard Class
HU-2014-8110,Standard Class,Standard Class
ES-2012-1779420,Second Class,Standard Class
CA-2012-111094,Standard Class,Standard Class
CA-2011-168823,First Class,Standard Class
ID-2013-64011,Standard Class,Standard Class
ES-2013-4250046,Second Class,Standard Class
CA-2014-119193,First Class,Same Day
CA-2014-162033,Standard Class,Standard Class
ES-2013-3980089,Standard Class,Standard Class
IR-2011-6000,Standard Class,Standard Class
IN-2013-77766,Standard Class,Standard Class
IS-2013-8820,Standard Class,Standard Class
ES-2014-3499273,First Class,Second Class
ES-2012-3376474,Standard Class,Second Class
ID-2011-31818,Standard Class,Standard Class
ES-2013-1906012,Standard Class,Second Class
CA-2013-114538,First Class,Same Day
CA-2012-130365,Standard Class,Standard Class
ID-2014-84269,First Class,First Class
IN-2014-29795,Second Class,Standard Class
CA-2013-138478,Second Class,Standard Class
CA-2014-152436,Second Class,Standard Class
ES-2014-4297152,Standard Class,Standard Class
IN-2012-24209,Standard Class,Standard Class
ES-2013-4492967,Standard Class,Standard Class
CA-2012-123113,Second Class,First Class
EG-2012-3730,Second Class,Second Class
ES-2011-4182812,First Class,Standard Class
CA-2012-110247,Standard Class,Standard Class
IT-2012-5199936,Standard Class,Standard Class
CA-2011-160766,Same Day,Second Class
EZ-2012-1620,Second Class,Second Class
ES-2012-3667418,Standard Class,Standard Class
ES-2012-3820035,Standard Class,Second Class
ES-2013-4408752,Standard Class,Standard Class
ID-2014-85438,Standard Class,Standard Class
IT-2011-5910162,Standard Class,Standard Class
CA-2013-153661,First Class,Second Class
CA-2013-104689,Standard Class,Standard Class
IN-2013-77766,Standard Class,Standard Class
CA-2014-140963,First Class,Second Class
CA-2011-103317,First Class,Second Class
IT-2011-1320928,Standard Class,Standard Class
ES-2014-5017334,Standard Class,Standard Class
IN-2011-51964,First Class,First Class
IN-2012-28024,Standard Class,Standard Class
CA-2014-111738,Standard Class,Standard Class
CA-2013-113236,Second Class,First Class
ID-2013-72243,Standard Class,Standard Class
IN-2013-78606,Standard Class,Standard Class
CA-2011-146864,Standard Class,Standard Class
IN-2013-71249,First Class,Second Class
IN-2014-57578,Standard Class,Standard Class
IN-2013-84997,Second Class,Standard Class
IN-2014-70276,Standard Class,Standard Class
CG-2011-2230,Standard Class,Standard Class
ES-2014-2151781,Standard Class,Standard Class
CA-2011-138681,First Class,First Class
IN-2014-13044,Second Class,Standard Class
ES-2011-4806518,Standard Class,Standard Class
IN-2012-25413,Standard Class,Standard Class
CA-2014-107825,Same Day,First Class
IN-2012-72229,Second Class,Standard Class
IN-2012-35717,Second Class,First Class
ES-2014-5590313,First Class,First Class
ES-2011-1276768,Standard Class,Standard Class
CA-2011-123344,Standard Class,Standard Class
ES-2014-2751060,Standard Class,Standard Class
IN-2014-29669,First Class,First Class
ES-2013-4283793,Standard Class,Standard Class
ID-2011-39721,Standard Class,Standard Class
CA-2014-107797,Second Class,Standard Class
IN-2014-24314,Standard Class,Standard Class
EG-2013-8790,Standard Class,Standard Class
ES-2011-1962134,Standard Class,Standard Class
ES-2014-3319612,Standard Class,First Class
IN-2014-28675,Standard Class,Standard Class
IS-2013-390,Second Class,Same Day
ES-2013-5911126,Second Class,Second Class
CA-2014-121160,Same Day,Standard Class
ID-2014-73678,Standard Class,Standard Class
CA-2013-155187,Second Class,Second Class
ES-2011-4040727,First Class,Standard Class
AG-2014-8240,Standard Class,Second Class
EG-2012-1980,Second Class,Standard Class
ES-2012-3944475,Standard Class,Standard Class
ES-2011-2377967,Standard Class,Standard Class
IN-2014-31790,First Class,First Class
CA-2012-112522,Standard Class,Standard Class
ID-2014-44271,Standard Class,Standard Class
CA-2013-130407,Standard Class,Standard Class
ES-2014-3223979,Standard Class,First Class
ES-2012-2376278,Standard Class,Standard Class
ID-2014-44271,Standard Class,Standard Class
CA-2013-125206,First Class,Second Class
IR-2012-9210,Standard Class,Standard Class
EG-2012-3730,Second Class,First Class
IN-2012-43508,Standard Class,Standard Class
CA-2013-113747,Standard Class,Standard Class
IN-2014-38664,First Class,First Class
ES-2012-2224678,Standard Class,First Class
CA-2011-117345,Standard Class,Standard Class
IN-2014-15872,Second Class,Second Class
IN-2014-60168,Standard Class,Standard Class
ES-2014-2835815,Second Class,Standard Class
EG-2014-5260,Standard Class,Standard Class
IN-2013-52972,Standard Class,Standard Class
ID-2013-50872,Standard Class,Standard Class
IT-2011-5084706,Standard Class,Standard Class
ES-2013-1450713,Standard Class,Standard Class
CA-2014-108035,Standard Class,Standard Class
CA-2014-102337,First Class,Standard Class
ES-2014-4032097,First Class,Same Day
CA-2013-118899,Same Day,First Class
CA-2011-110527,Standard Class,Standard Class
ID-2013-67371,Standard Class,Standard Class
IN-2014-48625,Standard Class,Standard Class
IN-2012-75428,First Class,Second Class
ID-2012-70213,Second Class,Same Day
ID-2012-64844,Standard Class,Standard Class
ES-2013-5239444,Second Class,First Class
ES-2012-3715659,Second Class,Second Class
ES-2012-2930191,Standard Class,Standard Class
CA-2013-120558,First Class,First Class
ES-2014-4427159,Standard Class,Standard Class
IN-2012-76142,First Class,First Class
IN-2014-42808,Standard Class,Standard Class
IN-2013-74350,Second Class,First Class
ES-2014-3290601,Standard Class,Same Day
CA-2013-128818,Standard Class,Standard Class
ES-2011-3341008,First Class,First Class
IN-2012-17664,Standard Class,Standard Class
CA-2014-166695,Standard Class,Second Class
ES-2014-5022243,First Class,Standard Class
ES-2013-5802089,First Class,First Class
IN-2013-82323,Standard Class,Standard Class
CA-2013-111682,First Class,First Class
ES-2012-3791638,Second Class,Standard Class
IN-2014-34632,First Class,First Class
IN-2013-48184,Same Day,First Class
IN-2014-66349,Standard Class,Standard Class
AG-2013-640,Second Class,Standard Class
ES-2012-1335715,Second Class,Standard Class
IT-2011-1521406,Second Class,Second Class
IN-2013-60805,Second Class,Second Class
AO-2011-8260,Standard Class,Standard Class
CA-2013-109827,Standard Class,Standard Class
IN-2013-34940,Standard Class,Standard Class
ES-2011-4141275,Standard Class,Standard Class
CA-2013-111143,First Class,First Class
CA-2014-135279,First Class,First Class
CA-2014-121195,First Class,Standard Class
CG-2011-6540,Second Class,Second Class
IN-2014-71879,Standard Class,Standard Class
CA-2014-140676,First Class,Standard Class
ES-2011-5682053,Standard Class,Standard Class
ES-2014-4920624,Standard Class,Standard Class
CA-2011-115980,Standard Class,Standard Class
CA-2011-127691,Standard Class,Second Class
CA-2014-159667,Standard Class,Standard Class
IN-2014-32812,Standard Class,Standard Class
AG-2011-8390,Standard Class,Standard Class
ES-2013-4987230,Standard Class,First Class
ID-2013-47421,First Class,First Class
ES-2014-1338508,Second Class,Standard Class
CA-2011-168592,Standard Class,Standard Class
IN-2014-80615,Standard Class,Standard Class
CA-2014-150091,Standard Class,Same Day
ES-2013-5131191,Second Class,Standard Class
IN-2013-19568,Standard Class,Standard Class
HU-2013-4270,Standard Class,Standard Class
IN-2011-13723,First Class,Second Class
IN-2014-73594,Second Class,First Class
IN-2013-66272,First Class,Standard Class
CA-2013-106894,Same Day,First Class
IN-2012-83170,Second Class,Second Class
IT-2012-5301604,Standard Class,Standard Class
CA-2013-139409,First Class,First Class
ES-2011-4384804,Standard Class,Standard Class
CA-2011-119144,First Class,First Class
CA-2012-8480,Second Class,Standard Class
ID-2012-60980,Same Day,Standard Class
CG-2014-2000,Second Class,Standard Class
IN-2012-85935,Standard Class,Second Class
CA-2012-169299,First Class,First Class
ID-2011-65152,Standard Class,Second Class
ES-2011-3081212,Standard Class,Standard Class
AO-2013-1640,Second Class,Same Day
IN-2014-52958,Standard Class,Standard Class
ID-2012-13058,Standard Class,Standard Class
IN-2012-60126,Second Class,Standard Class
IN-2011-15984,Same Day,Same Day
ES-2013-5588419,Second Class,Standard Class
ES-2011-1875818,Standard Class,Standard Class
ID-2014-72663,Second Class,Standard Class
ID-2012-58761,Standard Class,First Class
ES-2013-3967063,First Class,First Class
CA-2013-140382,Second Class,Standard Class
IT-2012-2794787,Second Class,Standard Class
CA-2012-163181,Standard Class,Standard Class
IR-2014-3680,First Class,Same Day
ID-2011-60882,Second Class,First Class
CA-2012-126725,Standard Class,First Class
ID-2014-74763,Standard Class,First Class
CA-2014-151911,Second Class,Second Class
ID-2014-64830,First Class,Second Class
CA-2012-116687,Standard Class,Standard Class
IN-2013-75106,Second Class,Standard Class
CA-2012-108588,Standard Class,Standard Class
ID-2012-37005,Standard Class,Standard Class
ES-2014-4634502,Second Class,First Class
CA-2012-115945,Standard Class,Standard Class
CA-2013-154508,Standard Class,Standard Class
ID-2013-23299,Standard Class,Standard Class
IN-2014-70465,Second Class,Standard Class
CA-2014-168942,Second Class,Standard Class
CA-2014-128944,Second Class,First Class
CA-2011-117464,Second Class,Second Class
ES-2013-3158080,Standard Class,Standard Class
IN-2014-32665,Standard Class,First Class
IN-2011-67021,Second Class,First Class
CA-2014-129378,First Class,First Class
CA-2012-157805,Standard Class,Standard Class
ES-2014-1879715,Second Class,Standard Class
CA-2011-151295,Standard Class,Standard Class
CA-2011-103807,Standard Class,Standard Class
ES-2014-5297792,Standard Class,Second Class
CA-2011-141726,First Class,First Class
ES-2014-3256320,Standard Class,Standard Class
ES-2013-1270183,Standard Class,Second Class
IN-2014-11763,First Class,Same Day
ID-2014-57627,Standard Class,Second Class
CA-2011-156993,Standard Class,Standard Class
CA-2014-133823,Same Day,First Class
IN-2014-29263,Standard Class,Second Class
ES-2013-2865002,Standard Class,Standard Class
CA-2014-125199,Standard Class,Standard Class
CA-2014-129833,Standard Class,Standard Class
ES-2012-4527901,Second Class,Second Class
CM-2011-1770,Same Day,Second Class
CA-2011-116904,Standard Class,Standard Class
ID-2013-38181,Standard Class,Standard Class
CA-2011-134572,Second Class,First Class
ID-2013-22725,Standard Class,Standard Class
ES-2011-4767717,First Class,Standard Class
ES-2014-5727003,Standard Class,Standard Class
ID-2013-76709,Standard Class,Standard Class
ES-2011-3614277,Second Class,First Class
CA-2013-112578,Standard Class,Second Class
ES-2014-1856946,Standard Class,Standard Class
CA-2014-130631,Standard Class,Standard Class
BO-2012-5210,Standard Class,Standard Class
IN-2012-64893,Same Day,Standard Class
CA-2012-154900,Standard Class,Standard Class
CA-2012-123568,Standard Class,Standard Class
ES-2014-5629423,Second Class,Second Class
ES-2012-2137901,Second Class,Standard Class
IR-2014-6370,First Class,Standard Class
ES-2012-1298741,Standard Class,Standard Class
CA-2011-130092,First Class,Same Day
CA-2013-139934,First Class,First Class
CG-2013-8390,Standard Class,Standard Class
CA-2013-134362,First Class,Standard Class
IN-2011-48506,First Class,Standard Class
CM-2014-3130,Standard Class,Standard Class
ES-2014-5077395,First Class,Same Day
CA-2012-157322,Standard Class,Standard Class
ES-2011-2566881,Same Day,First Class
ID-2011-43347,Standard Class,Second Class
CA-2011-146731,Standard Class,Standard Class
IN-2011-15599,Standard Class,Standard Class
ES-2011-2592061,Standard Class,Standard Class
ID-2012-10230,First Class,First Class
IN-2011-30733,Second Class,First Class
ES-2011-3136087,Standard Class,Standard Class
IN-2014-68218,Standard Class,Second Class
ES-2011-4514717,Standard Class,Second Class
EG-2012-8380,Standard Class,Standard Class
AG-2013-4150,Second Class,First Class
CA-2014-110443,Standard Class,Standard Class
ES-2012-1944737,Second Class,Second Class
IT-2011-3157915,Second Class,First Class
EG-2013-4270,Same Day,First Class
CA-2014-159506,Standard Class,Standard Class
ID-2013-79117,Second Class,Standard Class
ES-2014-5124272,Standard Class,Standard Class
CA-2012-120845,Standard Class,Standard Class
IN-2013-27296,Standard Class,Second Class
ID-2014-16173,Standard Class,Standard Class
CA-2013-109344,Second Class,Standard Class
IR-2014-720,Standard Class,Standard Class
CA-2011-117016,Standard Class,Standard Class
AG-2012-8660,Standard Class,Standard Class
IN-2013-44075,Standard Class,Standard Class
ES-2012-4379168,Standard Class,Standard Class
ID-2014-34814,First Class,Standard Class
ES-2013-5957121,First Class,Standard Class
CA-2014-155712,Standard Class,Standard Class
ES-2013-5504883,Standard Class,Standard Class
ES-2014-4710352,First Class,Same Day
IN-2014-41275,First Class,First Class
ID-2013-40694,Standard Class,Standard Class
CA-2011-127383,Standard Class,Standard Class
ES-2011-3109529,Second Class,Second Class
IN-2012-74000,Standard Class,Second Class
IN-2013-65950,Standard Class,Standard Class
CA-2011-115889,Standard Class,Second Class
GH-2014-8050,Second Class,First Class
IN-2014-51635,Same Day,First Class
IN-2013-76828,Standard Class,Standard Class
ES-2013-4735127,Second Class,Same Day
ID-2014-65754,Standard Class,Standard Class
IT-2012-4831874,Standard Class,Standard Class
CA-2013-103163,Standard Class,Standard Class
CA-2011-156790,Second Class,Second Class
ES-2011-4993245,Standard Class,Standard Class
CA-2012-125934,Standard Class,Standard Class
IN-2011-61302,First Class,Same Day
ES-2013-4569090,Standard Class,Standard Class
IN-2014-49549,Standard Class,Standard Class
CG-2013-8500,Standard Class,Standard Class
IN-2014-59426,Same Day,First Class
ES-2014-1026046,Standard Class,Standard Class
ES-2012-3034225,Same Day,First Class
ID-2014-13135,Standard Class,Standard Class
IT-2011-5027623,First Class,Standard Class
ES-2013-4933394,Standard Class,Standard Class
CA-2014-117023,Standard Class,Standard Class
IN-2013-19176,Standard Class,Standard Class
IN-2012-69072,Standard Class,Standard Class
ID-2012-69975,Standard Class,Standard Class
IN-2011-46504,Second Class,Standard Class
CA-2014-9470,Second Class,Second Class
CA-2014-101805,Standard Class,Second Class
ES-2012-3603495,Standard Class,Second Class
ES-2014-3066003,Standard Class,Standard Class
IT-2011-5495847,Standard Class,Standard Class
CA-2011-124807,Second Class,First Class
IN-2014-75204,First Class,Same Day
CA-2013-132997,First Class,Standard Class
CA-2014-106824,Standard Class,Standard Class
CA-2013-142762,Standard Class,Standard Class
IN-2013-57865,Standard Class,Standard Class
CA-2013-150350,Standard Class,Standard Class
IN-2013-41975,Same Day,Second Class
CA-2012-118871,Second Class,Second Class
IN-2014-68855,Standard Class,Standard Class
CA-2012-120880,Standard Class,Standard Class
ES-2013-3711605,First Class,Standard Class
IN-2014-66797,Standard Class,Standard Class
ES-2012-2196248,Second Class,Standard Class
IT-2012-2429268,Second Class,Standard Class
CA-2014-120936,Standard Class,Second Class
ES-2014-1429134,Standard Class,Standard Class
ID-2013-28605,Second Class,First Class
IN-2013-33169,Standard Class,Second Class
ES-2013-5408659,Standard Class,Standard Class
IN-2014-48625,Standard Class,Standard Class
IN-2012-21493,Standard Class,Standard Class
ES-2011-4587082,Standard Class,Standard Class
IN-2012-63500,Standard Class,Standard Class
CA-2011-125556,Second Class,First Class
IN-2014-64396,Standard Class,Standard Class
ES-2012-4135180,Standard Class,Standard Class
BU-2013-2970,Standard Class,Standard Class
ES-2012-2456263,Standard Class,Standard Class
ID-2014-34730,Standard Class,Standard Class
IN-2014-18784,Standard Class,Second Class
IN-2012-40148,Standard Class,Standard Class
ES-2012-3412393,Standard Class,Standard Class
IR-2011-1690,Standard Class,Standard Class
ES-2012-5994251,Second Class,First Class
IN-2014-39168,Standard Class,Standard Class
IN-2011-10286,First Class,First Class
CA-2014-152702,Standard Class,Standard Class
IN-2011-60511,Standard Class,Standard Class
ES-2013-2318967,Standard Class,Standard Class
ID-2014-85228,Second Class,Standard Class
ES-2012-3247635,Standard Class,Standard Class
CA-2011-144666,Second Class,First Class
CA-2014-167871,Standard Class,Standard Class
CA-2011-124079,Standard Class,Standard Class
ID-2011-30922,Standard Class,Standard Class
EG-2013-2060,Standard Class,Standard Class
ID-2011-41583,Standard Class,Standard Class
CA-2013-5310,First Class,Same Day
IN-2014-79173,Second Class,Standard Class
ES-2011-2950882,Standard Class,First Class
ES-2012-4122602,Same Day,Standard Class
ES-2014-3954413,Standard Class,Standard Class
CA-2013-154067,Standard Class,Standard Class
IN-2014-17972,First Class,First Class
EZ-2012-2990,Standard Class,Standard Class
IN-2013-57284,First Class,Standard Class
CA-2013-142335,Standard Class,First Class
CA-2011-101476,First Class,Standard Class
EG-2014-150,Standard Class,Standard Class
ES-2014-4940256,Standard Class,Standard Class
IN-2011-56766,Standard Class,Same Day
ID-2014-85438,Standard Class,Second Class
ES-2013-1990428,Standard Class,Standard Class
IN-2013-74329,Standard Class,Second Class
ID-2012-24251,Standard Class,Standard Class
ID-2013-48856,Standard Class,Standard Class
ID-2014-24538,Second Class,First Class
CA-2014-108035,Standard Class,Standard Class
CA-2011-157924,First Class,First Class
IT-2011-3745230,Second Class,First Class
CA-2012-119634,Standard Class,Standard Class
CA-2014-108749,First Class,Standard Class
CA-2014-132339,Standard Class,Standard Class
IN-2014-76114,Same Day,First Class
CA-2011-106803,Standard Class,Standard Class
CA-2011-128062,Second Class,First Class
IN-2014-45174,Standard Class,Standard Class
EG-2012-8860,Second Class,Second Class
AG-2011-3130,Standard Class,Standard Class
IN-2013-78970,Standard Class,Standard Class
CA-2012-162537,Standard Class,Standard Class
CA-2013-158617,Standard Class,Standard Class
ID-2014-42717,Standard Class,Standard Class
IN-2013-62898,Second Class,Same Day
ES-2013-1299121,Same Day,Standard Class
IS-2011-7290,Standard Class,Standard Class
CA-2013-123806,Second Class,Second Class
ID-2012-53959,Standard Class,First Class
CA-2013-128811,Standard Class,Standard Class
CA-2013-159940,Second Class,Second Class
CA-2014-113705,Second Class,First Class
IN-2013-53056,Second Class,Second Class
ES-2013-2229883,Standard Class,Standard Class
CA-2014-108112,Standard Class,Standard Class
IT-2011-3270900,First Class,Second Class
ID-2014-68505,Standard Class,Standard Class
ES-2012-5183060,First Class,First Class
CG-2012-5870,Second Class,Standard Class
CA-2013-146423,Same Day,Standard Class
ES-2013-2645491,Standard Class,Standard Class
IR-2014-6100,Second Class,Standard Class
CA-2012-110877,First Class,First Class
CA-2014-103352,Second Class,Standard Class
IN-2013-44187,First Class,Standard Class
ID-2011-43102,First Class,First Class
ES-2012-5514830,Standard Class,Standard Class
ID-2014-13940,Second Class,Standard Class
CA-2012-144274,Second Class,Second Class
IN-2011-81826,First Class,Same Day
ID-2014-80118,Standard Class,Standard Class
ES-2012-5581627,Second Class,Standard Class
ID-2011-54176,Standard Class,Standard Class
CA-2011-103492,Standard Class,Standard Class
ID-2014-53623,Standard Class,Standard Class
ES-2014-3808861,Second Class,First Class
EG-2011-6510,Standard Class,Standard Class
ES-2011-4852530,Standard Class,Second Class
IN-2012-58859,Standard Class,Second Class
IN-2011-63073,First Class,Second Class
ES-2012-5972682,Second Class,Same Day
IN-2014-44110,Same Day,First Class
CA-2014-100524,Second Class,First Class
ES-2012-1441306,First Class,Same Day
CA-2014-166093,Standard Class,Standard Class
IN-2014-29256,Second Class,Standard Class
ID-2012-53301,Standard Class,Standard Class
CA-2012-111514,First Class,First Class
IN-2014-22767,Standard Class,Standard Class
IN-2011-45048,Standard Class,Standard Class
CA-2014-109099,Standard Class,Standard Class
IT-2011-3977380,Standard Class,Standard Class
GH-2011-8290,Standard Class,Second Class
ID-2013-77402,Standard Class,Standard Class
ES-2012-2930191,Standard Class,First Class
CA-2011-103331,Standard Class,Standard Class
ID-2014-41597,Second Class,Second Class
CA-2014-151799,Standard Class,Second Class
ES-2013-2364306,Standard Class,Standard Class
CA-2014-1450,First Class,First Class
IN-2011-17594,Second Class,Second Class
CA-2012-142454,Standard Class,Standard Class
IN-2013-25042,Standard Class,Standard Class
CA-2014-123239,Second Class,Standard Class
IN-2014-63059,Standard Class,Standard Class
ID-2013-22459,Standard Class,Standard Class
ES-2013-1534120,Standard Class,Standard Class
ID-2013-57473,Standard Class,Standard Class
CA-2012-142377,Standard Class,Standard Class
IN-2012-54358,Second Class,Second Class
ES-2014-4403671,Second Class,Standard Class
IN-2012-63759,Standard Class,Standard Class
CA-2014-165323,Standard Class,Standard Class
IN-2012-45979,Standard Class,Second Class
IR-2011-7540,Standard Class,First Class
CA-2014-101273,Second Class,First Class
IT-2011-4685233,Standard Class,Second Class
ES-2011-5239101,Standard Class,Standard Class
IN-2012-27583,Standard Class,Standard Class
IN-2014-42801,Standard Class,Second Class
CA-2012-490,Standard Class,Second Class
ES-2014-4251554,Standard Class,Standard Class
ES-2013-5226305,Standard Class,Standard Class
CA-2014-132213,First Class,Standard Class
IN-2014-23754,Standard Class,Standard Class
ID-2013-23355,Second Class,Second Class
CA-2014-108441,Standard Class,Second Class
CA-2012-137708,Second Class,Second Class
ES-2014-1995148,Standard Class,Standard Class
IN-2011-48107,Standard Class,Standard Class
CA-2013-105732,Standard Class,Standard Class
CA-2014-154123,Standard Class,Standard Class
CA-2013-124100,Standard Class,Standard Class
IN-2013-30257,Standard Class,Standard Class
ID-2012-12519,First Class,Second Class
IN-2012-44180,Standard Class,Standard Class
CA-2013-128111,Standard Class,Standard Class
CA-2013-145303,First Class,First Class
CA-2012-128608,Standard Class,Second Class
IN-2012-63080,Standard Class,Standard Class
ID-2014-64914,First Class,Standard Class
CA-2014-132934,Standard Class,Standard Class
CA-2011-140004,Standard Class,Standard Class
IN-2012-59916,Standard Class,Standard Class
ES-2012-2268382,Standard Class,Standard Class
CA-2013-112256,Standard Class,Standard Class
ES-2013-5820516,Second Class,Second Class
CA-2012-164336,Standard Class,Standard Class
ES-2014-1136241,Standard Class,Standard Class
ES-2014-5054547,Second Class,Standard Class
IN-2013-72754,Standard Class,Standard Class
IN-2011-74490,First Class,Standard Class
CM-2014-4270,Second Class,Second Class
CA-2011-103849,Standard Class,Standard Class
ES-2014-2024223,First Class,First Class
CA-2013-101791,Standard Class,Standard Class
ES-2011-1244060,Standard Class,Standard Class
CA-2012-2910,Standard Class,Standard Class
ES-2013-5746961,Standard Class,Standard Class
CA-2012-119627,Standard Class,Standard Class
ES-2011-2886437,First Class,Standard Class
ES-2013-1777286,First Class,Second Class
IN-2012-19995,Standard Class,Standard Class
ES-2012-5923089,Standard Class,Standard Class
CA-2014-128370,Same Day,Second Class
IN-2014-66062,Standard Class,Standard Class
IT-2012-2122628,Standard Class,Standard Class
CA-2012-147879,Standard Class,Standard Class
IN-2014-15011,Standard Class,Standard Class
CA-2014-132738,First Class,First Class
ID-2013-79201,Second Class,Standard Class
IT-2012-2637730,Standard Class,Standard Class
CA-2014-127474,Second Class,Same Day
AO-2013-2230,Standard Class,Second Class
CA-2014-169005,Standard Class,Standard Class
CA-2011-145254,Standard Class,Standard Class
ID-2014-31517,Standard Class,Standard Class
CA-2013-123120,Standard Class,Standard Class
ES-2012-5522696,First Class,First Class
CA-2011-120278,Standard Class,Standard Class
IT-2011-2558119,Standard Class,Second Class
CA-2011-125731,Standard Class,Standard Class
CA-2012-127509,Standard Class,Standard Class
ES-2012-3433124,Standard Class,Standard Class
CA-2013-111794,Same Day,Same Day
CA-2014-122007,Second Class,Standard Class
IN-2011-62737,Standard Class,Standard Class
CA-2012-137603,Standard Class,Standard Class
IN-2011-27821,Standard Class,Standard Class
ES-2013-4420927,Standard Class,Standard Class
ES-2014-1161715,Standard Class,Standard Class
IT-2011-2226067,Second Class,Second Class
IN-2011-76842,Standard Class,Standard Class
ES-2012-4621754,Standard Class,Second Class
IR-2013-6870,Standard Class,Standard Class
IN-2011-22396,First Class,First Class
IN-2013-24300,Standard Class,Standard Class
CA-2012-156146,Second Class,Second Class
CA-2013-165848,Same Day,Standard Class
ES-2014-1324878,Standard Class,Second Class
CA-2013-147578,Second Class,Second Class
IN-2014-64501,Standard Class,Standard Class
ID-2013-45223,Standard Class,Standard Class
ES-2013-1353166,Standard Class,Standard Class
IN-2013-75477,Standard Class,Standard Class
IN-2013-54162,Standard Class,Standard Class
ES-2012-4072999,First Class,First Class
CA-2013-115917,Standard Class,Standard Class
IN-2013-20548,Standard Class,Standard Class
IN-2012-84955,Second Class,Second Class
CA-2013-133697,Second Class,Standard Class
HR-2011-3540,Standard Class,Standard Class
IN-2013-10615,First Class,First Class
ID-2013-63087,Second Class,Second Class
CA-2013-100041,Standard Class,Standard Class
ES-2014-4098716,Standard Class,Standard Class
IT-2011-4599620,Second Class,Standard Class
ES-2012-4574908,Same Day,Standard Class
CA-2013-100244,Standard Class,Standard Class
IN-2013-12036,Standard Class,Standard Class
ES-2011-4093113,First Class,First Class
HU-2011-1380,Same Day,Second Class
CA-2014-144596,Standard Class,Second Class
IN-2012-49731,Standard Class,Standard Class
IT-2012-2565333,Second Class,Standard Class
ES-2013-1185240,Standard Class,Standard Class
IN-2014-23649,Standard Class,Standard Class
CA-2011-119529,Second Class,Second Class
ID-2013-19960,Second Class,Standard Class
CA-2012-4560,First Class,First Class
ES-2014-3967982,Standard Class,Second Class
ES-2011-3729382,Second Class,First Class
CA-2012-117828,First Class,Second Class
CA-2014-121300,Same Day,Same Day
ES-2012-2368795,Standard Class,Standard Class
CA-2011-118192,Standard Class,Standard Class
IN-2014-17244,Standard Class,Standard Class
ID-2012-80181,Second Class,Standard Class
ES-2011-5861038,Standard Class,Second Class
IN-2014-27954,Standard Class,Standard Class
ES-2011-1770042,Standard Class,Standard Class
IN-2014-48359,Same Day,Same Day
IN-2014-25917,Standard Class,Standard Class
ES-2014-4554406,Standard Class,Standard Class
IN-2014-33834,First Class,First Class
CA-2013-3830,Standard Class,Standard Class
ES-2012-3552576,Standard Class,Second Class
ES-2013-1608190,Standard Class,Standard Class
CA-2013-157588,Standard Class,Standard Class
IN-2014-34786,Standard Class,Standard Class
CA-2011-101833,Second Class,Standard Class
ES-2012-1360211,Standard Class,Standard Class
CA-2013-111976,Standard Class,Standard Class
IN-2014-71256,Second Class,Standard Class
EG-2012-8380,Standard Class,Standard Class
CA-2013-103947,Standard Class,Standard Class
CA-2014-145702,Second Class,Standard Class
CA-2014-144638,Standard Class,Standard Class
IN-2012-53434,First Class,Second Class
ES-2014-2943839,Second Class,First Class
ES-2011-2258386,Second Class,Second Class
CA-2011-113320,Second Class,Standard Class
CA-2013-145842,Second Class,First Class
CA-2012-117898,Standard Class,Standard Class
CA-2012-108665,Standard Class,Second Class
IN-2012-65880,Standard Class,Standard Class
ES-2014-1029595,Standard Class,Standard Class
CA-2013-145583,Standard Class,Standard Class
IR-2013-8790,Standard Class,Standard Class
CA-2011-139892,Standard Class,Standard Class
AO-2011-7110,Standard Class,Standard Class
CA-2012-134719,Standard Class,Standard Class
IR-2013-6970,Standard Class,Standard Class
IN-2012-68918,Standard Class,Standard Class
CA-2013-103359,Standard Class,Second Class
GH-2014-1660,Standard Class,Standard Class
CA-2014-163405,Standard Class,Standard Class
IN-2013-69387,First Class,Standard Class
IT-2012-5373697,Standard Class,Standard Class
ES-2011-1653919,Standard Class,Standard Class
CA-2013-119186,Same Day,Same Day
ID-2013-62177,Standard Class,Standard Class
IR-2011-6620,First Class,Second Class
ES-2014-3280029,Same Day,First Class
IN-2012-40029,Standard Class,Standard Class
ID-2014-18147,First Class,Standard Class
CA-2013-145177,Standard Class,Standard Class
IR-2014-7720,Standard Class,Second Class
ES-2014-1992981,Standard Class,Standard Class
ES-2011-5276461,Standard Class,Standard Class
CA-2014-106068,Standard Class,Standard Class
ES-2014-4223822,Second Class,Same Day
IN-2012-53042,Second Class,Standard Class
ES-2013-2048769,Second Class,Second Class
ID-2012-25567,Second Class,Second Class
CA-2013-129280,First Class,Second Class
CA-2011-103989,First Class,First Class
ES-2012-1845274,Standard Class,Standard Class
CG-2013-2860,Second Class,Second Class
CA-2011-124023,First Class,Standard Class
IN-2013-51502,Standard Class,Standard Class
ID-2013-47169,Standard Class,Second Class
IN-2012-45608,Standard Class,Standard Class
CA-2013-122014,Standard Class,Standard Class
ID-2014-33148,Second Class,Standard Class
CA-2014-131828,Second Class,Second Class
CG-2011-3680,Standard Class,Second Class
CA-2012-140718,First Class,First Class
CA-2014-144113,Standard Class,Same Day
ES-2014-5314666,Standard Class,Standard Class
ES-2011-5227949,Standard Class,Standard Class
IN-2012-35850,First Class,Standard Class
ES-2013-1211534,First Class,Second Class
IR-2014-4680,Standard Class,Standard Class
ID-2012-75925,Standard Class,Standard Class
CA-2014-137428,Second Class,Standard Class
IN-2012-77724,Standard Class,First Class
ES-2011-5335946,Standard Class,Standard Class
CA-2013-166163,Second Class,Standard Class
IS-2012-2100,Standard Class,Standard Class
IN-2014-15725,Standard Class,Standard Class
CA-2012-164882,Same Day,First Class
CA-2012-132906,Standard Class,Second Class
ES-2014-2794530,Second Class,First Class
ES-2013-2979822,Standard Class,Standard Class
CA-2014-5120,Second Class,Second Class
ES-2014-2116393,Second Class,First Class
CA-2013-131499,First Class,First Class
IN-2013-39686,Second Class,Same Day
IN-2011-27968,Standard Class,Standard Class
IN-2014-79278,Same Day,First Class
CA-2012-158421,Standard Class,Standard Class
ID-2012-60938,First Class,First Class
CA-2014-121125,Standard Class,Standard Class
ES-2013-3159008,Standard Class,Same Day
ID-2013-36501,Standard Class,Standard Class
IN-2012-57823,Standard Class,Second Class
ES-2012-1927421,Standard Class,Standard Class
CA-2012-164882,Same Day,First Class
IN-2014-48086,First Class,Standard Class
IN-2013-44460,First Class,Second Class
ID-2013-29144,First Class,Second Class
ES-2011-2257437,Standard Class,Standard Class
IN-2013-34471,Standard Class,Standard Class
IN-2014-75267,Second Class,Second Class
CA-2011-134278,First Class,Standard Class
IN-2012-42668,Second Class,Standard Class
CA-2014-166317,Standard Class,Standard Class
ES-2014-3712711,Second Class,Standard Class
ES-2012-4128168,Second Class,Standard Class
IN-2012-36487,Standard Class,Standard Class
EG-2012-9990,First Class,Second Class
ES-2013-2898079,Standard Class,Standard Class
ES-2013-1756896,Standard Class,Standard Class
ID-2013-64284,Standard Class,Standard Class
CA-2011-114510,Standard Class,Standard Class
IN-2012-80391,First Class,Second Class
CA-2012-105221,First Class,Same Day
ID-2014-63955,Standard Class,Standard Class
CA-2011-168130,Same Day,Standard Class
ES-2011-2337809,Standard Class,Second Class
IN-2012-48744,Standard Class,Standard Class
ID-2013-22725,Standard Class,Standard Class
IN-2011-67637,Standard Class,Standard Class
ES-2013-2757712,Second Class,Standard Class
ID-2011-43977,Standard Class,First Class
ID-2013-80622,Second Class,Standard Class
IN-2012-12981,Standard Class,Standard Class
IN-2013-73881,Standard Class,Standard Class
CA-2011-111003,Standard Class,Standard Class
ES-2011-1712442,Standard Class,Standard Class
CA-2014-118542,Standard Class,Standard Class
IT-2011-3183678,First Class,First Class
ES-2011-3421954,Standard Class,Standard Class
IN-2013-67070,Second Class,Standard Class
ID-2011-53154,Second Class,Same Day
CA-2014-121503,Second Class,Standard Class
ID-2013-13086,Standard Class,Standard Class
IN-2012-28493,Standard Class,Standard Class
CA-2011-107454,Standard Class,Standard Class
CA-2014-131282,Second Class,Second Class
ES-2014-5075420,Standard Class,Standard Class
ES-2014-4039189,Second Class,Standard Class
CA-2011-156433,Standard Class,Standard Class
CA-2014-100097,Second Class,Second Class
IN-2011-60917,Standard Class,Second Class
BK-2012-7820,Standard Class,Same Day
ID-2011-41863,Second Class,Standard Class
IN-2012-31405,Second Class,Standard Class
IN-2014-83919,Standard Class,Second Class
CA-2012-165624,Standard Class,Standard Class
AG-2013-8490,Second Class,Standard Class
ID-2014-85949,Second Class,Standard Class
CA-2011-162775,Second Class,First Class
IN-2013-37810,Standard Class,Standard Class
EG-2014-1610,First Class,Standard Class
AG-2011-9890,Standard Class,Standard Class
CA-2014-129567,Second Class,Second Class
IN-2014-76044,Standard Class,Standard Class
ES-2014-2388184,Second Class,Second Class
CA-2013-119018,Standard Class,First Class
ES-2012-5259635,Second Class,Standard Class
CA-2011-164721,Second Class,Standard Class
ID-2014-82309,Standard Class,Standard Class
CA-2014-161970,Standard Class,Standard Class
IN-2014-38531,Second Class,Standard Class
ES-2014-2175949,Standard Class,Standard Class
ES-2013-5150619,First Class,First Class
ES-2014-2189069,Same Day,First Class
ES-2013-1398212,Standard Class,Standard Class
CM-2013-9580,Standard Class,Standard Class
IT-2012-1779015,Same Day,Second Class
CA-2012-112319,Standard Class,Second Class
ID-2014-37250,Standard Class,Standard Class
ID-2012-14262,Second Class,First Class
CA-2014-128944,Second Class,Second Class
CA-2013-156265,Second Class,First Class
ES-2014-2623115,Standard Class,Standard Class
CA-2014-130841,Standard Class,Second Class
CA-2011-122588,Second Class,Second Class
IN-2014-58831,Second Class,Second Class
CA-2011-153969,Standard Class,Second Class
ES-2013-2701752,Standard Class,Standard Class
ID-2012-25217,Standard Class,Standard Class
ES-2014-2979530,Standard Class,Standard Class
IN-2013-31447,Standard Class,Second Class
IN-2014-72054,Standard Class,Second Class
CA-2012-166583,Standard Class,Standard Class
BO-2013-3910,Second Class,Standard Class
ES-2014-2571250,Standard Class,Standard Class
AU-2011-9050,Standard Class,Second Class
IN-2013-35878,Standard Class,Standard Class
IN-2013-11189,Standard Class,Second Class
CA-2014-134915,Same Day,First Class
CA-2013-152730,Standard Class,Standard Class
ES-2012-1705014,Second Class,First Class
CA-2014-115651,First Class,Same Day
ES-2012-4656026,Standard Class,Standard Class
CA-2012-113901,Standard Class,Standard Class
AU-2014-3670,Standard Class,Standard Class
ID-2011-67301,Standard Class,Standard Class
ES-2014-4937476,Second Class,Standard Class
ES-2013-4213066,Standard Class,Standard Class
ES-2014-3223979,Standard Class,Standard Class
IN-2014-76058,First Class,Second Class
ES-2014-1972860,Standard Class,Standard Class
IT-2011-4264595,Standard Class,Standard Class
IN-2012-12981,Standard Class,Standard Class
IR-2013-9110,Second Class,Standard Class
IT-2012-4367428,Second Class,Second Class
IN-2013-86824,Same Day,Second Class
CA-2014-121398,Standard Class,Standard Class
IT-2012-2539640,Standard Class,Standard Class
IR-2014-7190,Standard Class,Standard Class
CA-2013-121223,Second Class,Same Day
CA-2012-109470,Second Class,Standard Class
EG-2012-9990,First Class,Same Day
ID-2014-72663,Second Class,First Class
ID-2013-32686,Standard Class,Standard Class
IN-2014-33792,Standard Class,Standard Class
IN-2013-33302,Same Day,Second Class
IN-2013-62443,Standard Class,Standard Class
CA-2014-155152,Second Class,Standard Class
ES-2013-2509119,First Class,Standard Class
CA-2013-8350,Second Class,Second Class
CG-2012-8980,Standard Class,Second Class
IN-2014-35213,First Class,Second Class
IN-2013-25861,Standard Class,Standard Class
IN-2014-34576,Second Class,Second Class
IN-2011-28143,Standard Class,Standard Class
ES-2014-2978156,Standard Class,Standard Class
IN-2012-27597,Standard Class,Standard Class
CA-2014-100202,Standard Class,Standard Class
ID-2013-78144,Standard Class,Standard Class
CA-2013-161907,Standard Class,Standard Class
CA-2013-101987,Standard Class,Standard Class
IT-2012-4143231,Standard Class,Standard Class
IN-2011-12967,Standard Class,Standard Class
IN-2011-42892,Second Class,Standard Class
ES-2012-1691714,Standard Class,Same Day
ES-2012-2922477,Standard Class,Standard Class
IN-2013-60308,First Class,First Class
ES-2014-5263546,Standard Class,Standard Class
CA-2012-157084,Standard Class,Standard Class
ES-2012-1484906,Second Class,Standard Class
IN-2013-62282,Standard Class,Standard Class
CM-2012-4180,First Class,Second Class
ES-2012-5436698,Same Day,First Class
IT-2012-1253234,Second Class,Second Class
ES-2012-5669824,Standard Class,Standard Class
CG-2013-490,Standard Class,Standard Class
CA-2014-148992,Standard Class,Standard Class
CA-2014-154109,Standard Class,Standard Class
IN-2013-79929,Standard Class,Standard Class
CA-2012-161263,Standard Class,Standard Class
ES-2014-1436831,Standard Class,Standard Class
ES-2013-3286671,Standard Class,Second Class
CA-2012-161718,Standard Class,Standard Class
IN-2013-63633,Standard Class,Standard Class
IR-2014-5640,Standard Class,Standard Class
CA-2014-104745,Standard Class,Standard Class
IT-2011-5078476,Standard Class,Standard Class
IT-2011-1978668,Second Class,Standard Class
CG-2013-4000,Second Class,Standard Class
ES-2014-5274666,Standard Class,Standard Class
IN-2013-77010,Second Class,First Class
CA-2013-144092,Second Class,First Class
ES-2012-5833893,Standard Class,Standard Class
IT-2012-2494521,Standard Class,Standard Class
ES-2012-1956205,Standard Class,Standard Class
IN-2012-15039,First Class,Second Class
ID-2013-40351,First Class,Standard Class
ID-2014-31468,Standard Class,Standard Class
CA-2012-137897,Standard Class,Standard Class
CA-2012-160696,Standard Class,Standard Class
IN-2014-19911,First Class,First Class
ES-2011-2314308,First Class,Second Class
ID-2014-76009,Standard Class,Standard Class
CA-2014-105410,First Class,Standard Class
IN-2013-50536,Standard Class,Standard Class
BO-2013-1280,Standard Class,Standard Class
ID-2012-83030,Standard Class,First Class
CA-2012-132626,Standard Class,Standard Class
CA-2012-129917,First Class,Standard Class
IN-2014-19673,Second Class,Second Class
ES-2012-4101342,Standard Class,Second Class
IN-2013-17699,Standard Class,Standard Class
IN-2012-20149,Standard Class,Standard Class
CA-2012-110016,Standard Class,Second Class
IN-2013-62898,Second Class,Second Class
ES-2012-3676966,Standard Class,Standard Class
IN-2012-40820,Standard Class,Standard Class
ES-2014-1872015,Second Class,Standard Class
IN-2012-11749,First Class,Standard Class
IN-2014-74847,Second Class,First Class
EG-2013-6390,Standard Class,Standard Class
IT-2011-2516674,Standard Class,Second Class
CA-2014-145233,Standard Class,Standard Class
ES-2012-2926191,Second Class,First Class
ID-2014-74238,First Class,First Class
ES-2013-3845157,Second Class,Standard Class
CM-2012-6780,Standard Class,Standard Class
ID-2012-39224,Standard Class,First Class
IN-2013-83632,Standard Class,Standard Class
CA-2011-148488,Standard Class,Standard Class
CA-2012-141327,First Class,First Class
ES-2013-1534120,Standard Class,Standard Class
CG-2012-8000,Second Class,Second Class
ID-2013-20471,First Class,First Class
IN-2013-55576,Standard Class,Standard Class
IR-2012-9800,Standard Class,Standard Class
ES-2014-1703772,Standard Class,Standard Class
CA-2012-151785,Standard Class,Standard Class
ES-2012-3290251,First Class,Second Class
ES-2012-4802903,First Class,First Class
IN-2011-25588,Standard Class,Standard Class
CM-2012-6440,First Class,First Class
IT-2011-3203475,Standard Class,Standard Class
ID-2012-82925,Standard Class,Second Class
ES-2013-5912307,Standard Class,First Class
IN-2014-74406,Standard Class,Standard Class
ES-2012-2374376,First Class,Second Class
CA-2012-124107,Second Class,First Class
ID-2012-21787,Standard Class,First Class
IN-2014-10223,Standard Class,Second Class
IR-2012-660,First Class,Second Class
CA-2011-133830,Standard Class,Standard Class
ID-2011-72096,Standard Class,First Class
ES-2013-2447615,Standard Class,Standard Class
ES-2012-5752326,Second Class,First Class
CA-2013-124562,Standard Class,Standard Class
IN-2014-34723,Standard Class,Standard Class
CA-2011-115812,Standard Class,Standard Class
ID-2012-65957,Standard Class,Standard Class
ID-2014-60665,Standard Class,First Class
ES-2011-5941122,Standard Class,Standard Class
IT-2012-4084224,Second Class,Standard Class
CA-2014-105480,Standard Class,Standard Class
ID-2014-56472,Standard Class,First Class
EG-2014-9960,Standard Class,Standard Class
ES-2013-2481532,Standard Class,Standard Class
ES-2011-3202814,Standard Class,Standard Class
IN-2013-16992,Second Class,Standard Class
CA-2013-145611,Standard Class,Second Class
CA-2013-113817,Standard Class,Same Day
ES-2013-3340197,Second Class,Second Class
CA-2012-111339,First Class,First Class
ES-2011-5953080,Standard Class,Standard Class
ES-2011-5793145,Standard Class,Standard Class
ES-2013-5131191,Second Class,Second Class
ES-2014-3079041,Standard Class,Standard Class
IR-2013-7570,Standard Class,Standard Class
ES-2012-5967582,First Class,Second Class
ID-2011-18056,Standard Class,Standard Class
CA-2014-143574,First Class,Standard Class
IN-2013-70178,Second Class,Standard Class
CA-2013-116561,Standard Class,Standard Class
IR-2014-5950,Standard Class,Standard Class
ES-2014-2105640,First Class,First Class
ES-2013-2354581,Second Class,Same Day
IN-2012-66447,Standard Class,Second Class
ES-2012-4319979,First Class,First Class
IN-2014-73916,Second Class,Second Class
IN-2014-17930,Standard Class,Standard Class
CA-2013-158841,Second Class,First Class
ID-2012-83898,Standard Class,Second Class
ID-2012-72544,First Class,Second Class
ID-2014-83324,First Class,First Class
EG-2012-6980,First Class,Second Class
IN-2012-33064,Standard Class,Standard Class
ES-2014-3730302,Second Class,Standard Class
IN-2013-20303,Standard Class,Standard Class
ES-2014-2991554,Standard Class,Standard Class
CA-2013-127670,Standard Class,Standard Class
IN-2011-76989,First Class,Standard Class
CA-2014-114412,Standard Class,Standard Class
IN-2014-12225,Same Day,Second Class
HU-2012-8780,Standard Class,Standard Class
ES-2011-2734651,First Class,Second Class
IN-2013-18105,First Class,Same Day
IN-2013-45720,Standard Class,Standard Class
IN-2014-49150,Standard Class,Standard Class
CA-2012-159779,Standard Class,Standard Class
IN-2011-22662,Second Class,Second Class
IN-2014-69205,Standard Class,Standard Class
ID-2011-42493,Standard Class,Standard Class
CA-2014-155873,Standard Class,Second Class
IN-2012-85361,Second Class,Standard Class
IN-2014-17104,Second Class,Standard Class
IR-2013-6180,Same Day,First Class
IN-2014-49549,Standard Class,Standard Class
IT-2011-4913414,Second Class,Standard Class
ID-2013-67539,Standard Class,Second Class
ID-2011-75652,Standard Class,Standard Class
ES-2014-5812283,Standard Class,Standard Class
IN-2011-81077,Standard Class,Second Class
CA-2014-116988,Second Class,Second Class
ES-2013-5885216,Standard Class,Standard Class
IN-2011-83877,Standard Class,Standard Class
HU-2013-3090,Standard Class,Standard Class
ES-2011-5649807,Standard Class,Standard Class
ES-2014-3995946,Same Day,First Class
ES-2012-2873417,Standard Class,Standard Class
IN-2014-23467,Same Day,First Class
CA-2013-121671,Standard Class,Standard Class
IN-2012-69072,Standard Class,Standard Class
CA-2013-142594,Second Class,Standard Class
IN-2014-38195,Standard Class,Standard Class
ES-2012-2522694,Standard Class,Standard Class
CA-2011-165309,Standard Class,Standard Class
CA-2012-130974,Second Class,First Class
ES-2012-3697227,Standard Class,Standard Class
ES-2012-4070273,Standard Class,Standard Class
ES-2014-5204081,Standard Class,Second Class
EG-2013-2420,Standard Class,Standard Class
CA-2012-127453,First Class,First Class
ES-2011-1273737,Standard Class,Standard Class
ID-2013-68841,Standard Class,Standard Class
ID-2013-48149,Standard Class,Standard Class
ES-2012-2000885,Standard Class,Standard Class
CA-2014-119011,Standard Class,Second Class
IN-2014-48611,Standard Class,Standard Class
IN-2011-26946,Standard Class,Standard Class
CA-2011-108861,Standard Class,Standard Class
CA-2011-5840,Standard Class,Standard Class
CA-2011-152618,First Class,First Class
IN-2014-68092,Same Day,Standard Class
CA-2013-134803,Standard Class,Standard Class
IN-2014-65502,Standard Class,Standard Class
ID-2013-74357,Standard Class,Standard Class
CF-2011-2380,Standard Class,Second Class
IT-2011-4378136,Standard Class,Standard Class
ES-2014-2280822,Second Class,Standard Class
CA-2014-148810,Standard Class,Standard Class
CA-2012-151869,Same Day,Standard Class
ID-2011-14220,Standard Class,Standard Class
CA-2013-130911,Second Class,Standard Class
IN-2014-70507,Standard Class,Standard Class
CA-2013-120005,Same Day,Standard Class
CA-2014-125640,Standard Class,First Class
ID-2014-59489,Standard Class,Standard Class
ES-2014-3035931,Standard Class,Standard Class
EG-2014-5490,Standard Class,Standard Class
ES-2011-2333773,Standard Class,Standard Class
ES-2013-3066853,Standard Class,First Class
CA-2014-142293,First Class,First Class
ES-2013-1222538,Standard Class,Standard Class
ES-2012-4572658,Standard Class,Standard Class
IN-2011-44901,First Class,Standard Class
CA-2011-142587,First Class,Second Class
AE-2014-3830,Standard Class,Standard Class
ES-2014-2603261,Standard Class,Standard Class
CA-2013-130820,Same Day,Second Class
ID-2013-60637,Standard Class,Standard Class
ID-2014-39525,Standard Class,Standard Class
IN-2012-72530,Standard Class,Standard Class
CA-2011-139598,Standard Class,First Class
AU-2014-1900,Second Class,Standard Class
IR-2012-7560,Standard Class,Standard Class
ES-2012-1404988,Standard Class,Standard Class
IN-2014-45755,Standard Class,Standard Class
ES-2014-3405449,Standard Class,Standard Class
CA-2014-158876,Second Class,Standard Class
EG-2013-1250,Second Class,Second Class
ES-2014-5160909,Standard Class,Standard Class
ES-2013-4250046,Second Class,Second Class
ES-2012-1881846,Standard Class,Standard Class
ES-2013-3792525,Standard Class,Standard Class
IN-2013-62205,First Class,Second Class
IN-2014-63647,First Class,First Class
CA-2011-164182,Standard Class,Standard Class
IN-2011-48863,Standard Class,Standard Class
CA-2013-1620,Standard Class,Standard Class
CA-2014-103968,Standard Class,Standard Class
IR-2013-6110,Second Class,Standard Class
ID-2014-33638,Standard Class,Standard Class
ES-2013-1484456,Standard Class,Standard Class
CA-2013-135776,Standard Class,Standard Class
IN-2011-67028,Standard Class,Standard Class
ID-2012-22550,Standard Class,Same Day
CA-2013-119018,Standard Class,Standard Class
ES-2012-3679676,Standard Class,First Class
IN-2014-33869,Standard Class,Standard Class
ES-2012-1431851,Standard Class,Standard Class
ES-2012-3954494,Same Day,First Class
ID-2014-29081,Standard Class,Standard Class
CA-2013-112389,Standard Class,Standard Class
ES-2013-1053198,First Class,Second Class
IN-2014-70507,Standard Class,Standard Class
ES-2011-4093113,First Class,First Class
ES-2013-3484925,Standard Class,Standard Class
IR-2013-3500,Second Class,Second Class
ES-2014-3782433,Second Class,Second Class
ES-2013-5413372,Standard Class,Standard Class
ID-2012-45363,Standard Class,Standard Class
ID-2014-10447,Second Class,Second Class
ES-2013-5762848,First Class,Standard Class
CA-2013-110898,Standard Class,Standard Class
ES-2014-2445609,Second Class,Standard Class
CA-2014-107825,Same Day,Same Day
IN-2014-54197,Standard Class,Second Class
IN-2014-42395,First Class,First Class
AG-2014-7770,Standard Class,Standard Class
ID-2011-28661,Second Class,Second Class
IN-2011-73335,First Class,First Class
IN-2013-70381,Standard Class,Standard Class
EG-2012-3660,Standard Class,Standard Class
ES-2012-3412393,Standard Class,Standard Class
ID-2013-15837,First Class,First Class
IN-2012-18518,Standard Class,Second Class
ES-2013-3223736,Standard Class,Standard Class
ID-2013-75869,Standard Class,Standard Class
ES-2014-1976630,Standard Class,Standard Class
IN-2012-86635,Second Class,Second Class
ID-2013-69534,Second Class,Standard Class
CA-2014-112753,Standard Class,Second Class
CA-2014-163321,Second Class,Second Class
IN-2012-44068,Second Class,First Class
IN-2012-24097,Standard Class,Standard Class
CA-2011-169019,Standard Class,Standard Class
IN-2012-74049,Standard Class,Standard Class
